t,magnitude,concentration,top_feature_share,abruptness,is_attack
2016-07-28 00:05:00,10.499188248131777,0.7961962871670927,0.031211570871931514,3.830487072652099,1
2016-07-28 00:10:00,12.839798777928142,0.8246671014774394,0.03682564118071191,9.89080793853697,1
2016-07-28 00:15:00,12.242385411343598,0.8325857493622394,0.03954223219073708,9.89080793853697,1
2016-07-28 00:20:00,10.412022998874953,0.8175724551883577,0.036582880948847,4.808064033780951,1
2016-07-28 00:25:00,11.495875548504062,0.8453044289948813,0.041768853562473326,5.077351911169933,1
2016-07-28 00:30:00,10.495798369903724,0.827066539858047,0.038529698279794605,5.077351911169933,1
2016-07-28 00:35:00,10.072662732058182,0.7728571210871011,0.03004018114756704,5.194590332549735,1
2016-07-28 00:40:00,15.299285446894814,0.7984591668495152,0.037744947077957586,22.21628645744973,1
2016-07-28 00:45:00,17.084000493393518,0.8070391180682157,0.03926496399926531,26.486272689378605,1
2016-07-28 00:50:00,25.472792666729532,0.7861758249936759,0.03357162619703898,64.36218525903956,1
2016-07-28 00:55:00,24.094083081290773,0.7892834554358381,0.0329703349997847,64.36218525903956,1
2016-07-28 01:00:00,11.147974799450983,0.7968145638992589,0.03401020156227581,3.3466596981026244,1
2016-07-28 01:05:00,11.810450253225596,0.808178689133069,0.035662267033799364,5.584273848714946,1
2016-07-28 01:10:00,12.054441181194965,0.7990097399733811,0.03314936622716761,5.584273848714946,1
2016-07-28 01:15:00,11.272923860975363,0.8008738505091142,0.033523855410432714,4.00199912641047,1
2016-07-28 01:20:00,11.04157336999197,0.8039981302192567,0.034214006780954855,4.00199912641047,1
2016-07-28 01:25:00,10.898364571729498,0.7873208846153363,0.031166489237248157,3.5906758542371113,1
2016-07-28 01:30:00,11.42445983501599,0.7754118480900903,0.029954105482469663,2.4132137667364035,1
2016-07-28 01:35:00,12.22430930506124,0.7695213434363388,0.03075353754381383,2.4828198481734813,1
2016-07-28 01:40:00,12.667391272317237,0.7745458640901197,0.0323377624588304,2.9653717083638753,1
2016-07-28 01:45:00,12.364770373726822,0.7662743697402009,0.030450940916078244,3.3079888584609574,1
2016-07-28 01:50:00,12.039505026991934,0.7410696941929962,0.026429307515399496,5.075974510070515,1
2016-07-28 01:55:00,12.63820427291341,0.7482854545694599,0.027431942811248493,5.075974510070515,1
2016-07-28 02:00:00,13.012775222906225,0.7492595029193767,0.027031275339376992,4.482531730124815,1
2016-07-28 02:05:00,13.384425960907754,0.7785678092355517,0.030786764441516058,3.6831460821697317,0
2016-07-28 02:10:00,12.732450007612414,0.7971921079542138,0.03287273111983002,3.6831460821697317,0
2016-07-28 02:15:00,11.156313751265225,0.7860708193662692,0.03203941129408977,3.201977413550524,0
2016-07-28 02:20:00,10.573183400340717,0.7691775196887,0.029135336895807495,3.201977413550524,0
2016-07-28 02:25:00,11.144535029679213,0.7410447689400705,0.024485290779970904,2.1873589752540012,0
2016-07-28 02:30:00,11.086996544726542,0.7469191589937663,0.026187561990565756,2.1873589752540012,0
2016-07-28 02:35:00,10.673681854872708,0.7487815926065744,0.027120884366071324,2.0387441370700903,0
2016-07-28 02:40:00,10.95081680064143,0.7449985776553698,0.025244843538818847,2.35192244673047,0
2016-07-28 02:45:00,11.005432118721789,0.7511105352930394,0.02552157910467858,2.35192244673047,0
2016-07-28 02:50:00,11.267744529670226,0.7487232835550067,0.025838987341972187,1.6508650218418985,0
2016-07-28 02:55:00,11.772623594128612,0.766308960017715,0.028665334104030733,2.9775264679290463,0
2016-07-28 03:00:00,10.981378378890975,0.7784223179394079,0.031166505905890894,2.9775264679290463,0
2016-07-28 03:05:00,10.147869603196245,0.7759706882576527,0.03154057921451289,2.351938863222158,0
2016-07-28 03:10:00,9.804315853576615,0.767039563970153,0.0303654246705595,1.903329618091324,0
2016-07-28 03:15:00,9.937529731758264,0.7634744539833086,0.029656255559383816,2.3505102448732798,0
2016-07-28 03:20:00,10.496670142635162,0.7587663867088781,0.02904172500096433,2.3505102448732798,0
2016-07-28 03:25:00,11.090950430450713,0.7675173618783302,0.030513015151610628,3.0931639568736906,0
2016-07-28 03:30:00,11.86516434771471,0.806457437453002,0.03677283526725193,3.6492139596747677,0
2016-07-28 03:35:00,11.662719199924123,0.7994398605912274,0.03557853404879583,3.6492139596747677,0
2016-07-28 03:40:00,10.927111654439878,0.7745721619684178,0.03135053299654851,1.665188181285713,0
2016-07-28 03:45:00,10.600938218818346,0.7688261708136083,0.030374812660880334,1.665188181285713,0
2016-07-28 03:50:00,10.853919653795794,0.7574328007565558,0.028400689571886954,1.630179291428243,0
2016-07-28 03:55:00,11.17416291573863,0.7594148602977289,0.02830452353354864,1.8825523276277072,0
2016-07-28 04:00:00,11.218547384107364,0.7818465135783522,0.030699994624448612,1.8825523276277072,0
2016-07-28 04:05:00,11.166488456745938,0.7654335445010821,0.02878178862281449,1.733519972314687,0
2016-07-28 04:10:00,10.937375286718119,0.7373322311417256,0.026356021031397246,2.13285762428117,0
2016-07-28 04:15:00,10.817521643540406,0.742046668205976,0.026866087204496902,2.13285762428117,0
2016-07-28 04:20:00,10.8974248287395,0.7321926581404472,0.02545772370378817,2.258654651926866,0
2016-07-28 04:25:00,11.301122049328836,0.7294957208214037,0.025178319314883946,2.258654651926866,0
2016-07-28 04:30:00,12.05376244401608,0.7616205555795001,0.029256488457532776,2.0320280204280348,0
2016-07-28 04:35:00,12.89098977111397,0.7720699654358176,0.029830385950886405,5.169963695677202,0
2016-07-28 04:40:00,12.76003258163141,0.7465907546095685,0.025547034721886568,5.169963695677202,0
2016-07-28 04:45:00,12.258706442987735,0.728848853022044,0.023674653215725917,1.8757755784268721,0
2016-07-28 04:50:00,12.17910407472519,0.7394983219845588,0.025864790244049484,3.3835901996701994,0
2016-07-28 04:55:00,12.365746506616304,0.7487953845453037,0.025903281707540464,3.3835901996701994,0
2016-07-28 05:00:00,12.174259670671633,0.7455057898539759,0.024914656425620622,2.6587248411677353,0
2016-07-28 05:05:00,11.995183324529282,0.7381657922350993,0.025030660825084698,2.1463600678869312,0
2016-07-28 05:10:00,12.637597303049954,0.7272380064039862,0.023674672243670387,2.1463600678869312,0
2016-07-28 05:15:00,13.154537024404656,0.7287109523607829,0.02322361834406897,3.353418034705582,0
2016-07-28 05:20:00,13.023921801060428,0.7313205379357774,0.023400285464715315,3.353418034705582,0
2016-07-28 05:25:00,12.567228354796407,0.7337621899110555,0.02378581245132832,2.246661999859712,0
2016-07-28 05:30:00,12.777049688534628,0.7596858504204016,0.03029648683881612,5.8296359554195885,0
2016-07-28 05:35:00,12.87742997044344,0.7708278536185267,0.03337567043157366,5.8296359554195885,0
2016-07-28 05:40:00,12.72993649516333,0.7457548892820136,0.026725548101761094,5.257532316468453,0
2016-07-28 05:45:00,12.678446217067643,0.7423844785586801,0.025025741102310713,1.7631154784743546,0
2016-07-28 05:50:00,12.728951910073485,0.745598030849355,0.02583882233860424,1.9219351463684393,0
2016-07-28 05:55:00,12.808059514306,0.7362904094050412,0.024371135693171987,1.9219351463684393,0
2016-07-28 06:00:00,12.302101952102783,0.7386511427192257,0.024861473696091974,3.5041004881245246,0
2016-07-28 06:05:00,12.046289488747536,0.7342859310905041,0.025278600549500853,3.5041004881245246,0
2016-07-28 06:10:00,12.377632878106521,0.7334315041129706,0.025354737678206972,1.8881526209458181,0
2016-07-28 06:15:00,12.66540352204067,0.7567046463460708,0.02795437269642433,3.7381819332785233,0
2016-07-28 06:20:00,12.942026010204302,0.7706622505398653,0.029773072003039646,3.7381819332785233,0
2016-07-28 06:25:00,12.019251572127994,0.7634131911980138,0.028640428266903308,3.9945771181571144,0
2016-07-28 06:30:00,11.556657429716623,0.7510265522145725,0.02691884002641945,3.9945771181571144,0
2016-07-28 06:35:00,12.344937168449217,0.7470338364644435,0.02638303702366678,1.8057465888325175,0
2016-07-28 06:40:00,12.456507603432629,0.7511929689737453,0.026324047002236988,2.5615579099249146,0
2016-07-28 06:45:00,12.379048010019998,0.7532726748657053,0.026663667667954805,2.5615579099249146,0
2016-07-28 06:50:00,12.20456194938081,0.757090041189868,0.02771071274965719,1.549978482216174,0
2016-07-28 06:55:00,12.267410504044504,0.7758443957349639,0.030511597820872115,1.6479100418031705,0
2016-07-28 07:00:00,12.059592858412113,0.7802424969469779,0.03053081150501989,2.075430975388142,0
2016-07-28 07:05:00,11.896709561820021,0.7758029850764192,0.029624174842153784,2.075430975388142,0
2016-07-28 07:10:00,11.994767716098854,0.7712639592523625,0.028785795231046844,3.4601678629696213,0
2016-07-28 07:15:00,12.122593630663108,0.7849841105742782,0.0351143259153483,9.157736800390078,0
2016-07-28 07:20:00,12.617069369589641,0.8060895420758842,0.038494638024647906,9.157736800390078,0
2016-07-28 07:25:00,12.35302837131917,0.7735032117526751,0.029233657557074976,2.916706182121621,0
2016-07-28 07:30:00,11.918650214377303,0.770825604857128,0.026895267618007264,1.8301128442509995,0
2016-07-28 07:35:00,11.81731638981228,0.7843151507737838,0.02785071574966571,1.8301128442509995,0
2016-07-28 07:40:00,11.611410052673058,0.7700874357807179,0.027091180689635296,1.0382483754986893,0
2016-07-28 07:45:00,11.723240514152781,0.7669559176688845,0.02748393746588947,0.8591393273853057,0
2016-07-28 07:50:00,11.788461030894203,0.7593054379490886,0.027464480060702862,1.2385743387884336,0
2016-07-28 07:55:00,11.501166350072896,0.7536392478989881,0.027079073225306817,1.9444184075834274,0
2016-07-28 08:00:00,10.89464533591619,0.7833659154328062,0.031596089316250464,3.5724868179795624,0
2016-07-28 08:05:00,10.390333175035892,0.8117509752858414,0.03631720104338315,3.5724868179795624,0
2016-07-28 08:10:00,10.448403185338323,0.7960387746678772,0.03286795035866882,2.895496327179158,0
2016-07-28 08:15:00,11.013502695098106,0.7838616833736601,0.029422843526622396,9.968481042441201,0
2016-07-28 08:20:00,11.060506551564318,0.7678458068730891,0.027912568891016325,9.968481042441201,0
2016-07-28 08:25:00,10.78239513345247,0.7654174101226147,0.027723150392461655,2.430563463278918,0
2016-07-28 08:30:00,10.521625508838154,0.8031728783625498,0.03110840669957073,1.9777540805588993,0
2016-07-28 08:35:00,10.446249852577726,0.80625307014965,0.032127176319636415,1.9777540805588993,0
2016-07-28 08:40:00,11.175822321023057,0.7881028065104584,0.03113818408402681,1.0536985471987281,0
2016-07-28 08:45:00,10.987290738051865,0.819740975222331,0.03512573887139093,1.8105414835989906,0
2016-07-28 08:50:00,10.159135419047775,0.8412271362241638,0.036899592069087564,1.8105414835989906,0
2016-07-28 08:55:00,10.155041423426747,0.8208381229935343,0.0330647181643496,1.2188969502385771,0
2016-07-28 09:00:00,10.706174392736555,0.8088186260766169,0.032387579432888364,3.7843184389118276,0
2016-07-28 09:05:00,10.506741612380042,0.8086955401110782,0.032218386452227445,3.7843184389118276,0
2016-07-28 09:10:00,9.851769012354437,0.8173451306667272,0.03223416395921638,0.8390813546260423,0
2016-07-28 09:15:00,9.609279812752458,0.8187703446831404,0.03317188036612021,1.909690409769414,0
2016-07-28 09:20:00,10.076876653061355,0.8145151782367848,0.03254183533166409,2.978381447452871,0
2016-07-28 09:25:00,11.127082007133044,0.8341469353142786,0.035448428357673936,2.978381447452871,0
2016-07-28 09:30:00,11.009794874161399,0.8321518953688416,0.035082403931965565,2.6268790426310535,0
2016-07-28 09:35:00,10.608509316211217,0.8075170496827091,0.030569490165727402,2.6268790426310535,0
2016-07-28 09:40:00,11.056850482283675,0.8108428775148265,0.03276000065141599,4.279427085318424,0
2016-07-28 09:45:00,11.013237318824666,0.8198949573588008,0.03434288162485965,5.6248992968132345,0
2016-07-28 09:50:00,10.673576555152566,0.8069990031508257,0.03028621546782529,5.6248992968132345,0
2016-07-28 09:55:00,10.408022223218353,0.7947140581841248,0.028531619933932904,2.1999661813790863,0
2016-07-28 10:00:00,11.257453485448796,0.7953730231914405,0.030339959051989107,7.204174467282453,0
2016-07-28 10:05:00,11.794494228082133,0.7966778719786252,0.030884546683773016,7.204174467282453,0
2016-07-28 10:10:00,11.396330938450403,0.8201481438962124,0.035186927348862945,5.841398131902435,0
2016-07-28 10:15:00,11.555960167999633,0.8285686021783482,0.03647406625884127,5.841398131902435,0
2016-07-28 10:20:00,11.774143845598505,0.8121347643981083,0.03276131379614445,6.04252670449989,0
2016-07-28 10:25:00,11.398311928022855,0.8165887818025024,0.03250865643759186,6.04252670449989,0
2016-07-28 10:30:00,11.37095059888205,0.816911399470638,0.03242024626228619,2.3513917106707,0
2016-07-28 10:35:00,11.92799858404569,0.8200548957056544,0.03476370857283535,2.2853997262663412,0
2016-07-28 10:40:00,11.780664579650484,0.8155918247529774,0.03388136115169806,2.2853997262663412,0
2016-07-28 10:45:00,12.045857159770868,0.8042834510063441,0.031139128325935572,3.8408799259855417,0
2016-07-28 10:50:00,12.495956105104202,0.8120512415765357,0.0335603483965222,3.8408799259855417,0
2016-07-28 10:55:00,11.96781562762261,0.8195168494640317,0.03481022091307143,4.449824730186911,0
2016-07-28 11:00:00,11.8588390186829,0.8169828384983189,0.03364295993640738,4.449824730186911,0
2016-07-28 11:05:00,11.880917354681616,0.7827269687390691,0.02918630506843667,2.499274575510965,0
2016-07-28 11:10:00,11.113777220178804,0.774458087429153,0.028160330037863772,2.5307768561795574,0
2016-07-28 11:15:00,11.084525779900412,0.7995911817191528,0.03165403367298262,2.7961367792012353,0
2016-07-28 11:20:00,11.356508373964573,0.7958520133369723,0.03127744942357905,2.7961367792012353,0
2016-07-28 11:25:00,11.619374043811295,0.8015700101071455,0.0320665481438724,1.0841374314463625,0
2016-07-28 11:30:00,11.674744934168716,0.806983430526224,0.03139219032799102,1.8555547385057647,0
2016-07-28 11:35:00,11.520919096699135,0.7909096393102939,0.02973340858478209,7.315445131767191,0
2016-07-28 11:40:00,11.050140106970849,0.7777582969863506,0.02918098440092296,7.315445131767191,0
2016-07-28 11:45:00,11.287778051953559,0.793291653607129,0.03200497623108186,4.890069056268798,0
2016-07-28 11:50:00,11.496786285960846,0.7809958444375257,0.031036426515053762,3.205224200685006,0
2016-07-28 11:55:00,10.992984640708068,0.7688980934412541,0.02885138285850559,2.739491378913263,0
2016-07-28 12:00:00,11.433939159848746,0.772367718645657,0.0292716889861754,3.1483071866275965,1
2016-07-28 12:05:00,12.036096744816824,0.7685081889019773,0.02809550250967477,3.924054552231162,1
2016-07-28 12:10:00,11.635492164075055,0.7775810959191132,0.028091720544907817,3.924054552231162,1
2016-07-28 12:15:00,11.486996080987193,0.7589940702927533,0.02568188609638211,2.712202477119369,1
2016-07-28 12:20:00,11.84076569695223,0.7570958415677117,0.02659894335639833,2.712202477119369,1
2016-07-28 12:25:00,16.057114529496005,0.8030176217507063,0.034577537020763244,61.4441241033973,1
2016-07-28 12:30:00,26.896103700176305,0.8277797098383853,0.038698263502756604,61.4441241033973,1
2016-07-28 12:35:00,21.97676555316183,0.7998989891533854,0.032658807743622606,32.97325272937178,1
2016-07-28 12:40:00,10.74537596875866,0.7827869792171103,0.028669162420033707,3.185021444327616,0
2016-07-28 12:45:00,10.933916493265162,0.7803745068941231,0.029022481402533763,3.185021444327616,0
2016-07-28 12:50:00,11.707232461607937,0.7922899758961648,0.032169490281641774,3.2402228215816584,1
2016-07-28 12:55:00,12.858874038740757,0.8104726623905315,0.03466911579892815,3.2402228215816584,1
2016-07-28 13:00:00,15.264754007143102,0.8202518505284188,0.03770226914625051,21.05101657518705,1
2016-07-28 13:05:00,18.06017264392136,0.824299203275997,0.03988911515919128,21.05101657518705,1
2016-07-28 13:10:00,16.909984327183516,0.8098302486400767,0.03602251739999569,11.623395550792388,1
2016-07-28 13:15:00,14.282239902279802,0.8104032781308355,0.0354419976925263,7.095631204092567,1
2016-07-28 13:20:00,12.723505088427721,0.7983808860895872,0.033707661811762116,7.095631204092567,1
2016-07-28 13:25:00,10.970466079567496,0.7678983627050386,0.028913770026908408,2.3694499625641625,0
2016-07-28 13:30:00,10.361608135685682,0.7581070013042001,0.027472956017909823,1.9777399763937067,0
2016-07-28 13:35:00,10.168389126829924,0.7702258500670428,0.028652347575656305,1.765965591635498,0
2016-07-28 13:40:00,10.094449274530998,0.7943813297201192,0.03114366044465124,2.708361335442777,0
2016-07-28 13:45:00,10.388390306151793,0.8070417981202719,0.032420876484953995,2.708361335442777,0
2016-07-28 13:50:00,10.19273250997463,0.8050589270165887,0.03145516664799947,2.145972475276025,0
2016-07-28 13:55:00,10.289733494355954,0.795025216355272,0.030171831418656987,2.4251283738632194,0
2016-07-28 14:00:00,10.201888400835479,0.7828263286988509,0.029175158773103754,2.4251283738632194,0
2016-07-28 14:05:00,10.680571473521619,0.8137844317630037,0.034329816323625834,3.9959219564818773,0
2016-07-28 14:10:00,10.80497068871124,0.8307369219785872,0.03770485018897746,3.9959219564818773,0
2016-07-28 14:15:00,10.016956472248165,0.8016304599403712,0.03208135898545432,2.8870868944346095,0
2016-07-28 14:20:00,9.999357373394352,0.8145062083409329,0.03357652122599987,2.8870868944346095,0
2016-07-28 14:25:00,10.037034006176231,0.8323846363602926,0.03769581135018997,1.699491354835978,0
2016-07-28 14:30:00,9.682661657904978,0.8129575218702836,0.034127476402220566,2.1418656844835997,0
2016-07-28 14:35:00,9.7857942838336,0.8232020463617231,0.03555294250661737,2.1418656844835997,0
2016-07-28 14:40:00,9.681975931228648,0.831118635818078,0.03751748713761406,2.8301883265377255,0
2016-07-28 14:45:00,9.499806231039567,0.8256841609042599,0.039219806528743385,6.618173276503854,0
2016-07-28 14:50:00,9.421178150132368,0.8228017807593966,0.037721061616850855,6.618173276503854,0
2016-07-28 14:55:00,9.643468966422237,0.8186433872903583,0.034483695189125876,6.477353559203986,0
2016-07-28 15:00:00,10.243620313141587,0.8530430430484993,0.04419091035537641,6.477353559203986,0
2016-07-28 15:05:00,9.870284207030034,0.8602749098997143,0.04549401663126227,4.427264147319187,0
2016-07-28 15:10:00,9.541231173696735,0.8347833325743936,0.03758173644150773,3.243268115031946,0
2016-07-28 15:15:00,9.676305032304217,0.834716272296395,0.03763173447777833,6.535326899764428,0
2016-07-28 15:20:00,9.08154938686462,0.8193668549892295,0.03624564263855558,6.535326899764428,0
2016-07-28 15:25:00,8.737125916350399,0.8143263257735227,0.03486962490585631,3.0334750727754813,0
2016-07-28 15:30:00,9.090678381886242,0.824712510788247,0.037113283519212927,3.0334750727754813,0
2016-07-28 15:35:00,9.44418016187551,0.8155417028687282,0.037514924397343836,5.168279404549924,0
2016-07-28 15:40:00,9.305920877851765,0.816588641858796,0.036854973103598164,5.168279404549924,0
2016-07-28 15:45:00,9.72401890003683,0.8338704728894173,0.04005668577771089,4.988500023551937,0
2016-07-28 15:50:00,10.015206538214175,0.8168413841671781,0.036135427015661005,4.988500023551937,0
2016-07-28 15:55:00,9.868553539265694,0.7900346016045114,0.030438444443770606,4.528916201908899,0
2016-07-28 16:00:00,11.702702734114375,0.8117118039395035,0.04426857288662374,22.378246781289196,0
2016-07-28 16:05:00,11.965404362982294,0.8071371643677894,0.04456878685242417,22.378246781289196,0
2016-07-28 16:10:00,10.556733626428256,0.8049161481206929,0.035160143703619084,5.027335031294119,0
2016-07-28 16:15:00,10.50967787995733,0.8252767124774265,0.03725830477525191,5.027335031294119,0
2016-07-28 16:20:00,11.334056148022933,0.8418193060267841,0.03921015017632956,4.724966580797697,0
2016-07-28 16:25:00,11.168625494085045,0.8559142317477249,0.04298923676122651,4.724966580797697,0
2016-07-28 16:30:00,10.601064622542136,0.8252350047599032,0.03880817584549843,5.223275184933442,0
2016-07-28 16:35:00,10.588770558185878,0.8161512502764369,0.035208037665144284,5.223275184933442,0
2016-07-28 16:40:00,10.098526775494367,0.8178823698382972,0.03551689750992775,2.9029849500645253,0
2016-07-28 16:45:00,9.850145650670425,0.811914637303024,0.034069302425612916,1.8467864958816758,0
2016-07-28 16:50:00,9.434924124187539,0.8084542054735664,0.03369278862248349,2.5246227425261,0
2016-07-28 16:55:00,10.729438932422216,0.8336501698633813,0.043749842169285305,6.951938503212898,0
2016-07-28 17:00:00,11.659685500023354,0.8498180163760978,0.04620233499561173,6.951938503212898,0
2016-07-28 17:05:00,10.710069174407954,0.8113345187048742,0.03538939617409537,3.106789926743703,0
2016-07-28 17:10:00,10.131584449514492,0.7945428927932078,0.032449489266678136,3.3980441498486433,0
2016-07-28 17:15:00,9.807123579286833,0.7867884517979385,0.03134728117862508,3.4969616760927966,0
2016-07-28 17:20:00,10.034328820152107,0.7960235699571303,0.03470630300688862,6.5543623673289915,0
2016-07-28 17:25:00,9.805487824427455,0.7838699301123588,0.03209346377780128,6.5543623673289915,0
2016-07-28 17:30:00,9.233837951424398,0.7559495603341354,0.026701972536922674,3.784316999872106,0
2016-07-28 17:35:00,8.91281491569144,0.754387093466856,0.02799522003318104,3.07314842280807,0
2016-07-28 17:40:00,9.507053310827274,0.7771601660558336,0.031232668133777203,2.3486507989284475,0
2016-07-28 17:45:00,10.466607959992817,0.7974937572649163,0.03150888418830126,3.654291276098452,0
2016-07-28 17:50:00,10.189571010037273,0.7846983947821277,0.029493501921500548,3.654291276098452,0
2016-07-28 17:55:00,9.496875495484222,0.7757697220650256,0.029769028909675053,1.4655242576711978,0
2016-07-28 18:00:00,10.528019487276136,0.7770153943062063,0.029583405056481264,3.8582310252895904,0
2016-07-28 18:05:00,10.917667006572039,0.7569885711493389,0.027595459675743794,3.8582310252895904,0
2016-07-28 18:10:00,10.494339772536923,0.7724422017480238,0.03169586839908097,4.327177199557332,0
2016-07-28 18:15:00,10.487690544891414,0.7857516314215169,0.0333901029134898,4.724315137835719,0
2016-07-28 18:20:00,9.89285877739084,0.7733631552507652,0.03102355027402558,4.724315137835719,0
2016-07-28 18:25:00,10.090488647059306,0.7720853659603361,0.030652684865292674,6.133254791706762,0
2016-07-28 18:30:00,10.243009534272254,0.7555295127038772,0.027768079056441443,6.133254791706762,0
2016-07-28 18:35:00,9.873067857307204,0.7438276708057652,0.025866443704543128,2.323797788599045,0
2016-07-28 18:40:00,9.617550796045363,0.7646946972153571,0.028532757459485573,3.0399236410594233,0
2016-07-28 18:45:00,9.610507417502754,0.78015872356978,0.03042640726779397,3.0399236410594233,0
2016-07-28 18:50:00,9.478649975759842,0.7782495914361608,0.030534985448305928,3.014125852179716,0
2016-07-28 18:55:00,9.068570607515735,0.7803745675742519,0.03045526683581526,1.940194332868313,0
2016-07-28 19:00:00,10.070981224989632,0.7905247198567646,0.03064697472573229,3.988158707510556,0
2016-07-28 19:05:00,10.694365537293951,0.8059987925013155,0.03412632121704205,3.988158707510556,0
2016-07-28 19:10:00,9.67723830050193,0.7980433220238143,0.03364076570756575,2.921313804685758,0
2016-07-28 19:15:00,9.62590529433091,0.7879300846844299,0.032412338309675146,3.307501088283621,0
2016-07-28 19:20:00,10.0515667201693,0.784049116180698,0.03247134027712663,4.413419701400658,0
2016-07-28 19:25:00,10.211251747091321,0.8041250688446857,0.03529576197392046,4.413419701400658,0
2016-07-28 19:30:00,9.896748439664375,0.7999373442670661,0.03509641443414167,3.2455581379019915,0
2016-07-28 19:35:00,9.402315412461647,0.7717078545929036,0.030652915203130165,2.115725206388462,0
2016-07-28 19:40:00,9.322866836565032,0.7712680010223754,0.02939178543952904,2.1894811775783634,0
2016-07-28 19:45:00,9.40652115451589,0.7782780007708376,0.02890039850658608,2.1894811775783634,0
2016-07-28 19:50:00,9.664885574689329,0.791602575258131,0.030319178561190513,2.171608045071588,0
2016-07-28 19:55:00,10.005150489894131,0.7997984405656791,0.03122870897227235,2.8461309993712467,0
2016-07-28 20:00:00,12.205218842993851,0.8062472804009757,0.03555992758805158,11.39601314078479,0
2016-07-28 20:05:00,12.648557910320498,0.8003923435077588,0.03458332529203893,11.39601314078479,0
2016-07-28 20:10:00,11.205212246649404,0.7901063786197622,0.028609976026814466,2.1997269554974728,0
2016-07-28 20:15:00,11.756780816964124,0.8120767360450319,0.03516597595246359,7.684477360563704,0
2016-07-28 20:20:00,11.692631116208522,0.8183464131645279,0.03600944711054934,7.684477360563704,0
2016-07-28 20:25:00,11.11468858192396,0.8167669004094096,0.03319696142050535,2.632688769603279,0
2016-07-28 20:30:00,10.84487775756367,0.8114667639118607,0.032980582479389134,4.071973405354637,0
2016-07-28 20:35:00,12.517727068760584,0.8657939692998115,0.06719084207641553,10.606375036601582,0
2016-07-28 20:40:00,12.011382992993662,0.8725016802357015,0.06892136091697351,10.606375036601582,0
2016-07-28 20:45:00,9.568710902019827,0.8162627357192891,0.03394324238512949,2.5104149182608615,0
2016-07-28 20:50:00,9.750099788649202,0.8264848428933835,0.03496518995721777,2.316799881870553,0
2016-07-28 20:55:00,9.93342208250868,0.8142921138806537,0.03221729216584003,2.9089252495985143,0
2016-07-28 21:00:00,9.569146164076654,0.8158022957106214,0.03261389098391447,3.4474385121089868,0
2016-07-28 21:05:00,9.988132891062211,0.8545627925587553,0.0423780804190099,3.9881882030592317,0
2016-07-28 21:10:00,10.764136788481476,0.8744322206532327,0.04698232819060054,3.9881882030592317,0
2016-07-28 21:15:00,9.645730765829137,0.8440612627566295,0.040249024551861544,2.45483815845142,0
2016-07-28 21:20:00,8.66059700675604,0.819349268162398,0.03526213924014085,2.45483815845142,0
2016-07-28 21:25:00,8.974252257329677,0.8282746322183772,0.037005044300323676,2.049765786888702,0
2016-07-28 21:30:00,9.75871113407032,0.8543503636847166,0.04246421365819893,2.7295648930189995,0
2016-07-28 21:35:00,9.442591379401751,0.8344299381699515,0.039948536754158215,2.98695884812776,0
2016-07-28 21:40:00,9.397124297042868,0.8017256209221485,0.033501261988910375,8.231360576726482,0
2016-07-28 21:45:00,9.685026420377508,0.8176537245265324,0.03434067630319096,9.07402326331378,0
2016-07-28 21:50:00,9.128900048064121,0.8225360955948743,0.03590723975639034,9.07402326331378,0
2016-07-28 21:55:00,9.360530192129797,0.8371968965573006,0.0414950019177344,3.09914426386649,0
2016-07-28 22:00:00,9.356325877375488,0.8322751279613816,0.03994206330449562,3.09914426386649,0
2016-07-28 22:05:00,9.389852790661433,0.8233686603424377,0.03680493501263195,5.871963866842177,0
2016-07-28 22:10:00,9.380504881069156,0.8281078268882351,0.037556767659080184,5.871963866842177,0
2016-07-28 22:15:00,9.844206643318937,0.8249190988814076,0.04625472032668345,17.37080069616634,0
2016-07-28 22:20:00,9.494362691551963,0.8117349772353509,0.044306947004744704,17.37080069616634,0
2016-07-28 22:25:00,8.645628378545123,0.7998063516208281,0.033260235625977644,1.9615769817475053,0
2016-07-28 22:30:00,10.111488764733895,0.8764824341557662,0.05266688837326654,4.313987243593182,0
2016-07-28 22:35:00,11.348027875377545,0.9354430600864218,0.07678275448090872,6.915217956923903,0
2016-07-28 22:40:00,13.47463815617682,0.9557325319447593,0.10156442031459405,6.915217956923903,0
2016-07-28 22:45:00,15.001880324644116,0.9868329323758892,0.12494089475631358,1.9944431744816906,0
2016-07-28 22:50:00,14.754572732010558,0.9876763813323988,0.12756222583329438,2.890034094315014,0
2016-07-28 22:55:00,15.186501911634352,0.9857796074965645,0.12183738667131654,2.9694846054941397,0
2016-07-28 23:00:00,14.557800982454276,0.9855358415400562,0.11845324556047224,2.9694846054941397,0
2016-07-28 23:05:00,13.329802008694822,0.9828599425684714,0.109872107897611,2.357926698679537,0
2016-07-28 23:10:00,12.209879793171408,0.9621689397799106,0.08991957444440284,2.2637511367944354,0
2016-07-28 23:15:00,9.98767138998241,0.8709545594364896,0.05463564810896328,2.2637511367944354,0
2016-07-28 23:20:00,8.65129554769052,0.8100296315987958,0.034441627196320004,3.7224529009938103,0
2016-07-28 23:25:00,9.13324373161528,0.8274534525170121,0.04070427162764404,4.626633824490519,0
2016-07-28 23:30:00,9.033944008910897,0.8203736776934285,0.03825674698243538,4.626633824490519,0
2016-07-28 23:35:00,8.731977017370093,0.8031731557885187,0.03287168488274496,4.051595002318284,0
2016-07-28 23:40:00,9.166655517359533,0.8203130533392188,0.03714718304313363,4.473304185382469,0
2016-07-28 23:45:00,9.339454848085943,0.8244798578365731,0.03683813753143351,4.473304185382469,0
2016-07-28 23:50:00,9.412375667472904,0.8227352411758334,0.03654327210130155,5.8661511041798935,0
2016-07-28 23:55:00,9.533970206014,0.8385512721075304,0.04096932852512524,5.8661511041798935,0
2016-07-29 00:00:00,9.568192196434374,0.8430945891790438,0.04106674944804088,4.0776591047594595,0
2016-07-29 00:05:00,9.335919831669205,0.8328119545748336,0.03772915698146317,3.7205449661529295,0
2016-07-29 00:10:00,9.190234183123078,0.8459388672881756,0.04069167328917602,2.0656859944770125,0
2016-07-29 00:15:00,9.576450506348767,0.8671734024183766,0.04533747356477416,2.5114361730259143,0
2016-07-29 00:20:00,9.50820242216943,0.8565686449998429,0.043788847302477056,2.5114361730259143,0
2016-07-29 00:25:00,9.115674078437078,0.8314001175848845,0.03707423597900407,1.7314961730826555,0
2016-07-29 00:30:00,9.111925703821294,0.8202277760425067,0.03397607523344143,1.4911739104854667,0
2016-07-29 00:35:00,9.270934969155439,0.8290203029237697,0.036652966350223457,1.4911739104854667,0
2016-07-29 00:40:00,9.196987140547876,0.8196685963516221,0.033885774704748205,1.0056613530614738,0
2016-07-29 00:45:00,8.965327123756227,0.8063202736579371,0.03167976999136977,2.0155564161693134,0
2016-07-29 00:50:00,8.659790326780955,0.8108483414181058,0.03276122930508894,2.0155564161693134,0
2016-07-29 00:55:00,9.131013274736729,0.8175885197810585,0.03389009101662867,3.1276775998855553,0
2016-07-29 01:00:00,9.188901253741133,0.8074732885814688,0.03174773019099249,3.217030618879686,0
2016-07-29 01:05:00,8.901399599529663,0.8051355831886793,0.03263374027636205,3.217030618879686,0
2016-07-29 01:10:00,9.74325798866744,0.8139373679319424,0.036923700042690334,2.2977794430857155,0
2016-07-29 01:15:00,10.018011970657971,0.7997868696677733,0.03439144303328327,4.2993024302482805,0
2016-07-29 01:20:00,9.409471036840454,0.7762202378552736,0.028972430910485136,4.2993024302482805,0
2016-07-29 01:25:00,9.468930779886358,0.7884820989156671,0.030388599852924712,2.5096561573011944,0
2016-07-29 01:30:00,9.507708872566539,0.7954712500542813,0.03224235688512998,2.5096561573011944,0
2016-07-29 01:35:00,9.709185572305845,0.7815611271666726,0.031100906066756955,5.693626330129335,0
2016-07-29 01:40:00,10.630775371918244,0.7875882952447764,0.03163954508832909,5.693626330129335,0
2016-07-29 01:45:00,10.469834220058276,0.7777260001232593,0.030888221300752788,2.848763035330863,0
2016-07-29 01:50:00,10.030157225269008,0.7736457900941484,0.031086016236946245,1.328846335454057,0
2016-07-29 01:55:00,10.25017900887718,0.7720076751230618,0.02963321399873775,2.221692814927224,1
2016-07-29 02:00:00,10.004855214203912,0.754246121743865,0.02603688507062372,2.221692814927224,1
2016-07-29 02:05:00,10.176674587120726,0.7770957650227298,0.029291466509776737,4.092653549665934,1
2016-07-29 02:10:00,12.888240663213548,0.8098399416772515,0.03544558687617737,9.255315405677964,1
2016-07-29 02:15:00,12.597505870566696,0.790065956574139,0.03245779010417038,9.255315405677964,1
2016-07-29 02:20:00,11.867220621617253,0.7937227307535846,0.031835091569622505,6.738781648852815,1
2016-07-29 02:25:00,12.377599523607715,0.8222277064816021,0.03601547730217166,6.738781648852815,1
2016-07-29 02:30:00,10.580872802089033,0.7889980068832737,0.03226654973280061,2.7863478731951603,1
2016-07-29 02:35:00,10.646020975565175,0.7662352693275939,0.030136361815724218,5.255634383781563,1
2016-07-29 02:40:00,15.952272373473932,0.8088860990697235,0.038672813195477454,25.356812423080196,1
2016-07-29 02:45:00,17.185025172187643,0.799162346125407,0.03783822632758811,25.356812423080196,1
2016-07-29 02:50:00,25.480956787423107,0.7691613092221055,0.032241656196149694,61.71964109320413,1
2016-07-29 02:55:00,24.101440624809147,0.7552690505384332,0.030076810495422546,61.71964109320413,1
2016-07-29 03:00:00,10.938942801017944,0.7658600649716918,0.02979793859766882,3.810185261845121,1
2016-07-29 03:05:00,12.027691351016719,0.8584901791578112,0.04619097271250897,6.2660810051182105,1
2016-07-29 03:10:00,14.288120242955978,0.9316632839618066,0.06541258745007703,6.2660810051182105,1
2016-07-29 03:15:00,15.235321235139764,0.9449991887252575,0.07019749819515972,2.6465923713263373,1
2016-07-29 03:20:00,13.55285370741982,0.8803769339326459,0.052301414118512704,4.796004839244777,1
2016-07-29 03:25:00,11.73958336004086,0.8120780475050937,0.03581625086771407,4.796004839244777,1
2016-07-29 03:30:00,10.820503973340587,0.7942703157577978,0.032598075307208804,3.198939523959626,1
2016-07-29 03:35:00,10.66847975850079,0.7765900216099004,0.029152026639553397,3.198939523959626,1
2016-07-29 03:40:00,11.005686925865644,0.7554363740412412,0.026403569526510913,2.2288607322603404,1
2016-07-29 03:45:00,11.163419080703923,0.7811102773624977,0.03125239045843964,2.346975738848707,1
2016-07-29 03:50:00,11.28888519716452,0.7956082613437634,0.03357759727011674,2.346975738848707,1
2016-07-29 03:55:00,11.262192211246303,0.7672912730966835,0.028731285815581063,2.29261380925382,1
2016-07-29 04:00:00,10.996366680492212,0.7615879806205931,0.027352130585543456,2.0146177556793616,1
2016-07-29 04:05:00,10.878756072351587,0.7616539774924109,0.026885276607150982,2.255776876096373,0
2016-07-29 04:10:00,11.220876996538939,0.7571558418493513,0.02725625722355297,2.255776876096373,0
2016-07-29 04:15:00,12.792596877156251,0.7663532328912817,0.02987773933358532,18.676320165829413,0
2016-07-29 04:20:00,12.87944708982413,0.7723061438747951,0.030159354724591424,18.676320165829413,0
2016-07-29 04:25:00,11.534320223339526,0.7594614290810899,0.026870083177303765,3.3310826016370476,0
2016-07-29 04:30:00,11.688239066914843,0.7432875682714486,0.02482179541833815,2.5483536749543028,0
2016-07-29 04:35:00,11.924929036262611,0.7315890538162021,0.023372938201319395,2.5483536749543028,0
2016-07-29 04:40:00,11.892372395993416,0.7292020819612881,0.023091108231546503,2.59380954775146,0
2016-07-29 04:45:00,12.061375165227947,0.7482494172147771,0.026679335113027593,2.59380954775146,0
2016-07-29 04:50:00,12.291420615476941,0.7749185546603988,0.03291944381933927,4.971170560069729,0
2016-07-29 04:55:00,12.203428972320884,0.757451177415823,0.030124404262568884,4.971170560069729,0
2016-07-29 05:00:00,11.471727896686984,0.7462487643379659,0.02496245053298117,4.29460530091838,0
2016-07-29 05:05:00,11.393282325307,0.789603324001546,0.033295071037334485,4.837393957076025,0
2016-07-29 05:10:00,12.952535899855013,0.8167314329210392,0.03974635176499561,8.499267798004167,0
2016-07-29 05:15:00,12.339778214072448,0.7759574784222685,0.03116273490893347,8.499267798004167,0
2016-07-29 05:20:00,11.072886083838794,0.7521870368511498,0.025295254959437234,1.7448037344675869,0
2016-07-29 05:25:00,11.6103666846769,0.7561446606449074,0.02632437529267822,1.7448037344675869,0
2016-07-29 05:30:00,12.500001834103927,0.7892276125997005,0.03336911177048664,5.309849837311488,0
2016-07-29 05:35:00,12.62566968185753,0.7970809608345905,0.03467047092190796,5.309849837311488,0
2016-07-29 05:40:00,11.911199125915811,0.753098451115732,0.027029702433252645,2.704623203643615,0
2016-07-29 05:45:00,12.183505590150814,0.7616458750647596,0.032188088330874096,7.23778507057872,0
2016-07-29 05:50:00,12.62735983220401,0.7609921520880228,0.031963657009139154,7.23778507057872,0
2016-07-29 05:55:00,12.62464109940801,0.7655915729233335,0.029945570493197675,5.342488996476201,0
2016-07-29 06:00:00,11.862970046338969,0.7586249494822948,0.029051576479736434,6.963542902194052,0
2016-07-29 06:05:00,11.35657086819744,0.725368833825087,0.02320675443548781,6.963542902194052,0
2016-07-29 06:10:00,12.250697231962935,0.7519022962039544,0.028379514803731472,4.57173843739277,0
2016-07-29 06:15:00,12.481720650614827,0.7529929293948233,0.028550262713236147,4.57173843739277,0
2016-07-29 06:20:00,12.834898422114255,0.7480798974749554,0.02803047843132086,2.502211809490157,0
2016-07-29 06:25:00,13.29379729386628,0.7555324852470212,0.02939793646830228,1.6592081816406945,0
2016-07-29 06:30:00,12.71902758748161,0.7308476091186527,0.025006230445964422,1.6130269642881792,0
2016-07-29 06:35:00,12.955668654573973,0.7316601817299164,0.026018358346931864,2.272254046422101,0
2016-07-29 06:40:00,13.27684075273601,0.7180855844271684,0.0244998076911747,2.272254046422101,0
2016-07-29 06:45:00,12.376846993490956,0.7060715817925001,0.022051525138297962,1.6134298401576626,0
2016-07-29 06:50:00,11.512327875045733,0.7070710182362954,0.022135580292077038,1.917270287201647,0
2016-07-29 06:55:00,11.4580727001247,0.7084753695452699,0.021843747539881195,1.917270287201647,0
2016-07-29 07:00:00,11.388616475546302,0.7433125568187414,0.026496713297417585,1.5934338331927616,0
2016-07-29 07:05:00,11.667843240967695,0.7420132316138986,0.027362868393523032,2.771529440313515,0
2016-07-29 07:10:00,13.58403748303058,0.7556299081976492,0.035781632999234314,17.432041004548417,0
2016-07-29 07:15:00,13.364043516635812,0.7860615778325204,0.03900510992177998,18.284595710934916,0
2016-07-29 07:20:00,12.016578148807547,0.7638009579773474,0.02899876159606705,18.284595710934916,0
2016-07-29 07:25:00,12.895580401913895,0.7590357003969023,0.029392564292806716,2.1429861064001505,0
2016-07-29 07:30:00,12.750148780739682,0.7533631224573412,0.029188067675499592,2.4008006198823533,0
2016-07-29 07:35:00,12.073168348286291,0.728097914021825,0.024775534490260716,3.839422374716195,0
2016-07-29 07:40:00,12.306004114892165,0.7189032973108174,0.023671043781826016,3.839422374716195,0
2016-07-29 07:45:00,12.590613620860633,0.7191271750169752,0.023873833845212016,3.7754903571281866,0
2016-07-29 07:50:00,12.529479928899812,0.7184683068082547,0.02281202568135316,1.5282095374460705,0
2016-07-29 07:55:00,12.667486888577741,0.7256523811035118,0.023463200769945475,2.1449193506486366,0
2016-07-29 08:00:00,12.110472882573074,0.7468646021132873,0.026814510996525105,3.599923328786085,0
2016-07-29 08:05:00,11.712616665348502,0.7833886776272884,0.03640987599940231,3.8577145349177764,0
2016-07-29 08:10:00,11.740162096225689,0.7709881392621992,0.034124129632227156,6.308057856182511,0
2016-07-29 08:15:00,11.193838331008202,0.7349741278896855,0.025289558829360247,6.308057856182511,0
2016-07-29 08:20:00,11.060691608904941,0.7464238251612554,0.026371069263716285,1.6016593680814537,0
2016-07-29 08:25:00,11.097508872417993,0.7663388342255828,0.027759407213536324,1.6932479942592724,0
2016-07-29 08:30:00,11.200095859639777,0.7885319470550062,0.030740591145880923,6.434003932023848,0
2016-07-29 08:35:00,10.761114718343425,0.7805990051014167,0.029854391340931003,6.434003932023848,0
2016-07-29 08:40:00,10.712662812588487,0.7787196523535512,0.03020737875396337,1.9800592076868544,0
2016-07-29 08:45:00,10.804957635703724,0.8039910526828792,0.03323800467994827,1.9800592076868544,0
2016-07-29 08:50:00,10.11369843285068,0.7949533262444822,0.0312788990145615,1.6063852568789687,0
2016-07-29 08:55:00,9.913097578349223,0.8100911283799466,0.03441521012002115,3.069848190320363,0
2016-07-29 09:00:00,10.228254805177583,0.8309176332034875,0.03794875602580136,3.069848190320363,0
2016-07-29 09:05:00,10.141424090630837,0.8073774694051934,0.03301331653195834,1.3447272180170429,0
2016-07-29 09:10:00,9.733401531270403,0.7841831128856129,0.02922569469557836,1.5151648680338736,0
2016-07-29 09:15:00,10.129706548855278,0.7886650996045255,0.030764195772467078,1.9307109871123072,0
2016-07-29 09:20:00,10.640176068549438,0.8056779451129267,0.03349117294360157,2.1975948480590044,0
2016-07-29 09:25:00,10.766929374785168,0.826571991313286,0.03752382538781231,3.802569251315001,0
2016-07-29 09:30:00,11.091096875567326,0.8205989490010815,0.03697703282328566,3.802569251315001,0
2016-07-29 09:35:00,11.381592616885767,0.8081223503340563,0.034702769954416325,3.2214292533204043,0
2016-07-29 09:40:00,11.817422894968074,0.8225156818699113,0.03568804089223969,4.3114613306604905,0
2016-07-29 09:45:00,12.272604836913905,0.8048659766480825,0.031998216914299694,4.3114613306604905,0
2016-07-29 09:50:00,12.134958968162753,0.7746399067163828,0.028142146157023307,2.428717826246936,0
2016-07-29 09:55:00,11.978983479352113,0.7701910632722502,0.027505582250505783,3.235995447021298,0
2016-07-29 10:00:00,12.286412890226124,0.7767510971505962,0.028460630009279664,3.235995447021298,0
2016-07-29 10:05:00,12.016181868602883,0.8022602452960034,0.03349725300613575,3.2846971625840395,0
2016-07-29 10:10:00,11.011283143628763,0.8098468947251,0.03430661771622725,3.2905523091193887,0
2016-07-29 10:15:00,10.544983814938272,0.7978617047938121,0.03182809699532276,3.2905523091193887,0
2016-07-29 10:20:00,11.373837931299029,0.8251550277188331,0.03662835163360219,2.571315983968935,0
2016-07-29 10:25:00,12.60030442703059,0.8432813654720089,0.040751934340720705,5.094844291952097,0
2016-07-29 10:30:00,12.11059940331587,0.8432915937600575,0.04201773320240679,5.094844291952097,0
2016-07-29 10:35:00,10.606536884217682,0.8146015700778579,0.03656838554610708,3.6061837617388472,0
2016-07-29 10:40:00,10.081849701774093,0.7891561301612731,0.03105686059053639,2.6749279919356184,0
2016-07-29 10:45:00,10.708047184183636,0.8084150537141503,0.033570469845893486,3.7082258713318565,0
2016-07-29 10:50:00,10.960756110921272,0.7997879169051564,0.03273306064713709,3.7082258713318565,0
2016-07-29 10:55:00,10.520949709101554,0.793789967074188,0.03159195443809219,1.8257308680110775,0
2016-07-29 11:00:00,10.840915178300381,0.7891674064983215,0.029798544835215553,3.877546214266166,0
2016-07-29 11:05:00,11.270022562164021,0.7819672277020704,0.028959027254928882,3.877546214266166,0
2016-07-29 11:10:00,11.44797435180609,0.7933034603080881,0.030875439576991535,3.0957892207334825,0
2016-07-29 11:15:00,11.201343727900603,0.7981739943218354,0.031936212302125705,3.0957892207334825,0
2016-07-29 11:20:00,10.951667787152612,0.7961767798972199,0.031688658003979873,2.28143878920052,0
2016-07-29 11:25:00,11.264703365836523,0.8156515069845822,0.03555420363340974,5.1713544138398575,0
2016-07-29 11:30:00,11.728588648920203,0.815776417203288,0.0362307258471389,6.193245573241509,0
2016-07-29 11:35:00,11.874901342881573,0.7722973913300222,0.02995753242832198,6.193245573241509,0
2016-07-29 11:40:00,11.175107658512728,0.771697734465694,0.02997979908666395,6.051952172961751,0
2016-07-29 11:45:00,11.325615317706541,0.7886738225772618,0.03118364432025404,6.051952172961751,0
2016-07-29 11:50:00,11.737175296427603,0.7845120367482157,0.03010664984275162,3.0292801521387944,0
2016-07-29 11:55:00,11.059190208672948,0.7980777177868761,0.03272754234720629,3.175297767509931,0
2016-07-29 12:00:00,10.982159970842186,0.7888003774169784,0.03179064939483626,4.154233273700421,0
2016-07-29 12:05:00,10.92667152633235,0.7891832858682071,0.03145933791156366,4.154233273700421,0
2016-07-29 12:10:00,10.900827523543208,0.824825420601461,0.036743196422547905,1.9967815802119222,0
2016-07-29 12:15:00,11.339116201842707,0.8165684736527825,0.03451949752055043,8.610505239959593,0
2016-07-29 12:20:00,11.197756785798699,0.7997556230253341,0.03105028744439615,8.610505239959593,0
2016-07-29 12:25:00,10.911044144297344,0.8237187252211478,0.03661898817967357,3.829451622656099,0
2016-07-29 12:30:00,10.662218627494624,0.8140207800483329,0.03567340017525224,3.829451622656099,0
2016-07-29 12:35:00,10.649262859132241,0.7930820999890635,0.031137092087417478,2.2070774146679244,0
2016-07-29 12:40:00,10.715957226893268,0.8135114784615964,0.03405848870488659,2.721389787258943,0
2016-07-29 12:45:00,10.42405862385972,0.8140011850215177,0.03342183206722069,2.721389787258943,0
2016-07-29 12:50:00,10.091105987809794,0.8031523079379868,0.032443053745710056,2.6482028764427774,0
2016-07-29 12:55:00,10.047393015552725,0.8014882077418101,0.03316624072135478,1.3501377070675498,0
2016-07-29 13:00:00,10.437831345315576,0.7993261157177733,0.03203877062140309,1.461992107085919,0
2016-07-29 13:05:00,10.523132055345721,0.7980459387675698,0.03185862812511723,1.461992107085919,0
2016-07-29 13:10:00,10.790050410584925,0.8107592294018888,0.03475026571171742,6.232717558396272,0
2016-07-29 13:15:00,10.75361721271468,0.8165373119443982,0.03486420325699804,6.232717558396272,0
2016-07-29 13:20:00,13.400738638703109,0.8179022526322044,0.043658340782192565,21.416013501235003,0
2016-07-29 13:25:00,13.766017872666282,0.8185988811059535,0.04353026512186499,21.416013501235003,0
2016-07-29 13:30:00,10.382393514704415,0.8159451803216534,0.03313357033848825,19.31242081316217,0
2016-07-29 13:35:00,9.984312658105384,0.8190920400448536,0.03331919067833476,2.5218538495121408,0
2016-07-29 13:40:00,10.057205320237994,0.8209487012844826,0.03400540481381647,2.5218538495121408,0
2016-07-29 13:45:00,10.29955141003079,0.8193454865211378,0.033986232492731035,4.303123068844916,0
2016-07-29 13:50:00,10.528983251324124,0.8174831354900929,0.033212206107585164,4.303123068844916,0
2016-07-29 13:55:00,10.286282220850687,0.8165224155241287,0.032963636085501805,3.276708720426772,0
2016-07-29 14:00:00,10.326809055770152,0.8177735259425496,0.03348846317417656,3.276708720426772,1
2016-07-29 14:05:00,10.425906564949976,0.8314317618472387,0.036747244867826524,3.056012959469656,1
2016-07-29 14:10:00,10.14173861005348,0.8458360499524284,0.03915631508015823,2.8229766506618486,1
2016-07-29 14:15:00,9.890862983636854,0.8353999355336751,0.036847538962374846,2.8229766506618486,0
2016-07-29 14:20:00,9.823148658085705,0.8132430250441351,0.033124000357676264,2.2078361944819562,0
2016-07-29 14:25:00,9.72710092211756,0.8172181795810329,0.034216997145540676,2.1534307976903357,0
2016-07-29 14:30:00,10.967915109461247,0.8351111909653515,0.038414928712856324,7.6042081235015,1
2016-07-29 14:35:00,11.559712180609967,0.8473442157337197,0.04441296752256645,12.178954531632344,1
2016-07-29 14:40:00,10.418899291958386,0.8495171409833866,0.04581069487478793,12.178954531632344,0
2016-07-29 14:45:00,9.569834100617534,0.8289528779891192,0.038134544818063915,7.151742331739623,1
2016-07-29 14:50:00,9.891697601050717,0.8210492631365081,0.03476602235229196,3.0940289807681416,1
2016-07-29 14:55:00,9.533468398266226,0.8143565901435112,0.03503473529829295,2.921372607625578,1
2016-07-29 15:00:00,8.514534317782926,0.8098915525567075,0.035092949684442584,1.9301403076466745,0
2016-07-29 15:05:00,8.384344503747979,0.8283142236304559,0.03790169734026228,2.2290045658447295,0
2016-07-29 15:10:00,13.290696476940047,0.8451524661537093,0.0448732760930229,18.945013711368457,1
2016-07-29 15:15:00,15.199055026575186,0.8393283771481035,0.04510969040825259,23.23164337485597,1
2016-07-29 15:20:00,11.031859788520025,0.8342204891751202,0.03994601567109367,23.23164337485597,1
2016-07-29 15:25:00,10.43288482940119,0.8475487560211866,0.05124460824390107,19.335865900176653,1
2016-07-29 15:30:00,9.666085382889156,0.826830495870293,0.04831614028612054,19.335865900176653,0
2016-07-29 15:35:00,11.283765120732383,0.8274761485250589,0.03822389675667638,14.06917003567737,1
2016-07-29 15:40:00,27.718077874133222,0.83867142302411,0.04136175816051922,62.678626410464666,1
2016-07-29 15:45:00,24.74758190030937,0.8335482791939205,0.039202924537705346,62.678626410464666,1
2016-07-29 15:50:00,8.648681291691968,0.8285348632583796,0.037100434730038434,2.9369490895812804,0
2016-07-29 15:55:00,9.338942012628632,0.824920381330906,0.037426496817213536,2.9369490895812804,0
2016-07-29 16:00:00,9.396053925797137,0.8107409095389176,0.03439534120832552,2.513069250094098,0
2016-07-29 16:05:00,9.147008502586939,0.7922051626821667,0.030950287371796607,1.4634068989571893,0
2016-07-29 16:10:00,8.647085007853187,0.8003048500165616,0.03269470616197526,1.6385556453692622,0
2016-07-29 16:15:00,8.375253807983244,0.8011454701714076,0.032908575544083864,4.381146040648941,0
2016-07-29 16:20:00,9.150431064958932,0.8171453819482057,0.04104213613013681,11.933382851852178,0
2016-07-29 16:25:00,11.385568534765094,0.9013958848481329,0.07006871914639942,11.933382851852178,0
2016-07-29 16:30:00,13.137024957881158,0.9698451174317657,0.09290037683621308,3.025186895617098,0
2016-07-29 16:35:00,12.976598215733711,0.9749010116037651,0.09583126928066435,3.0933094640696464,0
2016-07-29 16:40:00,12.651127980102471,0.9766036233680184,0.09862661272512803,3.0933094640696464,0
2016-07-29 16:45:00,12.780915189922757,0.9779838849372073,0.1001536439168504,2.59666011962216,0
2016-07-29 16:50:00,13.138037285630125,0.9780499298890872,0.10144003762295921,2.59666011962216,0
2016-07-29 16:55:00,13.096385626431251,0.9781077672384774,0.10233525389080503,1.5403644261967024,0
2016-07-29 17:00:00,13.190210424059462,0.9762678922163099,0.09752291799586957,1.9959890494511179,0
2016-07-29 17:05:00,13.6257804648744,0.9717841077417704,0.09281909308092157,6.392435455015431,0
2016-07-29 17:10:00,13.688650698082096,0.9701730033619481,0.0908013976142458,6.392435455015431,0
2016-07-29 17:15:00,13.497656881650386,0.9716735346908181,0.09075304478866057,1.52668552062945,0
2016-07-29 17:20:00,13.123873742418684,0.9720533553692355,0.0926916417544568,2.328827035424579,0
2016-07-29 17:25:00,13.045608800070294,0.9745163646508772,0.09604806190471071,2.328827035424579,0
2016-07-29 17:30:00,13.143038473684763,0.97824689169317,0.10067650114618107,2.438350493574151,0
2016-07-29 17:35:00,13.158691683029119,0.9768163817580775,0.09975864004611804,2.438350493574151,0
2016-07-29 17:40:00,13.594640839494975,0.9713694447272232,0.09345571736091976,2.8799139930944517,0
2016-07-29 17:45:00,13.845923110892155,0.9703309155399896,0.09220151387852141,2.8799139930944517,0
2016-07-29 17:50:00,14.002461615342927,0.9692818279072861,0.09063665878694725,2.0375811192151367,0
2016-07-29 17:55:00,14.008080863384972,0.9699910240859012,0.09081813826688935,2.0375811192151367,0
2016-07-29 18:00:00,13.86280482170568,0.9719562935723853,0.0917359955142379,2.274162595342742,0
2016-07-29 18:05:00,13.7054161306415,0.9699682514907616,0.08835394489054496,3.4530923406703287,0
2016-07-29 18:10:00,13.448047404993579,0.970743673077245,0.08788390092000874,3.4530923406703287,0
2016-07-29 18:15:00,13.481689409868334,0.9736311996019337,0.09168710757947915,3.068014318806232,0
2016-07-29 18:20:00,13.324056812430982,0.97601830865262,0.09509694922815118,2.0783688475779676,0
2016-07-29 18:25:00,13.375821443999218,0.9757338967607707,0.0948959201631725,2.0744890110106136,0
2016-07-29 18:30:00,13.461362844690655,0.9753076103821282,0.09487232533005088,1.8868529024326883,0
2016-07-29 18:35:00,14.07833269524412,0.9750762422797479,0.09553359756269807,7.8358624971266755,0
2016-07-29 18:40:00,14.443732726388237,0.9712994493940516,0.09194618050081853,7.8358624971266755,0
2016-07-29 18:45:00,13.866545709863265,0.9700852264372081,0.09015703380619272,6.540200006654142,0
2016-07-29 18:50:00,14.046708382226347,0.9697304846471664,0.09063608529703907,2.3078923217426244,0
2016-07-29 18:55:00,14.079518205428158,0.9704450109479685,0.09190347494263111,2.3078923217426244,0
2016-07-29 19:00:00,14.410714442827905,0.9700832998227594,0.09025233311166696,2.3123289014600075,0
2016-07-29 19:05:00,14.770390437173143,0.9658719954375619,0.08555509461941922,2.6156760534924186,0
2016-07-29 19:10:00,14.44481694660694,0.9650454870836266,0.08573944785349082,2.6156760534924186,0
2016-07-29 19:15:00,14.085759236291688,0.9694975461483648,0.08965154034241508,2.3264556484232335,0
2016-07-29 19:20:00,11.675928130877043,0.8926418759474136,0.06498458931140409,3.3861792443649366,0
2016-07-29 19:25:00,9.691926673939252,0.8018413701032785,0.03521101881929972,3.914774123882867,0
2016-07-29 19:30:00,9.579186281105915,0.8057910065102707,0.0355562617090992,3.914774123882867,0
2016-07-29 19:35:00,9.73416414614466,0.8215014106187386,0.036763829490761374,2.7726682532829288,0
2016-07-29 19:40:00,10.137157988493673,0.8330516821686202,0.0379966017347509,2.350635078442821,0
2016-07-29 19:45:00,9.941309836718428,0.8177966618856055,0.035987856209181456,2.0859822122929517,0
2016-07-29 19:50:00,9.96969911405053,0.825935396364341,0.03803866192385098,3.503863838466038,0
2016-07-29 19:55:00,10.359679892274043,0.8486657835388757,0.040935257409254334,4.048049568218445,0
2016-07-29 20:00:00,10.997711418364144,0.8207550101914937,0.033942184892677627,4.048049568218445,0
2016-07-29 20:05:00,11.343759555556666,0.80699623204602,0.03163837220180121,2.0579719951261892,0
2016-07-29 20:10:00,10.952679221650282,0.8045485357413477,0.031935912883579984,1.866395698107894,0
2016-07-29 20:15:00,10.738231762214257,0.7972351817084795,0.029466970201195496,1.866395698107894,0
2016-07-29 20:20:00,10.431681872911275,0.7992446484862186,0.029657738292358977,1.742898337199575,0
2016-07-29 20:25:00,10.22103383509604,0.7933220110697777,0.030786321375095682,2.1624130099421834,0
2016-07-29 20:30:00,10.174989082551269,0.8118651913818373,0.034884714190505026,2.750899253080295,0
2016-07-29 20:35:00,9.997873991943669,0.8299826675938178,0.03687790477728733,2.750899253080295,0
2016-07-29 20:40:00,10.097967140880574,0.8284937921487237,0.03630408703711649,1.7454657538236678,0
2016-07-29 20:45:00,10.300310745901491,0.8279907606431718,0.03703603312996837,1.6812854426220587,0
2016-07-29 20:50:00,9.81856826659598,0.8166406688603157,0.034475428296983884,2.8960120810622048,0
2016-07-29 20:55:00,9.754837185421398,0.8232405758584747,0.03415379327054515,2.8960120810622048,0
2016-07-29 21:00:00,9.977777806470408,0.8204043008140516,0.034086772494807425,1.747277223344438,0
2016-07-29 21:05:00,9.940319445278558,0.8093370149305362,0.033766094882930794,2.053754219878889,0
2016-07-29 21:10:00,10.276897530799843,0.8159163101145919,0.03425492846238378,2.053754219878889,0
2016-07-29 21:15:00,10.534069426396629,0.8160712779109931,0.03360810075027977,1.6499525652530795,0
2016-07-29 21:20:00,10.380420378988209,0.8236780271106782,0.03532594174745211,1.7094204609412527,0
2016-07-29 21:25:00,10.571499490865262,0.857549530336154,0.04312068371622281,2.374770629864121,0
2016-07-29 21:30:00,10.56973700311282,0.8563978039070931,0.04247790878080056,2.374770629864121,0
2016-07-29 21:35:00,10.10560700545825,0.8364594193020336,0.0366583434055028,1.2774840083365435,0
2016-07-29 21:40:00,9.647550716228789,0.8244263418122612,0.035205234358588355,2.7110493563148643,0
2016-07-29 21:45:00,9.159849607911841,0.8032161424450507,0.032565353069825304,2.7110493563148643,0
2016-07-29 21:50:00,9.509783311757495,0.8180987317261821,0.03610541472084675,4.4379888334307545,0
2016-07-29 21:55:00,9.552248945538258,0.819049627271162,0.036220399008133244,4.4379888334307545,0
2016-07-29 22:00:00,9.245646203240204,0.8084269489229744,0.03342551797256217,2.073590176019717,0
2016-07-29 22:05:00,9.447747247684124,0.8417234896955265,0.04054928447646559,3.161416541936571,0
2016-07-29 22:10:00,8.891048108141677,0.8180338796468472,0.037807879515757016,3.161416541936571,0
2016-07-29 22:15:00,8.52251315379468,0.7775677838413747,0.0303540655004227,2.6904026736724,0
2016-07-29 22:20:00,8.949448905743077,0.813857149355651,0.035574924394499524,2.297151379609596,0
2016-07-29 22:25:00,9.204274687640579,0.8337352919820773,0.037847129873264315,2.881322114157793,0
2016-07-29 22:30:00,10.458278992558201,0.8836279849279838,0.05312509477853182,4.3250709188324885,0
2016-07-29 22:35:00,11.166458851122249,0.9190894785162985,0.061066732839532525,4.3250709188324885,0
2016-07-29 22:40:00,10.230074107425207,0.8666556724211557,0.04622366839569867,5.67222752904517,0
2016-07-29 22:45:00,9.162678612324923,0.8315912548509269,0.038471613373353884,5.67222752904517,0
2016-07-29 22:50:00,8.870690067102094,0.8135586862531733,0.034289817991006555,5.183810494288988,0
2016-07-29 22:55:00,9.625230159544145,0.8182015567866487,0.035060391931722105,2.612961697778673,0
2016-07-29 23:00:00,10.198966235789523,0.8257746582591344,0.03583484505803348,2.0805254276202767,0
2016-07-29 23:05:00,10.010099082038701,0.8072527502320275,0.03283089087271949,1.9337061997092349,0
2016-07-29 23:10:00,9.817514342486776,0.7955312102032515,0.032014344807186575,1.9337061997092349,0
2016-07-29 23:15:00,10.537015644986603,0.8066490563868625,0.03376929646312419,2.101772364133744,0
2016-07-29 23:20:00,10.777098678412887,0.803090655891049,0.03193830109891939,2.101772364133744,0
2016-07-29 23:25:00,10.545855233370043,0.7896828712345827,0.028316434226575076,1.9313186377847722,0
2016-07-29 23:30:00,10.574997752753962,0.7954786403158652,0.029010812007541208,1.9313186377847722,0
2016-07-29 23:35:00,10.394344815989768,0.7924116060907178,0.029480277863191275,2.9509752948860717,0
2016-07-29 23:40:00,10.466297441031639,0.7876134734724101,0.029042415375940173,2.9509752948860717,0
2016-07-29 23:45:00,10.493769823603573,0.7915258012587596,0.028818391833643337,2.486182173266262,0
2016-07-29 23:50:00,10.456784320667055,0.7972216466308195,0.028865273530243117,1.5404344525187752,0
2016-07-29 23:55:00,10.657272371321213,0.8047543951344514,0.03099038560277918,1.9482896691391764,0
2016-07-30 00:00:00,10.439299537693609,0.8109042673288827,0.03308977477292262,2.719992541497129,0
2016-07-30 00:05:00,10.21480114522352,0.8156249109691432,0.0342303081624943,2.9096094992197257,0
2016-07-30 00:10:00,10.620729267475909,0.8073138242005062,0.03287630123782771,2.9096094992197257,0
2016-07-30 00:15:00,10.57201939329567,0.7893814858852177,0.029967855930424725,2.0093634706324086,0
2016-07-30 00:20:00,10.456399721379835,0.8051871089601851,0.03350583341617622,2.0093634706324086,0
2016-07-30 00:25:00,10.546701178127481,0.8058677802747812,0.033576153506825905,1.7791524117088406,0
2016-07-30 00:30:00,10.367118000855914,0.78253232967546,0.029661491389431534,2.0302204909422046,0
2016-07-30 00:35:00,10.713214917140501,0.7836925761166378,0.029738397174004377,2.0302204909422046,0
2016-07-30 00:40:00,10.9737112534304,0.7876727162931676,0.03054167285102697,1.7925351285316116,0
2016-07-30 00:45:00,10.530498045253427,0.7710413477671233,0.029178923331506585,1.9323612594529016,0
2016-07-30 00:50:00,10.638125399236378,0.7840558226810683,0.03154866800039642,1.9323612594529016,0
2016-07-30 00:55:00,10.809007229432739,0.7984062173796889,0.03300816123988366,1.732079013115132,0
2016-07-30 01:00:00,10.52459422726588,0.7973518923627951,0.03262676531131743,4.709545372767664,0
2016-07-30 01:05:00,10.46959885358481,0.7980608121631232,0.03194526139154312,4.709545372767664,0
2016-07-30 01:10:00,10.271230469581814,0.7893732488026639,0.03012664227232679,1.8149600522575025,0
2016-07-30 01:15:00,10.285569269367695,0.7797481529588147,0.029505861790001926,1.8149600522575025,0
2016-07-30 01:20:00,10.710386633626666,0.7534532878966138,0.02617902586573177,1.3096117329484207,0
2016-07-30 01:25:00,11.514763864968135,0.7544135292703009,0.026993053379021005,3.325427648268966,0
2016-07-30 01:30:00,11.782877351832354,0.7713302271566379,0.028617736196872474,3.325427648268966,0
2016-07-30 01:35:00,11.231334142989333,0.7710966053678604,0.02724023070555537,2.1255010744891045,0
2016-07-30 01:40:00,11.42160678976653,0.7596939097581562,0.026323675352407823,2.1255010744891045,0
2016-07-30 01:45:00,11.429899438863826,0.7450724817146741,0.02547963050133571,4.0625557498400005,0
2016-07-30 01:50:00,11.031463580237153,0.746742771262282,0.02559165923819538,4.0625557498400005,0
2016-07-30 01:55:00,11.642936305769558,0.7785002901638418,0.03044770237390766,3.1466991535204993,0
2016-07-30 02:00:00,11.831348503735475,0.7985841878570867,0.03479493840275584,3.1466991535204993,0
2016-07-30 02:05:00,11.556304014453719,0.7822881388520494,0.032539208837043754,6.320249657493527,0
2016-07-30 02:10:00,11.496558149597012,0.7671171520342712,0.02776188402053308,6.410065399602087,0
2016-07-30 02:15:00,11.213410063162806,0.7677884850512179,0.02745433807841576,6.410065399602087,0
2016-07-30 02:20:00,11.102133739572974,0.7545842929486085,0.026879000061784935,2.251552718736808,0
2016-07-30 02:25:00,11.166180356483236,0.7519585411044971,0.025280850966024126,2.258211738513848,0
2016-07-30 02:30:00,11.207134717517784,0.7610519729145466,0.02607030211114868,2.258211738513848,0
2016-07-30 02:35:00,11.870076852236641,0.7509664706903655,0.02577791823597269,2.340261208031094,0
2016-07-30 02:40:00,12.511184709974469,0.7557337911807743,0.027454065278491313,2.7103661111800643,0
2016-07-30 02:45:00,12.779411963714438,0.7475860933304039,0.02664366293654106,2.7103661111800643,0
2016-07-30 02:50:00,12.677247191803776,0.7491400316750443,0.026332788074748432,1.9816770212725965,0
2016-07-30 02:55:00,12.355460155137466,0.7552220896903643,0.026869618925875603,1.5789560030780638,0
2016-07-30 03:00:00,11.696938861405519,0.7465653169545257,0.026245818828947876,3.9482261818958375,0
2016-07-30 03:05:00,12.248505107468485,0.7889105307360464,0.033229013751936744,4.495058231648117,0
2016-07-30 03:10:00,13.22579506302775,0.8366533133761329,0.040557054761068516,5.254185306425652,0
2016-07-30 03:15:00,12.905175627713948,0.8266302894741726,0.03896089676187302,5.254185306425652,0
2016-07-30 03:20:00,13.070407544217934,0.7987831383494692,0.03490868844558837,4.39618122555926,0
2016-07-30 03:25:00,13.126806309607531,0.789912903173185,0.03481968202685892,7.361508631631036,0
2016-07-30 03:30:00,12.462224109705193,0.7592056387201018,0.03019145234519749,7.361508631631036,0
2016-07-30 03:35:00,12.18582347118467,0.7387944687540271,0.0255625711361643,2.056031309307046,0
2016-07-30 03:40:00,12.449472829218642,0.7439355772899348,0.025678860633158468,2.7222240860399665,0
2016-07-30 03:45:00,12.693802633372158,0.7527484938788178,0.027099071944020302,2.7222240860399665,0
2016-07-30 03:50:00,12.757078855302325,0.7588563915417937,0.027818328373825252,1.607541633687549,0
2016-07-30 03:55:00,12.81723003456278,0.7423650292876671,0.025137592567047028,1.607541633687549,1
2016-07-30 04:00:00,12.60838023016394,0.7584152719961347,0.026961111310741193,2.2925907052981733,1
2016-07-30 04:05:00,12.492732140997465,0.7719444394302157,0.028709227201524717,4.984283673039787,1
2016-07-30 04:10:00,14.624711552994475,0.7865044332631912,0.03297628444137672,5.818171137395615,1
2016-07-30 04:15:00,14.446809028021189,0.7813395290385616,0.03276234933467463,5.818171137395615,1
2016-07-30 04:20:00,12.970747219154243,0.783238926376765,0.03264465422912972,4.260710839750702,1
2016-07-30 04:25:00,13.15675278040133,0.8023030682347234,0.03503591903431824,4.260710839750702,1
2016-07-30 04:30:00,12.867789564042042,0.7663638749935389,0.028840492496486025,3.0529102714591025,1
2016-07-30 04:35:00,13.000523945091086,0.7440181205022389,0.025662143551170795,3.1243535116515,1
2016-07-30 04:40:00,17.1988517938243,0.783580863401122,0.033562292972464505,23.19204948874926,1
2016-07-30 04:45:00,19.187299240841185,0.8052244322212336,0.036936422068853364,26.39042583196288,1
2016-07-30 04:50:00,27.58951331629924,0.783125836191997,0.03251180268279712,58.81308373090475,1
2016-07-30 04:55:00,25.583836014279516,0.7516655384509533,0.027830283617975453,58.81308373090475,1
2016-07-30 05:00:00,12.770447005340078,0.7352381153638101,0.024146332857503214,5.748015880467908,1
2016-07-30 05:05:00,12.718901728546342,0.7346625385949008,0.024052546410515956,5.748015880467908,1
2016-07-30 05:10:00,12.880969452025372,0.7333678426393042,0.024260182999603593,4.285799983178039,1
2016-07-30 05:15:00,12.637647470433588,0.7446256757964338,0.02551993129239185,4.724517724384957,1
2016-07-30 05:20:00,12.967707187489825,0.7525104359718018,0.027097136296277018,4.724517724384957,1
2016-07-30 05:25:00,13.883710865671409,0.7549496583750288,0.02750828509303622,3.158429419783265,1
2016-07-30 05:30:00,14.053151329139954,0.7645620853536357,0.02890663096751096,2.8954596225999225,1
2016-07-30 05:35:00,13.600464421841949,0.7777673802175542,0.0315099466256173,1.5573457933168877,1
2016-07-30 05:40:00,13.396652945762279,0.7714627932053262,0.0299760791864332,1.2439199117972184,1
2016-07-30 05:45:00,13.516249664264347,0.7869574212030452,0.03297203940883757,4.7062002289109,1
2016-07-30 05:50:00,13.039252256966241,0.7705160012730481,0.031734331122230154,4.7062002289109,1
2016-07-30 05:55:00,12.40350024000675,0.7309726960325469,0.024898527869656066,3.6384176382931064,1
2016-07-30 06:00:00,12.368980639936389,0.742862122046138,0.026061704948450566,3.6384176382931064,1
2016-07-30 06:05:00,12.602836907837007,0.7574140048648885,0.02791440681739633,2.934664232663341,0
2016-07-30 06:10:00,12.996286452450443,0.7420283347705662,0.02495089034858433,3.616137719925613,0
2016-07-30 06:15:00,13.62523302254515,0.7282283015115378,0.022913401209323666,3.616137719925613,0
2016-07-30 06:20:00,14.254979646944747,0.7387388331824879,0.024686467083017735,3.6023629349651034,0
2016-07-30 06:25:00,14.126372595775189,0.7396423816812709,0.02585277267930939,1.4803649545772606,0
2016-07-30 06:30:00,13.494644467939086,0.7213476747085021,0.0236189450836076,2.729636253021702,0
2016-07-30 06:35:00,12.955926576241747,0.7237165260284115,0.022544072689130012,2.729636253021702,0
2016-07-30 06:40:00,13.293939637152675,0.7450609958328588,0.026053793282772176,2.1577672953196627,0
2016-07-30 06:45:00,13.552748705917313,0.7530556834419334,0.028767001355554593,3.1410163352387226,0
2016-07-30 06:50:00,13.20566724747099,0.7325003217156557,0.02474587906520618,4.906096196908096,0
2016-07-30 06:55:00,13.030179833105654,0.7339679986242726,0.02495477372074443,4.906096196908096,0
2016-07-30 07:00:00,12.667353235664319,0.7331735852284149,0.025648437902607645,3.649998850868013,0
2016-07-30 07:05:00,12.915843888360806,0.7132466819465083,0.02253241375354078,4.614330573348094,0
2016-07-30 07:10:00,13.725810316400484,0.7180499603306205,0.023509380137003676,4.614330573348094,0
2016-07-30 07:15:00,13.48494031702731,0.7173620461695567,0.023268273130481663,3.2777695679488628,0
2016-07-30 07:20:00,13.69953683176224,0.7224321180719007,0.023910125934323335,3.2777695679488628,0
2016-07-30 07:25:00,14.426324439321553,0.7366270646152551,0.024865194714180368,2.357076863086091,0
2016-07-30 07:30:00,13.909003078431024,0.738343351184668,0.02386305577397739,4.142314915062112,0
2016-07-30 07:35:00,13.88461425906674,0.7274170218389202,0.02273108217116529,4.142314915062112,0
2016-07-30 07:40:00,14.587970318681494,0.723071792335377,0.022294393497028726,2.512905466929773,0
2016-07-30 07:45:00,14.682632146634697,0.7307700697579169,0.023312248611708126,2.512905466929773,0
2016-07-30 07:50:00,14.58481426884757,0.7472591335662409,0.026582755767122622,2.4483312092073723,0
2016-07-30 07:55:00,14.423241285154782,0.7476354700617935,0.026912825358980465,2.1828461592618784,0
2016-07-30 08:00:00,13.644313799739285,0.7413904338644559,0.025737149438056973,3.140023284151517,0
2016-07-30 08:05:00,13.329363771578471,0.7262594281618128,0.023424739414503033,3.140023284151517,0
2016-07-30 08:10:00,13.589318237823267,0.720970330872591,0.022900594687912133,3.406730643301563,0
2016-07-30 08:15:00,13.755756219695044,0.7436599495509867,0.027319140576274457,3.406730643301563,0
2016-07-30 08:20:00,14.109954233641696,0.7362482162408832,0.02549041061013817,2.5715837298708397,0
2016-07-30 08:25:00,14.128234658533568,0.7194772599638994,0.02199088693840078,2.5715837298708397,0
2016-07-30 08:30:00,14.064152940876642,0.7389268443888536,0.026254576647725552,1.7885550866581237,0
2016-07-30 08:35:00,13.998137147716188,0.7402127977619724,0.026085444467936765,1.6149759668179196,0
2016-07-30 08:40:00,14.204568762761772,0.7243883983630248,0.022802510601758676,1.984872375413275,0
2016-07-30 08:45:00,14.009967037584095,0.7347004941397334,0.024944980860197644,3.0497635185429615,0
2016-07-30 08:50:00,13.48019636683983,0.7359989115595482,0.025108482088346012,3.0497635185429615,0
2016-07-30 08:55:00,13.330300272856089,0.7531219558094333,0.02732726138836537,2.5105705152143347,0
2016-07-30 09:00:00,12.498861670750014,0.7806960835820659,0.0310094601775873,3.4980490004923577,0
2016-07-30 09:05:00,12.392019768382918,0.784806823787869,0.03168982879156595,3.4980490004923577,0
2016-07-30 09:10:00,12.9043829524686,0.7727328311585564,0.03048357934781935,2.51696139861908,0
2016-07-30 09:15:00,13.490182619970039,0.7771645136201026,0.03442911761234705,7.1366927088267476,0
2016-07-30 09:20:00,13.329144342958282,0.769222588494785,0.03198515078716459,7.984115532369016,0
2016-07-30 09:25:00,12.581456121234517,0.7501271669126925,0.024883520270443694,7.984115532369016,0
2016-07-30 09:30:00,12.627256894367047,0.7597271904897382,0.02656616134692011,4.012533348883151,0
2016-07-30 09:35:00,12.770957478909411,0.767866906802904,0.02839007250644688,4.012533348883151,0
2016-07-30 09:40:00,13.648938233621323,0.7932542211029213,0.03229643934335091,5.3577031750461535,0
2016-07-30 09:45:00,13.809237602902295,0.7985652536083175,0.032476841951765624,5.3577031750461535,0
2016-07-30 09:50:00,13.057548836943429,0.7761993043431654,0.029408086799453143,3.0750615173600147,0
2016-07-30 09:55:00,13.484844789123576,0.7949077785982454,0.032767776478445726,3.1284682568244886,0
2016-07-30 10:00:00,13.002864763936582,0.8140227288631428,0.034678517763117075,3.1809626358516887,0
2016-07-30 10:05:00,11.819048263724985,0.8051852330798367,0.03335253879911493,3.1809626358516887,0
2016-07-30 10:10:00,11.884369488411805,0.7788847431674093,0.02923412591354358,2.2789308975396345,0
2016-07-30 10:15:00,11.955389332813066,0.8111777341078673,0.03504061713783839,3.224638294285573,0
2016-07-30 10:20:00,12.041001701485714,0.8669249658731855,0.04620592770014916,3.224638294285573,0
2016-07-30 10:25:00,11.717036849126924,0.8455660268874806,0.04094920823339402,2.220443285792575,0
2016-07-30 10:30:00,11.427459284773416,0.8268935942014335,0.03579764272861509,4.956247804406535,0
2016-07-30 10:35:00,11.101281014272303,0.8196289155894242,0.03434034498333514,5.296890634063608,0
2016-07-30 10:40:00,10.727612662840807,0.8113101415396763,0.03199910491178245,5.296890634063608,0
2016-07-30 10:45:00,11.476502879424057,0.8320213259494035,0.0368656611307392,3.705703690778981,0
2016-07-30 10:50:00,11.576558455637699,0.8334338200763025,0.03796437962850981,1.8235312658370846,0
2016-07-30 10:55:00,11.057462665851293,0.8112805441108922,0.03399599312678025,2.2293630469726664,0
2016-07-30 11:00:00,10.785288940785021,0.819012147270812,0.03577052431444045,2.2293630469726664,0
2016-07-30 11:05:00,11.380181764954738,0.8373486815019957,0.04755110614738772,16.83613477665501,0
2016-07-30 11:10:00,11.071595714594093,0.8284194284882179,0.046033581650984125,16.83613477665501,0
2016-07-30 11:15:00,10.309567636138535,0.8236813481673004,0.03727081231632384,5.598672132898696,0
2016-07-30 11:20:00,10.716041532241704,0.8224893921801539,0.036607994332693336,5.598672132898696,0
2016-07-30 11:25:00,10.775051347491289,0.8210201562021516,0.03422134338056065,1.8468443991877896,0
2016-07-30 11:30:00,10.707168525339686,0.8206871303685013,0.03407795446713454,1.8468443991877896,0
2016-07-30 11:35:00,10.34803457427342,0.810205209786462,0.033440161019116135,1.392107059015633,0
2016-07-30 11:40:00,9.886716179332288,0.7911119698960313,0.030512139581659083,2.8885402391782584,0
2016-07-30 11:45:00,9.919710746092829,0.7748591192531541,0.028086735320428456,2.8885402391782584,0
2016-07-30 11:50:00,9.626404314668688,0.7940519116819695,0.031584576364362044,1.8763969471861213,0
2016-07-30 11:55:00,9.855840415690572,0.8314785459229469,0.03707719845028079,3.0396908218724374,0
2016-07-30 12:00:00,10.057856335569369,0.8427000718139968,0.038746807708243805,3.0396908218724374,0
2016-07-30 12:05:00,9.347240122009808,0.829501083019723,0.0363723037295989,2.024083174741266,0
2016-07-30 12:10:00,9.487858494752057,0.8260121360783717,0.034943411151300174,2.017566743455579,0
2016-07-30 12:15:00,9.747648539422139,0.8209652567189695,0.03400251439925503,2.017566743455579,0
2016-07-30 12:20:00,9.631069020912465,0.8077051026922728,0.03161974200943492,1.257501716422055,0
2016-07-30 12:25:00,9.820630729017392,0.8067117668423014,0.03183274769886395,7.5163053469206735,0
2016-07-30 12:30:00,9.973223710112084,0.8160674145517735,0.034614553469444864,7.5163053469206735,0
2016-07-30 12:35:00,9.789472669229276,0.8189379990994754,0.03467889950720715,4.345668249747999,0
2016-07-30 12:40:00,9.969239924593264,0.8241169812782314,0.035109334967586094,4.6384397664885295,0
2016-07-30 12:45:00,10.745068291772577,0.8430295751271649,0.04359342427638137,9.120076728722982,0
2016-07-30 12:50:00,10.921717192556397,0.8501505249583856,0.04517514471931736,9.120076728722982,0
2016-07-30 12:55:00,10.691719512349184,0.8398839952740623,0.03892669313901352,4.1665498583905105,0
2016-07-30 13:00:00,11.676015313140272,0.8616017145896617,0.050894585408714096,11.345981982365714,0
2016-07-30 13:05:00,11.416458980256058,0.8482993396370644,0.047416559746433,11.345981982365714,0
2016-07-30 13:10:00,10.462275783416555,0.8133952036723396,0.03168775760013433,1.7101749578531082,0
2016-07-30 13:15:00,10.64246788909735,0.8087132011071702,0.03150893371744214,1.7101749578531082,0
2016-07-30 13:20:00,10.71634852941246,0.8041671459421487,0.031202899310872573,2.702708208422174,0
2016-07-30 13:25:00,10.58280177630481,0.8037146353226853,0.03134665134970839,2.702708208422174,0
2016-07-30 13:30:00,10.543259133708213,0.8029476100385858,0.031363667314406186,2.431257155142639,0
2016-07-30 13:35:00,10.606633287891576,0.8121898490066946,0.03322569974614889,1.64657881559222,0
2016-07-30 13:40:00,11.30941988977442,0.8294170960370385,0.04115049851005133,11.512309696505874,0
2016-07-30 13:45:00,13.04922311734877,0.8425392794988735,0.052279837582491884,25.70272586362268,0
2016-07-30 13:50:00,12.425793659262668,0.8181424908357527,0.043631919774079264,25.70272586362268,0
2016-07-30 13:55:00,10.720315218890722,0.8083801809141744,0.032167569980242595,2.3442373228606166,0
2016-07-30 14:00:00,10.56375956172692,0.8302778608675598,0.03594760494644733,2.3080279762715383,0
2016-07-30 14:05:00,10.680190977990712,0.810698108359906,0.03349646960762964,2.615155901664422,0
2016-07-30 14:10:00,11.496665328093407,0.8189524213723416,0.036050032915988385,2.615155901664422,0
2016-07-30 14:15:00,12.148561412170524,0.8358235152418937,0.03927481176012051,3.914469144803211,0
2016-07-30 14:20:00,11.918084585404515,0.813457208312135,0.034655201966578245,3.914469144803211,0
2016-07-30 14:25:00,11.55401249511425,0.7888697028194702,0.03055947425561939,2.146958827082287,0
2016-07-30 14:30:00,11.39947407450603,0.7745046389698007,0.02753911702897065,2.4099976482301666,0
2016-07-30 14:35:00,11.685024336950937,0.7709466715141713,0.027142876202789136,3.9455632044833995,0
2016-07-30 14:40:00,11.80299903068682,0.7693931967169395,0.027090946411480223,3.9455632044833995,0
2016-07-30 14:45:00,11.567057806005101,0.7678791979516799,0.026962365584551267,2.5290917896310443,0
2016-07-30 14:50:00,11.249580559693253,0.7673742133189029,0.027241102131473342,1.445596127243015,0
2016-07-30 14:55:00,10.975045449394225,0.7741237472350715,0.02787617204029268,2.179073470684929,0
2016-07-30 15:00:00,10.716747573856832,0.7782392681413197,0.028501291371257165,2.179073470684929,0
2016-07-30 15:05:00,10.284002075588715,0.7702531820666421,0.028211135496333785,1.5781603824335526,0
2016-07-30 15:10:00,10.37275336426946,0.7694284635098498,0.027968110243537903,1.6888185481945,0
2016-07-30 15:15:00,10.549382736600663,0.7870908976931349,0.029377232763759586,1.6888185481945,0
2016-07-30 15:20:00,10.438101441411124,0.7946451386326137,0.030001310030538002,3.295051296995187,0
2016-07-30 15:25:00,10.436766913558767,0.7997153146222996,0.030302688303349434,3.295051296995187,0
2016-07-30 15:30:00,10.193594712025114,0.7997462252513288,0.030406679644200584,2.1377022122311193,0
2016-07-30 15:35:00,10.163744723218095,0.7973509567186422,0.03139747239559722,3.5589581335626703,0
2016-07-30 15:40:00,10.662168406640522,0.7852342123838715,0.02995237759098634,4.695488490915645,0
2016-07-30 15:45:00,10.568294818628875,0.794291565361603,0.031072854653469012,4.695488490915645,0
2016-07-30 15:50:00,10.453179932364772,0.8305275793020269,0.03945161132740632,4.396049728443216,0
2016-07-30 15:55:00,10.446991472918935,0.8183648852027812,0.03717810037136234,4.396049728443216,0
2016-07-30 16:00:00,10.80316843177214,0.8121404403388179,0.034943494574159684,5.473409535236236,1
2016-07-30 16:05:00,10.8792590884816,0.822347456428739,0.03659106937118062,5.473409535236236,1
2016-07-30 16:10:00,10.200292840163476,0.7918748769546822,0.03052963629591941,4.038628188154707,0
2016-07-30 16:15:00,11.549686580097097,0.8019762333951073,0.04416589519171833,21.799635975488826,0
2016-07-30 16:20:00,18.043728850503157,0.8115549452823256,0.04661602646358273,33.69409001772208,1
2016-07-30 16:25:00,25.49081939476559,0.7918743624826706,0.03336715980318116,61.36484339863432,1
2016-07-30 16:30:00,18.344645906275357,0.8146582861338885,0.036628909201607066,61.36484339863432,1
2016-07-30 16:35:00,8.929240170103668,0.8389520388042223,0.04094606978031454,3.1917049718026287,1
2016-07-30 16:40:00,9.381168198885817,0.8373420404592302,0.041240898247132916,3.5150176128460044,1
2016-07-30 16:45:00,9.498151038065906,0.8372242931904614,0.03906482709426791,3.5150176128460044,1
2016-07-30 16:50:00,9.097821201325331,0.8253071246435838,0.03594432749594733,2.0943974195945114,0
2016-07-30 16:55:00,9.118483244188555,0.8156033985903421,0.03457593742618657,2.0943974195945114,1
2016-07-30 17:00:00,9.602455004356397,0.8367007394562277,0.03817858802696775,1.70746505352844,1
2016-07-30 17:05:00,9.397669053383842,0.838316222023751,0.03924515254035656,1.9549615777753586,1
2016-07-30 17:10:00,8.73346659438226,0.8326947408154444,0.03884201479956727,1.9549615777753586,0
2016-07-30 17:15:00,8.349979678843912,0.8464040582379495,0.041420933103217386,1.9995973669879212,0
2016-07-30 17:20:00,8.266253536308131,0.8352098593691709,0.03910274217318875,1.9995973669879212,0
2016-07-30 17:25:00,17.142618357074063,0.8255297149862989,0.0367099562866356,35.78077363683268,1
2016-07-30 17:30:00,23.27274235295166,0.8393410412491239,0.040232048116233855,39.48897675222267,1
2016-07-30 17:35:00,15.406465526574816,0.8265012912586931,0.03801182952809767,39.48897675222267,1
2016-07-30 17:40:00,10.576181838895764,0.7956298464717196,0.031500345736164184,11.494347956507383,1
2016-07-30 17:45:00,10.680108859158583,0.8107386889315127,0.0345162851517331,2.714832955783506,0
2016-07-30 17:50:00,10.296317379515264,0.8357099096582858,0.03803542036422712,2.591227688628134,0
2016-07-30 17:55:00,10.091863555510983,0.8221629724782419,0.03437864553946333,2.1642725131913174,0
2016-07-30 18:00:00,9.925985862656692,0.8214929777840447,0.036280585007008134,4.261455407403756,0
2016-07-30 18:05:00,9.819427594252332,0.8254819116115992,0.03703816823581384,4.261455407403756,0
2016-07-30 18:10:00,10.231431195566252,0.8214971514155336,0.03428612586864743,4.256129621078366,0
2016-07-30 18:15:00,10.096117548509971,0.8245707722059777,0.034769130229846,2.8997417288980736,0
2016-07-30 18:20:00,9.836955215135657,0.8104624356314825,0.03286679587613489,2.8997417288980736,0
2016-07-30 18:25:00,10.278377284192917,0.8152804075803837,0.03410516234158794,2.6193746834008973,0
2016-07-30 18:30:00,10.336671445486566,0.8148882631724657,0.033168230698542286,2.1186470178222594,0
2016-07-30 18:35:00,10.32215206378537,0.7981076134586671,0.029354566799544242,2.595760989153577,0
2016-07-30 18:40:00,10.165961550177016,0.8058045399315311,0.031575899331368326,2.595760989153577,0
2016-07-30 18:45:00,9.729471875659419,0.8060429245049567,0.032508378844320646,2.5436079238401565,0
2016-07-30 18:50:00,10.791481425663942,0.8462833515555749,0.045470197146926926,6.328620756344059,0
2016-07-30 18:55:00,11.122699693632864,0.8615090582879898,0.047640714802751796,6.797992488768295,0
2016-07-30 19:00:00,10.110654421732683,0.8396882856837078,0.03799711218891703,6.797992488768295,0
2016-07-30 19:05:00,9.892633555677174,0.8334743397337369,0.03731102426201415,1.558008642503434,0
2016-07-30 19:10:00,9.827456096700038,0.8191955785328737,0.03542972083995557,1.7311502082303458,0
2016-07-30 19:15:00,9.7289913856199,0.7966685898572068,0.032369018035301775,1.7311502082303458,0
2016-07-30 19:20:00,9.838646815232831,0.7953525528121923,0.03210866935426017,1.4348106671597953,0
2016-07-30 19:25:00,10.047225057543963,0.8179692833811875,0.034360450672745006,1.5916890731615798,0
2016-07-30 19:30:00,10.396528901713936,0.8126592372269401,0.031856013439373186,1.8297495512606174,0
2016-07-30 19:35:00,11.614728980955153,0.8629351698294142,0.04936343323608718,2.908879581103742,0
2016-07-30 19:40:00,13.81630303866433,0.9443414381464782,0.08182119216207516,2.908879581103742,0
2016-07-30 19:45:00,14.513745326498261,0.9586244555812123,0.09222665007267389,4.943834480623613,0
2016-07-30 19:50:00,12.473052556589897,0.8944668854440162,0.06363620565103692,4.943834480623613,0
2016-07-30 19:55:00,10.829363333524217,0.8393995013632516,0.03879354131967549,4.795675164726269,0
2016-07-30 20:00:00,10.330050975337095,0.8305723028490994,0.036503594951343074,3.0630483150490613,0
2016-07-30 20:05:00,9.960952001050277,0.8291307021773942,0.034651941632793705,1.9987390758295938,0
2016-07-30 20:10:00,10.198462494520609,0.8308080697518267,0.03672595678284712,1.9987390758295938,0
2016-07-30 20:15:00,10.454621518721076,0.8214978966361801,0.03556718463081953,2.1937178302895033,0
2016-07-30 20:20:00,10.239141484680555,0.796282254972869,0.030531385925440864,2.1937178302895033,0
2016-07-30 20:25:00,10.51695013697044,0.795315743855961,0.03200148399849692,1.9560098803492239,0
2016-07-30 20:30:00,10.571277513000624,0.8101673193544792,0.03318117355229959,2.999380187000842,0
2016-07-30 20:35:00,10.544234001989924,0.8017750456002515,0.03033099849377687,3.5719247581486635,0
2016-07-30 20:40:00,11.08716471366474,0.8077080374862198,0.03382420369642097,3.5719247581486635,0
2016-07-30 20:45:00,10.956763430767863,0.806247321294843,0.03329002752146804,2.2152136479608138,0
2016-07-30 20:50:00,10.324888413867345,0.7888829490976785,0.02883003613700409,2.1013295027630394,0
2016-07-30 20:55:00,10.538802367398434,0.7929023835000086,0.029766512188049737,2.1013295027630394,0
2016-07-30 21:00:00,10.425445314961982,0.7995437551913757,0.03151285843843149,1.860302906917878,0
2016-07-30 21:05:00,9.62724714668008,0.8042590768130534,0.03257487612507993,2.0913497608021716,0
2016-07-30 21:10:00,10.031468208516594,0.8324421282071625,0.037851865853090014,3.0186019374187905,0
2016-07-30 21:15:00,10.03784123721573,0.8469607012591556,0.03950155363245851,3.0186019374187905,0
2016-07-30 21:20:00,10.219578895148642,0.8649640064432554,0.04272838792569633,2.5958116931553783,0
2016-07-30 21:25:00,11.03175726381338,0.8677666215089407,0.044751166687436575,2.5958116931553783,0
2016-07-30 21:30:00,10.516503780031446,0.8408507481664674,0.03917464004211836,2.0059989846541595,0
2016-07-30 21:35:00,10.047137003114168,0.8345927446859243,0.03780070776908319,1.8819541508206412,0
2016-07-30 21:40:00,9.915850822206938,0.8265447466295208,0.037180196767657464,2.707565053943876,0
2016-07-30 21:45:00,9.91012509810866,0.8398489265125346,0.03887293508930298,2.707565053943876,0
2016-07-30 21:50:00,9.736300780316157,0.8353620708893144,0.0374879272117193,2.099605074017264,0
2016-07-30 21:55:00,9.7925859736066,0.8156946541227452,0.03380062609574142,2.099605074017264,0
2016-07-30 22:00:00,10.309177313415734,0.8181413058657925,0.03401165710719574,2.7488129921461697,0
2016-07-30 22:05:00,10.572063265160226,0.8092008450345278,0.032612556338143125,2.7488129921461697,0
2016-07-30 22:10:00,10.986963963839646,0.7891528482694831,0.029447372706232832,2.040467199036532,0
2016-07-30 22:15:00,11.750244671334627,0.7789936589796905,0.02821806808188663,3.150703371485211,0
2016-07-30 22:20:00,12.056377596190538,0.7802671065706047,0.028510788021777894,3.150703371485211,0
2016-07-30 22:25:00,12.245404758644947,0.7905712711818146,0.0305797525426105,2.9230762322740977,0
2016-07-30 22:30:00,13.357757092965494,0.8429312292312471,0.04139503443867239,3.953064774549772,0
2016-07-30 22:35:00,13.962349365963522,0.8491121253141386,0.04376436766285256,4.583402430687382,0
2016-07-30 22:40:00,13.292566174606298,0.7919810298841203,0.03246287250664739,4.583402430687382,0
2016-07-30 22:45:00,12.974758629977462,0.774135608864654,0.028243183069362177,2.8855862193643755,0
2016-07-30 22:50:00,12.736007865998364,0.7740465607441801,0.02785026939203237,3.0123973546035403,0
2016-07-30 22:55:00,12.612214326611305,0.7629690181485184,0.02683884356885009,3.0123973546035403,0
2016-07-30 23:00:00,12.547211352903869,0.7605755546277497,0.026915680584398877,2.2007616002623855,0
2016-07-30 23:05:00,12.163949821417777,0.7860395094254152,0.03085054220453634,2.87844169091718,0
2016-07-30 23:10:00,12.4888943872768,0.7947304416816907,0.03267634629825384,2.87844169091718,0
2016-07-30 23:15:00,12.203046999653385,0.7770364224155817,0.02953129189861666,2.2353815854878776,0
2016-07-30 23:20:00,12.693610505273732,0.7787529661510135,0.029551732264961727,3.6916385934639453,0
2016-07-30 23:25:00,13.214179520907535,0.7703896408845972,0.028231861355710753,3.6916385934639453,0
2016-07-30 23:30:00,12.97225145598413,0.7760691359646561,0.030511685688079382,7.915159603194,0
2016-07-30 23:35:00,12.881278794204002,0.7803593753119605,0.03158374852952913,7.915159603194,0
2016-07-30 23:40:00,12.309090970958469,0.7657702715796507,0.02737930949380383,6.948484590163805,0
2016-07-30 23:45:00,11.877407812125865,0.7698435594676651,0.027253814813149806,2.1581514736326026,0
2016-07-30 23:50:00,12.076759792679638,0.7805525629574481,0.029000205899533622,8.2869823114605,0
2016-07-30 23:55:00,12.347193746462406,0.7787477188679901,0.02943386414539039,8.2869823114605,0
2016-07-31 00:00:00,12.027421851032978,0.7958177180696623,0.03286451589167052,2.4403990081536167,0
2016-07-31 00:05:00,11.744977594468986,0.786302496481552,0.03201761853270899,2.008999485170315,0
2016-07-31 00:10:00,11.652652438315874,0.746190752146749,0.026027827920744102,2.9256746909185383,0
2016-07-31 00:15:00,11.72801438130869,0.7575796102967368,0.02648229802754093,2.9256746909185383,0
2016-07-31 00:20:00,11.871181241874122,0.7740820649410481,0.02823134871767064,2.7602664665746897,0
2016-07-31 00:25:00,12.524767973750063,0.7630289896679224,0.02721570328180382,2.7326141092520277,0
2016-07-31 00:30:00,12.931347112221749,0.7521230606606404,0.02547851490106624,1.933046187169063,0
2016-07-31 00:35:00,12.676736100600152,0.7567953234552335,0.025749786226012684,3.4835522133788976,0
2016-07-31 00:40:00,12.363942231671368,0.7516979234322203,0.025811804950973145,3.4835522133788976,0
2016-07-31 00:45:00,12.289674387648144,0.7577210830386307,0.026968060762857127,2.8715288857504397,0
2016-07-31 00:50:00,12.4386416659735,0.765696851407431,0.027607095120790494,1.9261285808131796,0
2016-07-31 00:55:00,12.689414688609176,0.7606786433712732,0.02674047564992544,3.0904614739224585,0
2016-07-31 01:00:00,12.692538919331886,0.7727125996235045,0.029465200935111967,3.911696606109688,0
2016-07-31 01:05:00,12.515575628455162,0.766258739068334,0.028350061822035928,3.911696606109688,0
2016-07-31 01:10:00,12.429634423289652,0.7505206115212124,0.02549657974968649,3.309186930375377,0
2016-07-31 01:15:00,12.370496558235448,0.7546963152362898,0.026420280246485767,3.2809600907270298,0
2016-07-31 01:20:00,12.782696928938304,0.7540663746934716,0.02606289817345448,2.5862443508857127,0
2016-07-31 01:25:00,13.38135270267945,0.767431527563238,0.028694346630208527,2.2400697454116263,0
2016-07-31 01:30:00,13.128866361601983,0.7838209029277323,0.031233096267216244,2.6934668150135925,0
2016-07-31 01:35:00,12.868676937741219,0.8003066725600261,0.033968299141915737,6.3067108623016805,0
2016-07-31 01:40:00,13.249955361283273,0.8048206365482351,0.03505244213204064,6.3067108623016805,0
2016-07-31 01:45:00,13.596312827630857,0.7974171022125808,0.03328501957201831,2.8147498780809936,0
2016-07-31 01:50:00,13.788977738993333,0.7993489806082945,0.034640481616381336,3.0395417706136327,0
2016-07-31 01:55:00,13.451771615384818,0.7997162884889383,0.034910164123432286,3.41897221406638,0
2016-07-31 02:00:00,12.745103707001693,0.8188771023013341,0.03751213551354068,3.41897221406638,0
2016-07-31 02:05:00,13.094628652777592,0.8177249046184993,0.03747247378513729,3.452948901037123,0
2016-07-31 02:10:00,13.91735673914369,0.7966517898825356,0.034735344246112174,3.452948901037123,0
2016-07-31 02:15:00,13.662040332872909,0.7950053772664848,0.03484570645869269,3.325999463383963,0
2016-07-31 02:20:00,13.578833314401482,0.795959582639125,0.033777573971199806,1.9948406923720383,0
2016-07-31 02:25:00,13.808302098112673,0.8035290220296671,0.03390271103153679,2.2291358391539426,0
2016-07-31 02:30:00,13.2608297484596,0.8250174882610701,0.0368051157609333,3.745221211018458,0
2016-07-31 02:35:00,12.952929953184736,0.825442313252377,0.0374366883239646,3.745221211018458,0
2016-07-31 02:40:00,13.442585088723694,0.8157776606011038,0.036600206800925496,3.1324284914249407,0
2016-07-31 02:45:00,13.200922228443238,0.8263067052547263,0.03780837643055049,2.592831835464286,0
2016-07-31 02:50:00,13.158672089379115,0.8139783675198802,0.03549047828476055,2.208025438527948,0
2016-07-31 02:55:00,13.38009432024908,0.8036266086991096,0.03378213381787771,2.208025438527948,0
2016-07-31 03:00:00,12.96497939041426,0.8158829829949267,0.03617710860885566,2.6269124119643648,0
2016-07-31 03:05:00,12.93365652247299,0.8246983831112968,0.038108003151253275,3.477701673898607,0
2016-07-31 03:10:00,12.761403430070278,0.8285563913053219,0.03873812471913478,3.477701673898607,0
2016-07-31 03:15:00,12.681757213056448,0.8161104569706663,0.037105861446377356,2.9094127654723825,0
2016-07-31 03:20:00,13.07068915890704,0.7991507131359763,0.034141110113756847,2.5866751216112864,0
2016-07-31 03:25:00,13.558519492930035,0.7978906058152145,0.03395965965221444,2.262076822569325,0
2016-07-31 03:30:00,13.57154172327834,0.801325149518564,0.03521439337825521,2.262076822569325,0
2016-07-31 03:35:00,13.507759580566312,0.8037125046493468,0.03610282187892809,3.0721832354044767,0
2016-07-31 03:40:00,13.784028456593996,0.8024502415632813,0.03527070878732576,3.0721832354044767,0
2016-07-31 03:45:00,13.102872307301293,0.8039045246286256,0.035531549581126344,1.3600007211196197,0
2016-07-31 03:50:00,12.359480028267916,0.8079214969878696,0.03760690334050907,1.707494503135877,0
2016-07-31 03:55:00,12.492225604925624,0.8097750852491391,0.03859149172397642,1.707494503135877,0
2016-07-31 04:00:00,12.114826552387342,0.8169252490043455,0.039042388497245326,2.1898724202737325,0
2016-07-31 04:05:00,11.874886142767096,0.8046488510349958,0.03722978086882395,2.9193161142950785,0
2016-07-31 04:10:00,12.254795823859425,0.794696813156905,0.03542968380844923,2.9193161142950785,0
2016-07-31 04:15:00,12.570355173280852,0.8098340178630958,0.037246272176712406,2.642195032827518,0
2016-07-31 04:20:00,13.29871432222362,0.8259779491775423,0.039828456694678216,6.14016391933526,0
2016-07-31 04:25:00,13.502223865707592,0.8185006360442276,0.0389630901262905,6.14016391933526,0
2016-07-31 04:30:00,12.713246307423601,0.8087969324413494,0.03813253953577766,1.849461159859799,0
2016-07-31 04:35:00,12.397337136877734,0.8075306951298369,0.038093178378002204,2.8930892031404682,0
2016-07-31 04:40:00,12.95610172522791,0.8028543537898944,0.03680274510586998,2.8930892031404682,0
2016-07-31 04:45:00,13.250805867302791,0.805070747073273,0.03638669846282061,2.7275351181784235,0
2016-07-31 04:50:00,13.097542887673473,0.8001262356101887,0.0362444680783131,2.7275351181784235,0
2016-07-31 04:55:00,12.91573047492813,0.8076445427394388,0.03769093678667045,1.451035499264413,0
2016-07-31 05:00:00,13.095401898907204,0.8302406506572313,0.04025029203169511,2.2863097502643965,0
2016-07-31 05:05:00,13.295339470129639,0.8170975242836429,0.038247247564488704,2.2863097502643965,0
2016-07-31 05:10:00,12.795744854279631,0.7999716230405417,0.03541832390559782,2.6890609855671106,0
2016-07-31 05:15:00,13.29055018814399,0.7922489872877625,0.03332468893208375,2.6890609855671106,0
2016-07-31 05:20:00,14.495292614745148,0.7811618642922938,0.031411229068626256,2.476900206906224,0
2016-07-31 05:25:00,15.172562629754648,0.7794930450670623,0.030949499706862355,2.8390671995068066,0
2016-07-31 05:30:00,14.559992938184484,0.7836650561252363,0.03205353951886565,3.1298102048424328,0
2016-07-31 05:35:00,13.853424909679436,0.7801779441374344,0.03219736060575441,3.1298102048424328,0
2016-07-31 05:40:00,14.736641422551262,0.7843430606662396,0.03335899226166453,2.4737798067767676,0
2016-07-31 05:45:00,15.174371928434145,0.7891987728099277,0.03286111544249906,2.9901841940280414,0
2016-07-31 05:50:00,14.922214814747068,0.7808933924747802,0.03154088300260522,3.08765889661823,0
2016-07-31 05:55:00,15.128813418286905,0.7740685998652449,0.031138625602857434,3.08765889661823,1
2016-07-31 06:00:00,14.85501458824381,0.7970237025258458,0.034746509699289475,3.9460138575291737,1
2016-07-31 06:05:00,14.177853130848987,0.785478897223249,0.03227276011222656,3.9460138575291737,1
2016-07-31 06:10:00,15.275050355363012,0.7746827716535293,0.030034704256726923,4.389658973070069,1
2016-07-31 06:15:00,15.1769375794786,0.7748035258030553,0.03069890870412942,4.389658973070069,1
2016-07-31 06:20:00,13.795176992724526,0.7563003159217223,0.02653710282893651,3.065909342138596,1
2016-07-31 06:25:00,14.039798934716476,0.7813048209429575,0.03434276607014511,7.367312561095118,1
2016-07-31 06:30:00,14.443007986970912,0.7666444091182183,0.033410115588406175,7.367312561095118,1
2016-07-31 06:35:00,14.852416689935998,0.7373192601934595,0.024996273272476454,5.236797720871157,1
2016-07-31 06:40:00,19.052340590674596,0.7831799389521894,0.03296805276213653,21.49128335150815,1
2016-07-31 06:45:00,20.489005388307895,0.7886913444359667,0.033861078411102294,25.92831749083916,1
2016-07-31 06:50:00,28.35344435455543,0.7671125521303033,0.029717278612211406,57.47742997793988,1
2016-07-31 06:55:00,26.597429348712545,0.7595376878729225,0.02785327871683297,57.47742997793988,1
2016-07-31 07:00:00,13.88072713755166,0.732320085575674,0.023524577496349064,2.690630837799781,1
2016-07-31 07:05:00,13.65231552117147,0.7386636817618613,0.024822406753769666,3.334196217533274,1
2016-07-31 07:10:00,14.093047221847467,0.7339858219395652,0.023161514502291553,3.334196217533274,1
2016-07-31 07:15:00,13.733749634726232,0.7258617238620987,0.022333937098940083,4.192345817255701,1
2016-07-31 07:20:00,13.527896298021101,0.7361740918206627,0.02463859288827504,4.192345817255701,1
2016-07-31 07:25:00,13.982417189114642,0.7322961602531617,0.02390198244207016,3.3183137080383713,1
2016-07-31 07:30:00,14.351633998164706,0.7336855627459105,0.024119901695482865,2.436438256783257,1
2016-07-31 07:35:00,14.726839758641054,0.7318580920054711,0.024209422081629253,2.7032409097556998,1
2016-07-31 07:40:00,14.595695923037201,0.7222627894025835,0.022492963625500073,2.7032409097556998,1
2016-07-31 07:45:00,13.986760053393231,0.730941823219923,0.023935013177596543,2.5126836056471036,1
2016-07-31 07:50:00,13.411758385984745,0.7460645848627592,0.027051318373247268,2.5126836056471036,1
2016-07-31 07:55:00,13.104189456720798,0.7529004900121303,0.028066219263633518,1.5232492353158786,1
2016-07-31 08:00:00,12.711291893847363,0.7571420292478734,0.028119247600034515,1.3067943246952256,1
2016-07-31 08:05:00,12.375336646097844,0.7712666355987745,0.028871295185102046,2.141818552190132,0
2016-07-31 08:10:00,12.85632362019328,0.755026288596891,0.026857425530156503,2.141818552190132,0
2016-07-31 08:15:00,13.452247905104468,0.7401507701677368,0.025759012433549538,1.3716033201139368,0
2016-07-31 08:20:00,13.482143736300888,0.7442328261028774,0.026256657768490194,2.3224150084260815,0
2016-07-31 08:25:00,13.48073057859682,0.74069938682239,0.02569865059627579,2.4164334643485703,0
2016-07-31 08:30:00,13.513462320277252,0.7325814858167699,0.02467036747639865,2.4164334643485703,0
2016-07-31 08:35:00,13.236835236943893,0.720572365072413,0.023001125596338053,2.5557189526033453,0
2016-07-31 08:40:00,13.324335274843301,0.7177388504631663,0.021779618835862886,2.5557189526033453,0
2016-07-31 08:45:00,13.391844984673764,0.7339258901403629,0.02423587805146861,2.6478144504649332,0
2016-07-31 08:50:00,13.343462272197684,0.7421440357330387,0.026005796194197205,2.6478144504649332,0
2016-07-31 08:55:00,13.522044478780913,0.7570362320646599,0.02840235655056291,2.1281613089374787,0
2016-07-31 09:00:00,12.991276586508087,0.7759938317290613,0.030715454271246445,2.1281613089374787,0
2016-07-31 09:05:00,12.39763341751395,0.7612388291108251,0.027901221894691124,3.0765141458376073,0
2016-07-31 09:10:00,12.331591086861025,0.7462577375940881,0.02630371234932371,3.0765141458376073,0
2016-07-31 09:15:00,12.237509559858733,0.7583537306836213,0.02812856190915832,2.6160638631989594,0
2016-07-31 09:20:00,12.645442902418736,0.7874447035762837,0.03180628359328576,4.676427523510501,0
2016-07-31 09:25:00,13.428621685693846,0.8015091468631762,0.03401791338624356,4.676427523510501,0
2016-07-31 09:30:00,12.980826483114182,0.7668886987865128,0.028933717019609628,4.2305279808492555,0
2016-07-31 09:35:00,12.459791001671727,0.7509902223863165,0.026411119814909113,4.201977189222144,0
2016-07-31 09:40:00,12.820352087152946,0.7599496319552608,0.02714414339006061,4.201977189222144,0
2016-07-31 09:45:00,12.629826899343009,0.7546011644891503,0.0265644954900111,2.508837277175851,0
2016-07-31 09:50:00,12.439172995339417,0.7390883938413573,0.02500158554006429,1.2555356935514261,0
2016-07-31 09:55:00,12.306279342699705,0.7470113672451468,0.026919421115309018,2.8774137956639634,0
2016-07-31 10:00:00,11.78814261695027,0.7594985818090948,0.028159546624377384,2.8774137956639634,0
2016-07-31 10:05:00,11.589952924183622,0.7463673120106273,0.025171983235825486,3.7036709377374213,0
2016-07-31 10:10:00,11.926116225337559,0.7598208324129656,0.027935801775758263,3.7036709377374213,0
2016-07-31 10:15:00,12.0743460645034,0.7766724869137106,0.03150066070055875,3.5932619903508365,0
2016-07-31 10:20:00,11.867728909168534,0.7723466704193799,0.029538275600355025,3.5932619903508365,0
2016-07-31 10:25:00,11.952359466787511,0.7649529790552597,0.02682325209674667,1.1281345662049276,0
2016-07-31 10:30:00,11.730380088641272,0.7584854279542543,0.026099478663574354,1.3631897049634174,0
2016-07-31 10:35:00,11.362890141304892,0.7505747790348313,0.025126280445636077,1.749907450907058,0
2016-07-31 10:40:00,11.801210560877944,0.7596785994356574,0.02612668131204936,1.9759064727597864,0
2016-07-31 10:45:00,11.522861038291747,0.77307093528241,0.02715349680175148,3.441972198802278,0
2016-07-31 10:50:00,11.295620488767204,0.7723946817422367,0.027204980077678204,3.441972198802278,0
2016-07-31 10:55:00,11.627886616574763,0.7612111966432503,0.026496716257495445,1.5889321063247628,0
2016-07-31 11:00:00,11.319489052377538,0.7620945014826743,0.02725354968958496,2.6834165673731825,0
2016-07-31 11:05:00,10.973299545732932,0.7656176278486244,0.027587265107766656,2.6834165673731825,0
2016-07-31 11:10:00,11.76459891210346,0.8088304631795717,0.034742793450066714,1.8006761613184097,0
2016-07-31 11:15:00,12.026810529956121,0.8209022661056523,0.036930734564420795,4.30249765573765,0
2016-07-31 11:20:00,11.375454455924942,0.7866821561178174,0.030565369279836867,4.30249765573765,0
2016-07-31 11:25:00,11.422079982652484,0.8024147977893906,0.03299308180221204,2.7230438840435403,0
2016-07-31 11:30:00,11.237038601403823,0.8267652379149829,0.03789014992902671,2.8895784661995374,0
2016-07-31 11:35:00,11.402692315290341,0.8484261972924086,0.04164628425054205,4.737967454779166,0
2016-07-31 11:40:00,11.037700212296452,0.8021254341337978,0.03536107030442821,5.960494654774695,0
2016-07-31 11:45:00,10.24236743453361,0.7638111943981303,0.030403796520259187,5.960494654774695,0
2016-07-31 11:50:00,10.375565517712097,0.7845173763819945,0.032775132713100036,1.228125199196256,0
2016-07-31 11:55:00,10.57806033553128,0.8112411406789757,0.03558066747982114,1.4653331020351426,0
2016-07-31 12:00:00,9.952517786495836,0.8006672855719,0.03419357062544278,1.9174314031368966,0
2016-07-31 12:05:00,9.582450130622414,0.775482549166928,0.03174330615304076,3.4410075786012393,0
2016-07-31 12:10:00,10.016488086108271,0.8019643935303525,0.03465493543106085,3.4410075786012393,0
2016-07-31 12:15:00,9.935936456204498,0.8029954708537361,0.03368913380035547,1.3768340625175306,0
2016-07-31 12:20:00,9.852096743292993,0.7804630864648212,0.03083809465488017,3.58157965899383,0
2016-07-31 12:25:00,9.959715392875056,0.7612465427550855,0.028656147685467835,3.58157965899383,0
2016-07-31 12:30:00,9.937963275006192,0.7780606398146888,0.0302960756569568,2.3229251315142294,0
2016-07-31 12:35:00,10.78891092199179,0.8020281537566135,0.03152558874710989,2.436384354941087,0
2016-07-31 12:40:00,11.368475107311001,0.7936352142042913,0.0298298005892692,2.436384354941087,0
2016-07-31 12:45:00,10.781919143899136,0.782373972644666,0.02851461875325611,1.7996231130966942,0
2016-07-31 12:50:00,11.248000655085209,0.794218175689097,0.03234202728343631,3.28119190405532,0
2016-07-31 12:55:00,11.867881001138157,0.8071938813868089,0.03624128180202372,3.534698633108493,0
2016-07-31 13:00:00,11.178553014028006,0.7986980725950954,0.032852131345972105,3.534698633108493,0
2016-07-31 13:05:00,12.553606994722672,0.8170541133283332,0.043647985888184165,21.00430668692156,0
2016-07-31 13:10:00,13.43514007069361,0.8114804368158135,0.0433597927053115,21.00430668692156,0
2016-07-31 13:15:00,12.36674485540961,0.7846510507572444,0.02973601476732297,2.3284148015239796,0
2016-07-31 13:20:00,11.868481459430969,0.7825882315759415,0.029030918089576623,2.46470983835542,0
2016-07-31 13:25:00,11.477479469521686,0.7909581951861527,0.030127399100391146,3.080922507827612,0
2016-07-31 13:30:00,11.928891286468179,0.7950267832760355,0.030894999797920812,3.080922507827612,0
2016-07-31 13:35:00,11.935543777162428,0.789306952285554,0.029962170788724374,3.3984359875093095,0
2016-07-31 13:40:00,11.721227237998441,0.7815553566865396,0.028563432448656546,3.3984359875093095,0
2016-07-31 13:45:00,11.626233243483398,0.7621839821415817,0.026546745748156336,2.2062463312055978,0
2016-07-31 13:50:00,11.507196739256228,0.7717375790656532,0.02891339780038521,3.512872296839364,0
2016-07-31 13:55:00,11.622544942401902,0.7825932001279259,0.029445156632643698,3.512872296839364,0
2016-07-31 14:00:00,11.339676197527195,0.7724909751996021,0.027330480077244434,2.4044155157753506,0
2016-07-31 14:05:00,11.201031081314877,0.7787644034139242,0.029189215255588215,3.1069937056007344,0
2016-07-31 14:10:00,11.551256221146838,0.769376630951828,0.027635727294017552,3.1069937056007344,0
2016-07-31 14:15:00,11.30412305928692,0.7659190332121681,0.027473938302350683,2.2297033326171443,0
2016-07-31 14:20:00,11.174718574908413,0.7853394723569664,0.031535900178177215,2.2297033326171443,0
2016-07-31 14:25:00,11.672337890663233,0.77608056967768,0.029250958348895694,2.3006891915585452,0
2016-07-31 14:30:00,12.039500240240185,0.7739142210986903,0.02788549742024159,2.3006891915585452,0
2016-07-31 14:35:00,12.115155945868272,0.7753583730619305,0.027982588481261096,2.546997433382141,0
2016-07-31 14:40:00,12.613652147947189,0.7688462134908538,0.027597359968105528,2.546997433382141,0
2016-07-31 14:45:00,12.999908354353952,0.7692852381364017,0.028015806511560205,1.8308641595948265,0
2016-07-31 14:50:00,12.583385492898646,0.7679214469247511,0.02745427557058585,1.8308641595948265,0
2016-07-31 14:55:00,12.34090874194551,0.7868780501948835,0.03154138785243675,4.247347530046817,0
2016-07-31 15:00:00,11.906466147376149,0.781783293844819,0.030711134923617222,4.247347530046817,0
2016-07-31 15:05:00,11.716162907986112,0.7745142519588798,0.02787590263503855,4.017928239348209,0
2016-07-31 15:10:00,11.73291739205671,0.7709664641597362,0.028189944946242336,4.017928239348209,0
2016-07-31 15:15:00,11.731664868767734,0.7558833076883196,0.026838796635662365,3.4038559679002107,0
2016-07-31 15:20:00,11.509550973681506,0.7459973263696168,0.025430214935134633,3.4038559679002107,0
2016-07-31 15:25:00,11.260128215159057,0.738782146162732,0.02433705815660927,2.6935953175723646,0
2016-07-31 15:30:00,10.766342074351606,0.7477000762195862,0.025453763288300603,3.04587706473828,0
2016-07-31 15:35:00,10.656726981978789,0.7743372237699964,0.03586555232117798,8.582693744779249,0
2016-07-31 15:40:00,10.769449822572785,0.7810737987661853,0.037002914373489314,8.582693744779249,0
2016-07-31 15:45:00,9.860596285884863,0.7987409501257801,0.0327849731826678,1.3546226668060373,0
2016-07-31 15:50:00,10.04666833667574,0.8491814256338999,0.03970733741995485,2.638300126625384,0
2016-07-31 15:55:00,10.498611539835846,0.8363251930667444,0.03649855854148681,3.239057161594,0
2016-07-31 16:00:00,10.4402448108787,0.820745317750216,0.033785465451978185,4.521683150347865,0
2016-07-31 16:05:00,10.211021582650615,0.8214140679714355,0.035443223893516604,4.521683150347865,0
2016-07-31 16:10:00,10.127816882474654,0.8121085663916393,0.033682908060126096,1.660121832718973,0
2016-07-31 16:15:00,10.182239481748102,0.8095948642544128,0.03252682557712913,2.9302009160865,0
2016-07-31 16:20:00,10.338977776673678,0.79956982262135,0.031175978416508272,2.9302009160865,0
2016-07-31 16:25:00,10.422015932412897,0.7908507708381641,0.029579497104256298,2.6476345641566503,0
2016-07-31 16:30:00,10.675193303888744,0.7938836070326821,0.030814288577535605,2.6476345641566503,0
2016-07-31 16:35:00,11.760646494599758,0.816532009964941,0.035024789751922754,2.328122402636374,0
2016-07-31 16:40:00,11.470426452493225,0.8141717361817484,0.03378344656805285,2.328122402636374,0
2016-07-31 16:45:00,10.599489365121126,0.8040780719844587,0.031862881741968635,2.1805474970603242,0
2016-07-31 16:50:00,10.647523639873125,0.8046079547205183,0.03189234286821082,1.269003556388522,0
2016-07-31 16:55:00,10.820991710930885,0.7968043515798123,0.03149127671729232,1.384713428200397,0
2016-07-31 17:00:00,10.522680382810346,0.7865879257839661,0.0302499950748022,2.7868432652472857,0
2016-07-31 17:05:00,9.964554578987542,0.7842451868294116,0.029436153346468968,2.7868432652472857,0
2016-07-31 17:10:00,10.228824125903696,0.7845992240253592,0.02970645255282751,2.7579389039782587,0
2016-07-31 17:15:00,10.478805016098088,0.7852779696695851,0.029553796569080394,2.1818862156590595,0
2016-07-31 17:20:00,10.151330013661774,0.7903179479952694,0.03040071280607908,2.1818862156590595,0
2016-07-31 17:25:00,10.575959631867466,0.7956539562496596,0.030658978415323102,1.5055688487924586,0
2016-07-31 17:30:00,10.789212855367666,0.8026466483176019,0.03147563083805128,1.3227143524583267,0
2016-07-31 17:35:00,10.613943086644243,0.792205675304499,0.02992265579041905,1.5369798124361986,0
2016-07-31 17:40:00,10.5196377598626,0.7756779792171424,0.02769526125742388,2.2695273761080643,0
2016-07-31 17:45:00,10.500016615027485,0.7948227758549268,0.032322243617777816,2.2695273761080643,0
2016-07-31 17:50:00,10.601142839105815,0.810934026364,0.03466854122133319,2.243990722467398,0
2016-07-31 17:55:00,10.479996554582172,0.7994766332374095,0.031557159851035056,1.8588040186795391,0
2016-07-31 18:00:00,11.724593845302403,0.8150613204775908,0.04365884808892319,26.960841577505004,0
2016-07-31 18:05:00,11.37400142316683,0.8254468881301718,0.044767897716766494,26.960841577505004,0
2016-07-31 18:10:00,10.029763911134967,0.8070672994938306,0.031445426561234766,25.968602146928664,0
2016-07-31 18:15:00,10.332803061253731,0.7886028415970918,0.02931903552254677,3.95143048656393,0
2016-07-31 18:20:00,10.73435374233365,0.7866975228286163,0.028790422440990844,4.686595280550192,1
2016-07-31 18:25:00,11.644720859728015,0.7838300911159977,0.028387772863893775,4.686595280550192,1
2016-07-31 18:30:00,12.381265312659036,0.779114576035952,0.028777370731747177,3.7434241489582676,0
2016-07-31 18:35:00,12.172226979915852,0.783949796665425,0.029102279334811916,2.2742551666049162,0
2016-07-31 18:40:00,11.74183078221211,0.7954907112099163,0.030619705335112924,3.3816321976637718,0
2016-07-31 18:45:00,11.497485987814901,0.7921781191018831,0.029812068960966265,4.270115021108807,0
2016-07-31 18:50:00,11.934216184195083,0.7803062942743846,0.027872606451274595,4.270115021108807,0
2016-07-31 18:55:00,12.433060611735614,0.7895664682310438,0.029679072617757808,2.9820897477321577,1
2016-07-31 19:00:00,11.464368854136419,0.816339256709619,0.034904605987877826,2.3347621176188076,1
2016-07-31 19:05:00,26.385131109934775,0.8328111599279304,0.04041780848167831,62.545425207114484,1
2016-07-31 19:10:00,31.80880862304457,0.8556187216959221,0.0473109849607311,62.545425207114484,1
2016-07-31 19:15:00,17.5759304332609,0.8594597027396846,0.04574506745545335,20.60389384419943,1
2016-07-31 19:20:00,13.314791276088357,0.8347087857258487,0.038947393928551885,5.141261484795166,1
2016-07-31 19:25:00,13.02104526236604,0.8198128244637856,0.03662205825868663,5.141261484795166,1
2016-07-31 19:30:00,14.981777633742613,0.8432827218459519,0.04141449906920937,6.136830860906669,1
2016-07-31 19:35:00,14.591273098265896,0.8331343541244097,0.04004335857948424,6.136830860906669,1
2016-07-31 19:40:00,11.044417163794293,0.7828688393630421,0.03063395381714571,3.9005850157308433,0
2016-07-31 19:45:00,9.662209398804617,0.7959680760149351,0.03256484208238815,3.9005850157308433,0
2016-07-31 19:50:00,10.166645251672163,0.8134751457039591,0.036478320841047504,2.725276736219937,0
2016-07-31 19:55:00,10.641075925834395,0.8247871911618215,0.03945227259333116,2.7553760878750824,0
2016-07-31 20:00:00,9.394481800248323,0.8101409628867353,0.03652400172801423,2.7553760878750824,0
2016-07-31 20:05:00,9.09758072745612,0.8129838020772877,0.0369006489509194,2.269886946280995,0
2016-07-31 20:10:00,10.071505907144093,0.819211799281707,0.038518566805506554,4.469494511838786,0
2016-07-31 20:15:00,10.072604249255779,0.7858375454651988,0.03264172469492391,4.469494511838786,0
2016-07-31 20:20:00,9.979331560940258,0.764063310072577,0.0283463031463144,2.2119905979559644,0
2016-07-31 20:25:00,10.101740598371688,0.7773579977457639,0.030368465406676926,2.3397541777000286,0
2016-07-31 20:30:00,9.532909974913789,0.8038519443799864,0.033247603747523204,2.5515629714977277,0
2016-07-31 20:35:00,10.068633195566024,0.7977111313398509,0.03291394599650913,3.0623174582314365,0
2016-07-31 20:40:00,11.015356554996416,0.7946197966019077,0.03353480176920905,3.0623174582314365,0
2016-07-31 20:45:00,11.031423770196987,0.7845541322110817,0.031862870078720726,2.4255367946523902,0
2016-07-31 20:50:00,10.788763964330823,0.7611366158338184,0.028720445857837507,3.6825247266757946,0
2016-07-31 20:55:00,10.67992923675921,0.7515375965287654,0.026949551042484966,3.6825247266757946,0
2016-07-31 21:00:00,10.935353238776376,0.7759271276339351,0.03008231238063443,3.4098076213209776,0
2016-07-31 21:05:00,11.174451125614977,0.8024232274926831,0.03280035731891972,3.024906494479937,0
2016-07-31 21:10:00,11.110457183040918,0.7835092912655229,0.029100031655451313,3.024906494479937,0
2016-07-31 21:15:00,10.62837068242358,0.7573349517428405,0.02674155738564451,2.987219647150394,0
2016-07-31 21:20:00,10.769461242070635,0.7555649655428753,0.027339071314639148,3.245704159195969,0
2016-07-31 21:25:00,11.665427839160396,0.7762811075880558,0.028980305354835516,3.245704159195969,0
2016-07-31 21:30:00,11.664144414121465,0.7807338610834827,0.028582322038580105,2.577755580470398,0
2016-07-31 21:35:00,11.163416938515768,0.7722286943766027,0.027052304615178713,2.3264202712581215,0
2016-07-31 21:40:00,11.660669422576847,0.7723404830833798,0.027614890903706453,3.746185516831554,0
2016-07-31 21:45:00,12.084636609603827,0.7796173193878477,0.028920650475918547,3.746185516831554,0
2016-07-31 21:50:00,12.106357112875413,0.7763719163874622,0.028595059365349562,2.902549244854095,0
2016-07-31 21:55:00,12.267821725278159,0.7719461232568288,0.02770448955694882,2.5684611896441405,0
2016-07-31 22:00:00,12.027323794593123,0.7735670884698088,0.0274756373058239,1.8811143688578253,0
2016-07-31 22:05:00,11.902490455973748,0.7744588901634784,0.028734253974802716,1.8811143688578253,0
2016-07-31 22:10:00,12.271518294418774,0.7976435281507654,0.033848904386750554,3.330881798486019,0
2016-07-31 22:15:00,12.960813500435396,0.8039287188517296,0.03634590764213564,3.330881798486019,0
2016-07-31 22:20:00,12.167266219275001,0.7881916361834794,0.033127760628550114,3.1792304581602697,0
2016-07-31 22:25:00,10.739801898667082,0.7781910249753792,0.029331306703251358,3.1792304581602697,0
2016-07-31 22:30:00,11.898514980848317,0.8424665041802888,0.04334627786015069,3.168634541708893,0
2016-07-31 22:35:00,12.332230391504753,0.8710114164722533,0.04981580547711327,3.168634541708893,0
2016-07-31 22:40:00,11.506458669307284,0.8207931741808342,0.03781527198253111,2.774258733743158,0
2016-07-31 22:45:00,10.84049603918398,0.8063680559441282,0.03417400712908421,1.3886980394619597,0
2016-07-31 22:50:00,10.725301304509909,0.8044515327611375,0.033185722754072125,1.7388351908697437,0
2016-07-31 22:55:00,10.97935245638727,0.7895813372861792,0.030632523061522022,1.7388351908697437,0
2016-07-31 23:00:00,10.335126364475405,0.7803572414488803,0.029542806305264763,1.9233367725971724,0
2016-07-31 23:05:00,9.612295008337929,0.7884960304142999,0.03084217758947701,2.971010481621774,0
2016-07-31 23:10:00,10.139219595678298,0.7933194325842342,0.03077773456529794,2.971010481621774,0
2016-07-31 23:15:00,10.916549565156954,0.7923817012826017,0.029987964313944453,1.6944228628292275,0
2016-07-31 23:20:00,10.32961190617834,0.7790159716853537,0.029007188177397596,1.6944228628292275,0
2016-07-31 23:25:00,10.15605810446071,0.7799077909121386,0.02838152707030945,1.3336199755638327,0
2016-07-31 23:30:00,10.05449219628349,0.8070638168100839,0.03287912899738565,1.4447307139589924,0
2016-07-31 23:35:00,9.454271430577066,0.807885875252934,0.034213560109035354,1.737943189384729,0
2016-07-31 23:40:00,10.222441152347951,0.8027014690171929,0.03324349180940409,4.0584726487935265,0
2016-07-31 23:45:00,10.339130274944612,0.8097122633279277,0.03362317912127358,5.337620697874473,0
2016-07-31 23:50:00,9.81350457776898,0.8205953244236552,0.03545275964714165,5.337620697874473,0
2016-07-31 23:55:00,9.702180573590114,0.8126537779269574,0.03545261478093184,2.728091779106088,0
2016-08-01 00:00:00,9.421695936245063,0.8140742976878983,0.0350867227370268,1.9845187497444245,0
2016-08-01 00:05:00,9.450451984033688,0.8188707898212657,0.03531053319879661,1.9845187497444245,0
2016-08-01 00:10:00,10.394628544005482,0.8010497356448835,0.03193161911661917,1.8131182749924868,0
2016-08-01 00:15:00,11.355007777587018,0.7890568054665177,0.029608291105417645,2.324079914323599,0
2016-08-01 00:20:00,11.150304814955385,0.7725316834398556,0.027752416922449667,2.324079914323599,0
2016-08-01 00:25:00,11.299507660268247,0.7722868777320114,0.02780307614780979,3.094219144600545,0
2016-08-01 00:30:00,11.534330377676296,0.771690226033632,0.027386891091917952,3.1610006159220627,0
2016-08-01 00:35:00,11.624651722538832,0.7840339385890018,0.028512110250787325,3.1610006159220627,0
2016-08-01 00:40:00,11.638426485160688,0.7787372875977017,0.027786429944309056,2.4555390004541784,0
2016-08-01 00:45:00,11.2743679220337,0.7561464750071843,0.02595508457097729,1.6234402414437206,0
2016-08-01 00:50:00,11.721206156304351,0.7667541846811958,0.027610719385498896,2.5735687405720733,0
2016-08-01 00:55:00,12.142138794771146,0.7708137863328088,0.028476498880254525,3.588677678102036,0
2016-08-01 01:00:00,11.418448200013998,0.765922103925926,0.028084567055209668,3.9587157940553217,0
2016-08-01 01:05:00,11.335542326129794,0.7646749647115638,0.027359110017301153,3.9587157940553217,0
2016-08-01 01:10:00,11.972124992496688,0.7626432035345441,0.027412196195855075,2.0895577347094023,0
2016-08-01 01:15:00,12.213286636823906,0.7626892456322663,0.027512086730904876,2.878596467928139,0
2016-08-01 01:20:00,12.184754442884051,0.7505599470709985,0.02577899848592141,2.878596467928139,0
2016-08-01 01:25:00,12.04301312759811,0.757625767166127,0.026345408490930672,2.5197859035956207,0
2016-08-01 01:30:00,11.936793384795278,0.7660734471525085,0.027034531040576164,3.2203377875483623,0
2016-08-01 01:35:00,12.028501753383711,0.7660904255332779,0.02740975432078116,3.2203377875483623,0
2016-08-01 01:40:00,12.406042295288774,0.7687742108887863,0.028619969292575848,2.716882932718226,0
2016-08-01 01:45:00,12.728594278011107,0.764166944749741,0.027937027400683705,2.708077199836483,0
2016-08-01 01:50:00,12.751117740689356,0.7634906312586589,0.026927988011025927,1.6510087571219747,0
2016-08-01 01:55:00,12.791520013336491,0.7710898221519755,0.0278154970746294,1.6510087571219747,0
2016-08-01 02:00:00,12.374245480213975,0.7742496069190856,0.02917018881350163,2.932229054020815,0
2016-08-01 02:05:00,11.787238935291636,0.7593094871885022,0.02758286603072794,2.932229054020815,0
2016-08-01 02:10:00,12.36110001762241,0.7485799823565771,0.025403615033247662,1.4557509486542248,0
2016-08-01 02:15:00,12.9806502785648,0.7494103633763509,0.024994710059743543,1.5499263972837953,0
2016-08-01 02:20:00,13.314094243061124,0.744792988260228,0.024408167870350335,2.7781055590208235,0
2016-08-01 02:25:00,13.745300180353514,0.7402365370281471,0.024173224414368463,2.7781055590208235,0
2016-08-01 02:30:00,13.506874851136612,0.7438527359420846,0.024568965714275144,0.8009383920427663,0
2016-08-01 02:35:00,13.536078583456662,0.7544161590677886,0.02597269496062792,1.440029723000327,0
2016-08-01 02:40:00,14.005367789440069,0.7736068195619455,0.029867850834887584,1.9927390725790708,0
2016-08-01 02:45:00,14.070643394446776,0.7657475513780692,0.028613799658724272,1.9927390725790708,0
2016-08-01 02:50:00,14.040564481355023,0.7470068255125204,0.025306610442027682,2.9198530253155464,0
2016-08-01 02:55:00,13.861189444863069,0.7480138168228685,0.025200513534325952,3.307823569561344,0
2016-08-01 03:00:00,13.209935285918922,0.7345709610723017,0.022877920206820564,3.307823569561344,0
2016-08-01 03:05:00,12.921412557973074,0.7198387949108918,0.02191541833815077,2.6760772631886716,0
2016-08-01 03:10:00,13.382897557027329,0.7290958457748782,0.02269480931515238,1.4841711799422068,0
2016-08-01 03:15:00,14.242071798909882,0.7461290905136365,0.02319720351499335,2.1151145419312476,0
2016-08-01 03:20:00,14.19599995207167,0.7602213405333033,0.025280882671522516,2.679634733849471,0
2016-08-01 03:25:00,14.169357859143698,0.7621715840086714,0.026669809057948947,2.679634733849471,0
2016-08-01 03:30:00,14.152757630906649,0.7520658683968675,0.026536450721021676,4.756474102551749,0
2016-08-01 03:35:00,13.57027438055233,0.7498406264399455,0.02644653256142514,4.756474102551749,0
2016-08-01 03:40:00,13.95285203902885,0.7436364742667638,0.02430499227208594,2.384471369718609,0
2016-08-01 03:45:00,14.198545222401222,0.743389725308316,0.02406032800785727,2.384471369718609,0
2016-08-01 03:50:00,13.655198402619371,0.7496415978032898,0.025131398228575748,2.814730229510807,0
2016-08-01 03:55:00,13.448951365505383,0.7526632218752336,0.025092246625717907,2.814730229510807,0
2016-08-01 04:00:00,13.27212935647739,0.7492236629384963,0.024710040837781076,1.9481357277951943,0
2016-08-01 04:05:00,12.698315665344975,0.7296928582125163,0.023046704974369163,2.420129543334315,0
2016-08-01 04:10:00,19.356081541362936,0.8038779213467163,0.04000964503936349,26.565798196469526,1
2016-08-01 04:15:00,20.028094382026183,0.8223601359158331,0.04169838281521489,26.565798196469526,1
2016-08-01 04:20:00,14.754930675482731,0.7668010095791451,0.028353496895905255,25.684929077752287,1
2016-08-01 04:25:00,14.650229569307115,0.7695760199451018,0.0284967816917297,15.344414645317718,1
2016-08-01 04:30:00,13.791984095123544,0.7502010820634212,0.024937547200299583,15.344414645317718,0
2016-08-01 04:35:00,13.845166362915753,0.7433723778377735,0.024175859003242713,1.9267477649537164,0
2016-08-01 04:40:00,14.1250906252303,0.7486366217754088,0.024125568143162163,1.9267477649537164,0
2016-08-01 04:45:00,14.371394371297962,0.7487673741745418,0.0235069130645284,2.034978291935172,0
2016-08-01 04:50:00,14.409895775168113,0.7471437304957255,0.02381980234448805,2.034978291935172,0
2016-08-01 04:55:00,14.504956227704085,0.7523985404903359,0.025224001770661718,1.7973485331727033,0
2016-08-01 05:00:00,14.241590767504684,0.7727809448833278,0.030446978982969525,3.318967248911153,0
2016-08-01 05:05:00,14.297173905108622,0.7981125743714115,0.03600925030463735,3.318967248911153,0
2016-08-01 05:10:00,14.263908046463428,0.7697535051924888,0.029808068224007583,2.869607563927585,0
2016-08-01 05:15:00,14.205676570317985,0.7373746090249926,0.023296287638986998,2.869607563927585,0
2016-08-01 05:20:00,14.222271957515119,0.7452748040840429,0.023922657398718496,2.461433568646667,0
2016-08-01 05:25:00,15.046681518522561,0.7862611083609001,0.03192182844433957,2.6383401061056206,0
2016-08-01 05:30:00,15.300274871701706,0.8044439419409146,0.03618458566670173,3.4292683755352025,0
2016-08-01 05:35:00,15.210601075506755,0.7874246365053936,0.03281758040449185,14.335560873068221,0
2016-08-01 05:40:00,15.54670505894494,0.7881527244102606,0.03228343144890544,14.335560873068221,0
2016-08-01 05:45:00,15.460244263175827,0.7804386511641185,0.030487201823871657,3.4413889061546477,0
2016-08-01 05:50:00,15.637721627366137,0.8134031146079761,0.037603565266539594,2.0361781443031304,0
2016-08-01 05:55:00,15.396030309449657,0.8036041613337038,0.036045201108972406,1.678328382010951,0
2016-08-01 06:00:00,14.734846785742846,0.7650804674324259,0.02831783144835992,4.298858683469883,0
2016-08-01 06:05:00,14.102643112663387,0.75437176116848,0.02659515881483084,4.298858683469883,0
2016-08-01 06:10:00,14.707137253483992,0.7791007985056069,0.031626941386002125,2.868824600064269,0
2016-08-01 06:15:00,15.517942935068717,0.8158824866260128,0.03841336243765271,3.3485531842501572,0
2016-08-01 06:20:00,15.379534881842044,0.8309585226894064,0.041300467317074464,3.3485531842501572,0
2016-08-01 06:25:00,14.460932993069193,0.8121603610040192,0.038681825042805165,2.901715772648967,0
2016-08-01 06:30:00,14.013624280895309,0.7639794991971796,0.029279175340373314,2.8952360551737666,0
2016-08-01 06:35:00,15.38463080465814,0.8287857916143672,0.04066882021096972,2.8952360551737666,0
2016-08-01 06:40:00,15.93080589536556,0.8387369484879301,0.042445907485489466,4.536697071639425,0
2016-08-01 06:45:00,14.890461065796874,0.7599316174474795,0.027931119487865762,4.536697071639425,0
2016-08-01 06:50:00,14.029017346192598,0.7450563796613388,0.025087885504282703,2.391601100204871,0
2016-08-01 06:55:00,14.01619338512558,0.7392244859241797,0.023926204884169255,2.822361150429165,0
2016-08-01 07:00:00,13.641897185044048,0.7413192522604855,0.025327332987404073,3.7835336253948624,0
2016-08-01 07:05:00,12.452060232119035,0.7261226822210531,0.02395640911200062,3.7835336253948624,0
2016-08-01 07:10:00,12.622988140226898,0.7078932102999212,0.020461653477613254,4.1267353496248145,0
2016-08-01 07:15:00,13.213734090700035,0.7206352670718164,0.022135530979254213,4.1267353496248145,0
2016-08-01 07:20:00,13.201265868795835,0.7265317550970061,0.023309356095977014,3.2852729146729382,0
2016-08-01 07:25:00,13.44174497108765,0.7283275680657295,0.023037633536927605,3.152951510663098,0
2016-08-01 07:30:00,13.46774007131145,0.7243877237689017,0.022508738251314074,3.152951510663098,0
2016-08-01 07:35:00,13.991460428087526,0.7891409852324835,0.03458043568716121,2.7147427058589786,0
2016-08-01 07:40:00,14.862934305534287,0.8334863349249544,0.04232826305917542,2.7147427058589786,0
2016-08-01 07:45:00,14.663653813347727,0.7973574225004424,0.035673382189370516,2.6925058813623806,0
2016-08-01 07:50:00,13.78663075824907,0.7605487274051526,0.029703599427552095,1.9530364120207406,0
2016-08-01 07:55:00,13.26495128752831,0.7358581896163148,0.02512757517901158,1.7598138218799007,1
2016-08-01 08:00:00,12.463347323085861,0.77899852058783,0.029891223135516398,3.837116585945812,1
2016-08-01 08:05:00,11.563939684422168,0.82991040977485,0.03764602659874618,6.370630159777698,1
2016-08-01 08:10:00,13.648086517160142,0.8485382196261555,0.04135090984311961,10.657153051503403,1
2016-08-01 08:15:00,14.504575932901414,0.88737956575908,0.05078669955738237,10.657153051503403,1
2016-08-01 08:20:00,14.750175096681053,0.8933904665923943,0.06130487429907511,26.192563005144844,1
2016-08-01 08:25:00,13.945552880010421,0.841517432204394,0.04958773664359778,26.192563005144844,1
2016-08-01 08:30:00,10.92185656090231,0.7879589138644807,0.03268368712216617,2.272821692431383,1
2016-08-01 08:35:00,10.419211430110739,0.7625003668696116,0.02914200703449101,8.596083162996031,1
2016-08-01 08:40:00,15.689631112685642,0.8195862582503028,0.03938804587249439,20.150306387831385,1
2016-08-01 08:45:00,17.771846830642808,0.8360882434293604,0.042382849366066996,37.39029682441984,1
2016-08-01 08:50:00,25.724654307858618,0.7945689973103823,0.03450090072053574,60.45168635689795,1
2016-08-01 08:55:00,23.203904917233523,0.786706654862761,0.03140938044750334,60.45168635689795,1
2016-08-01 09:00:00,10.190365332750936,0.8068755419716853,0.032660851780452686,3.2067616453728243,1
2016-08-01 09:05:00,10.187036601620708,0.8271103609434793,0.036595164887898206,3.2067616453728243,1
2016-08-01 09:10:00,9.66553967575516,0.8196561664955722,0.03485997843101388,1.813539352900203,1
2016-08-01 09:15:00,9.59877646367687,0.8041901862758991,0.032802697610795836,2.843435268283464,1
2016-08-01 09:20:00,9.773002989863723,0.8115847907188396,0.03547274255982229,4.89426780061372,1
2016-08-01 09:25:00,11.082254248426798,0.8848908271841142,0.05387562635750922,4.89426780061372,1
2016-08-01 09:30:00,11.074113758721557,0.8809628745640258,0.05144650685662765,1.889365351966132,1
2016-08-01 09:35:00,9.840464816222752,0.833123654322945,0.03562594246697217,1.781382385277494,1
2016-08-01 09:40:00,9.741716072144799,0.8228043353220507,0.035028664571179605,2.3627330369542,1
2016-08-01 09:45:00,9.583383705672457,0.8115615389162244,0.034411739865735924,2.3627330369542,1
2016-08-01 09:50:00,10.47326139148165,0.8369930268264689,0.03978895645187676,2.755561025872291,1
2016-08-01 09:55:00,11.408528412510503,0.8772572556585534,0.04914769614508989,4.413093746470132,1
2016-08-01 10:00:00,11.176471661993892,0.8792304715354928,0.05041728808887859,4.413093746470132,1
2016-08-01 10:05:00,10.598794913999706,0.8458189889089627,0.042133201803658885,3.555933356093973,0
2016-08-01 10:10:00,13.012752460770164,0.8494623764843671,0.042223971714900395,38.970223735296074,0
2016-08-01 10:15:00,13.747473536235976,0.9006255038220161,0.055870228523952195,38.970223735296074,0
2016-08-01 10:20:00,12.093395323307506,0.9383143676962967,0.06813312982750792,1.323431178074197,0
2016-08-01 10:25:00,11.754087524811684,0.8849211377090523,0.05360845373445803,2.021401655262939,0
2016-08-01 10:30:00,10.869855945335555,0.8376935110883911,0.03773688354606001,3.364568177043401,0
2016-08-01 10:35:00,10.602621064777406,0.8297773762952088,0.03701240175252214,3.364568177043401,0
2016-08-01 10:40:00,10.215680476608826,0.8147045966209427,0.03428356936105167,1.8792439373967595,0
2016-08-01 10:45:00,9.662191979669267,0.8152385059272689,0.034752476462701694,2.6704940270629787,0
2016-08-01 10:50:00,9.780121784383077,0.821036511528367,0.03617330110260532,2.6704940270629787,0
2016-08-01 10:55:00,10.327574507281398,0.851058319551291,0.04277091366080099,3.3085510498245863,0
2016-08-01 11:00:00,10.41156809708659,0.8595920139661927,0.045237559894031464,3.3085510498245863,0
2016-08-01 11:05:00,10.776169815457624,0.8506437253466561,0.04353880307640126,4.540415351771271,0
2016-08-01 11:10:00,11.532523721776297,0.8691547198738254,0.04691531701265074,4.540415351771271,0
2016-08-01 11:15:00,12.584167750253982,0.8826357980994068,0.049794199163411004,7.845901342827096,0
2016-08-01 11:20:00,12.227487462097624,0.8634310726849814,0.04540334304018352,7.845901342827096,0
2016-08-01 11:25:00,10.961615038921533,0.8302969577758992,0.037055655945682206,2.4451512368993105,0
2016-08-01 11:30:00,10.156531494098132,0.8358737270120915,0.038583428771547586,2.31240500284918,0
2016-08-01 11:35:00,9.86491363916048,0.8335636549500115,0.038203229444374855,2.5648197045660246,0
2016-08-01 11:40:00,9.976558329482355,0.813902765432378,0.035693259291335246,2.7640368215050235,0
2016-08-01 11:45:00,9.809250151632282,0.8129897436500376,0.03577831560445811,2.7640368215050235,0
2016-08-01 11:50:00,10.594389004336303,0.866247944585671,0.04967749935454465,2.532058684231104,1
2016-08-01 11:55:00,11.16939064085081,0.8946592849307041,0.05600921490482379,2.0971373701026415,1
2016-08-01 12:00:00,11.251561808422284,0.8848876550632546,0.050038449424307796,3.272318705672085,0
2016-08-01 12:05:00,11.932751456772953,0.8813476970468969,0.048399683980896356,6.11702800390983,0
2016-08-01 12:10:00,12.308447814425083,0.8405693822972947,0.03865219800479961,6.11702800390983,0
2016-08-01 12:15:00,11.572845433407519,0.8133196919951724,0.03323001826911168,3.7059989564612548,0
2016-08-01 12:20:00,10.000842395947398,0.8186195976694771,0.035076048214979935,3.7059989564612548,0
2016-08-01 12:25:00,9.615460880205918,0.8337625866530824,0.037453788521628464,2.1624149258540624,0
2016-08-01 12:30:00,9.739826573857384,0.8274901528656677,0.036449127863222935,3.068278588373519,0
2016-08-01 12:35:00,9.685088509536303,0.817519618618903,0.03525879418216986,3.068278588373519,0
2016-08-01 12:40:00,10.08703427341445,0.8207482054543115,0.03571451308160886,1.7957856088875879,0
2016-08-01 12:45:00,11.063818905467599,0.8721869657160797,0.04950250359629646,2.6581429279470123,0
2016-08-01 12:50:00,11.206252093007212,0.8906464460741178,0.052904503747481325,2.6581429279470123,0
2016-08-01 12:55:00,11.263430552320358,0.8984079460985349,0.055756286384079035,1.7891914501493422,0
2016-08-01 13:00:00,10.995033623281575,0.8668952045940357,0.050096103187627625,2.6422994200613816,0
2016-08-01 13:05:00,10.339970392865558,0.8221852728054172,0.03690227406674481,2.9910830444419854,0
2016-08-01 13:10:00,10.507147937478083,0.8297776973424454,0.03736171876506035,2.9910830444419854,1
2016-08-01 13:15:00,10.109339457997223,0.8144909920159431,0.033423993785789995,2.1415267349513534,1
2016-08-01 13:20:00,9.7527794220326,0.8224270505440258,0.035852898287656046,1.551060429652415,0
2016-08-01 13:25:00,10.28933499027076,0.8568518589517093,0.043623233726193214,1.789278491115176,0
2016-08-01 13:30:00,19.163037111270736,0.8829032775149785,0.050509611912018505,23.90381215235117,0
2016-08-01 13:35:00,18.31713994017344,0.8532341479687178,0.045692418357909284,23.90381215235117,0
2016-08-01 13:40:00,9.970454680508428,0.8429454007537815,0.042601354641899146,18.766871022520714,0
2016-08-01 13:45:00,11.030507619208652,0.8880745989716297,0.05338742553553792,2.745432335927676,0
2016-08-01 13:50:00,10.751358824005639,0.8579989705621233,0.04661919793108383,2.745432335927676,0
2016-08-01 13:55:00,10.170238745999164,0.8127355564571588,0.032683628769035966,2.3437008093832663,0
2016-08-01 14:00:00,10.894662191978849,0.8493062918372687,0.040975420202517224,3.6030529388098476,0
2016-08-01 14:05:00,11.199787606406664,0.8852133681147362,0.05093891114640405,3.6030529388098476,0
2016-08-01 14:10:00,10.947125038071215,0.8664814116476078,0.045884532965357036,11.558629317352034,0
2016-08-01 14:15:00,18.532071851574905,0.8513954923812951,0.042369666928092936,32.19049926642437,0
2016-08-01 14:20:00,18.0941110444488,0.854368610028036,0.04228724214879696,32.19049926642437,0
2016-08-01 14:25:00,9.688853346713195,0.8391311301638075,0.03763005081923529,5.632554398347322,0
2016-08-01 14:30:00,9.960068884849195,0.8717432614808471,0.049361059554545623,4.153974318868384,0
2016-08-01 14:35:00,9.853192605298132,0.867805864815441,0.048488407986280874,4.153974318868384,0
2016-08-01 14:40:00,9.260699214540095,0.8349454674154937,0.03666975874062151,2.4337869329615502,0
2016-08-01 14:45:00,9.31092112674731,0.8452597482641664,0.0396477885021842,3.4525439303836847,0
2016-08-01 14:50:00,8.920946413210444,0.8208794022709905,0.03773096239290034,3.4525439303836847,0
2016-08-01 14:55:00,9.185629297314666,0.8130729660650042,0.0360742941848567,2.667247764568667,0
2016-08-01 15:00:00,9.803545630305688,0.8479767466669459,0.04009519711264227,5.3537935404082,0
2016-08-01 15:05:00,9.350274276246301,0.8497595488884574,0.04086647623972099,5.3537935404082,0
2016-08-01 15:10:00,8.712771890776084,0.824094155763399,0.03724156477629827,1.790874471837582,0
2016-08-01 15:15:00,8.939394769786622,0.8190970835537376,0.03568150406041588,0.7803327274928389,0
2016-08-01 15:20:00,9.072069779125961,0.8133246457114068,0.0344274420178618,1.5366233951360853,0
2016-08-01 15:25:00,8.970772396850474,0.8261396830331706,0.03792122548960443,1.5366233951360853,0
2016-08-01 15:30:00,9.416687795483005,0.8660395348698067,0.04639205088611024,2.3012635114714297,0
2016-08-01 15:35:00,9.644630642120687,0.8880072615978635,0.04989772036268305,2.3012635114714297,0
2016-08-01 15:40:00,9.316477895344217,0.8901717155035234,0.05209505816205232,2.439852786448483,0
2016-08-01 15:45:00,9.252225883599607,0.8909812743395091,0.05337528353595629,2.4979089141807744,0
2016-08-01 15:50:00,9.082544970532686,0.881875034479811,0.05015335370297541,2.4979089141807744,0
2016-08-01 15:55:00,9.921283148175874,0.9126024927201917,0.06416697145786718,2.961316943319689,0
2016-08-01 16:00:00,10.82533441760022,0.9235132301207774,0.06578644841779543,2.961316943319689,0
2016-08-01 16:05:00,10.570047117987581,0.9058936450475321,0.05911569897619375,3.9258308177744587,0
2016-08-01 16:10:00,9.37370762512229,0.8450606996345247,0.047633970174335745,3.9258308177744587,0
2016-08-01 16:15:00,8.26733378636487,0.7881597381869653,0.03008718272763295,1.7983238003455821,0
2016-08-01 16:20:00,8.512867197772705,0.8287490875893557,0.03914645714049552,3.057710567572901,0
2016-08-01 16:25:00,9.95805361172063,0.8865806108831094,0.0560361037925716,5.038028827962108,0
2016-08-01 16:30:00,10.388994226246941,0.8993303304332364,0.060817883644524826,5.038028827962108,0
2016-08-01 16:35:00,10.210225945101104,0.9202763654981309,0.06817523736789106,2.7411149757708704,0
2016-08-01 16:40:00,9.831538746955584,0.8969054602133057,0.06117860721941727,2.7411149757708704,0
2016-08-01 16:45:00,8.847304162972707,0.8291143382665548,0.04191525229780478,2.953227928808462,0
2016-08-01 16:50:00,8.530659084163972,0.8231893472984251,0.03981974826877629,2.953227928808462,0
2016-08-01 16:55:00,8.47409410836215,0.8094427886092599,0.03559025623995735,1.6764738576258857,0
2016-08-01 17:00:00,9.8068518783935,0.8195882153364095,0.036126037924882774,3.476323187551482,0
2016-08-01 17:05:00,10.487050740343602,0.8254749447263532,0.03556676774374202,3.476323187551482,0
2016-08-01 17:10:00,9.610427810454985,0.7934319363544355,0.03142231481457592,3.694052803822858,0
2016-08-01 17:15:00,9.989667823704703,0.8383456551035819,0.0432571967717576,3.694052803822858,0
2016-08-01 17:20:00,10.38070992542013,0.8854920826649736,0.05201449725207428,2.7723548028429943,1
2016-08-01 17:25:00,9.464049992508134,0.8291966382237519,0.03980356073143724,2.7723548028429943,1
2016-08-01 17:30:00,9.756040462927368,0.8263782043453922,0.04180493134179493,1.9721012492121834,0
2016-08-01 17:35:00,10.507345306687004,0.8623983319606677,0.049922289716894185,2.7567050978488576,0
2016-08-01 17:40:00,10.770311598420992,0.8597746456032418,0.045066796806378887,4.906064952816818,0
2016-08-01 17:45:00,10.482436990021082,0.8444900076920027,0.039900463522039,4.906064952816818,0
2016-08-01 17:50:00,9.754507115766831,0.8054322703388148,0.03354591939833589,2.201141313724962,0
2016-08-01 17:55:00,11.107040675589849,0.8562375041415549,0.05236025170511247,4.826451067723202,0
2016-08-01 18:00:00,13.425657256132208,0.9500956654487377,0.08011477587032607,4.826451067723202,0
2016-08-01 18:05:00,14.172032032197498,0.9634484065599632,0.08229231863847934,1.4585760515665203,0
2016-08-01 18:10:00,13.833075459041165,0.9648050452396607,0.08326650807061603,0.9981019357063156,0
2016-08-01 18:15:00,13.482765770072808,0.9707504672016746,0.08844746552077423,2.3931668553931,0
2016-08-01 18:20:00,13.609908329379971,0.9686156979334238,0.0870172871224224,2.3931668553931,0
2016-08-01 18:25:00,14.03441093299499,0.964245864401991,0.08364481698033305,1.6501794608555878,0
2016-08-01 18:30:00,15.164838206994167,0.962303521070786,0.08312234775389069,4.20955131166078,0
2016-08-01 18:35:00,15.08629877138178,0.9666553690793563,0.08685295909943168,4.20955131166078,0
2016-08-01 18:40:00,13.938611807089455,0.9692262321129662,0.08760045941891782,3.366718295670006,0
2016-08-01 18:45:00,14.523830728884445,0.9659308530166179,0.08496438792005404,1.5904690368604408,0
2016-08-01 18:50:00,14.621370434635244,0.9680974352916731,0.08768238781793095,1.5904690368604408,0
2016-08-01 18:55:00,13.869933385388936,0.9714899873072816,0.090738800503979,1.9025325146830978,0
2016-08-01 19:00:00,14.500604670369427,0.9668049194060357,0.08693489083738656,1.9025325146830978,0
2016-08-01 19:05:00,14.983761246440697,0.960101967480055,0.0805159854375356,4.458089119740721,0
2016-08-01 19:10:00,14.32926980581335,0.9657069541496572,0.08494054473961554,4.458089119740721,0
2016-08-01 19:15:00,13.752855654621507,0.9706935216715847,0.08906998477737878,3.119649851093702,0
2016-08-01 19:20:00,14.22955803862445,0.9673713990851648,0.08704912339333168,1.9266629026893252,0
2016-08-01 19:25:00,14.368617509587347,0.9676705670395426,0.0878799500479565,3.4375901976410335,0
2016-08-01 19:30:00,13.74003669410833,0.9703632043958935,0.08972860643384266,3.4375901976410335,0
2016-08-01 19:35:00,13.702148854840132,0.9700765978736299,0.08868630714966749,1.5036911061039266,0
2016-08-01 19:40:00,14.228368786340166,0.9706494079127719,0.08953116072928582,1.664956219471515,0
2016-08-01 19:45:00,14.31669428148848,0.972632950042754,0.09270721129781694,1.664956219471515,0
2016-08-01 19:50:00,13.616472087123773,0.9742376447615647,0.09381898300265348,1.6301664378643486,0
2016-08-01 19:55:00,13.320497230784412,0.975080785835151,0.09567591260735728,2.4064260541138545,0
2016-08-01 20:00:00,13.415600541604434,0.9715674121078836,0.09128210065084794,2.934511422352452,0
2016-08-01 20:05:00,14.041033372879596,0.9694396240262035,0.08815067699619937,2.934511422352452,0
2016-08-01 20:10:00,19.342728828394335,0.9490556896888025,0.08038656052679478,20.013748609351683,1
2016-08-01 20:15:00,18.89279807947087,0.9475130117107567,0.08063199809865264,20.013748609351683,1
2016-08-01 20:20:00,13.875763563355978,0.9703082332480231,0.09366938178356664,18.559632803050295,1
2016-08-01 20:25:00,13.702123990440134,0.9713200791367824,0.09348109484947931,2.498886093471307,0
2016-08-01 20:30:00,13.85468485055802,0.9696607664687457,0.09126423270163783,2.5740347218741633,0
2016-08-01 20:35:00,15.23648153425475,0.9572886121640203,0.08514012509993403,9.760773710284761,1
2016-08-01 20:40:00,14.892236641750216,0.9569129172424556,0.08567898007425047,11.37527200861976,1
2016-08-01 20:45:00,13.179514429539651,0.9699932837611138,0.09297997856800012,11.37527200861976,1
2016-08-01 20:50:00,14.560563607903086,0.9317520611817945,0.07752633998075963,24.740941555471093,1
2016-08-01 20:55:00,28.424657382603737,0.8483725738470558,0.047772590059426814,76.31918822359955,1
2016-08-01 21:00:00,24.69540270679281,0.8213868552574372,0.03585860729930894,76.31918822359955,1
2016-08-01 21:05:00,8.995076251333334,0.8324223668643385,0.03784834031204435,2.855854908061331,0
2016-08-01 21:10:00,9.27411023445637,0.8476113459607469,0.042098223302989,1.4535178827897521,0
2016-08-01 21:15:00,9.381904418112992,0.8516179244667925,0.04198931433166079,2.21040387059199,0
2016-08-01 21:20:00,8.939530423807728,0.8388885437603403,0.039070075745041996,2.21040387059199,0
2016-08-01 21:25:00,9.443644696415278,0.8689322947472625,0.0489554656588722,2.204505909941111,0
2016-08-01 21:30:00,11.1135652244806,0.8899868617814652,0.054710551477244074,7.844503396854319,1
2016-08-01 21:35:00,11.744977410925296,0.8640428839221669,0.04561936369885457,7.844503396854319,1
2016-08-01 21:40:00,10.455088784087401,0.8350853242229292,0.0377953352976689,2.9054047165644783,1
2016-08-01 21:45:00,12.781531919682358,0.8648423374414502,0.044469372343700964,11.411831821318577,1
2016-08-01 21:50:00,14.456927758029838,0.9281464787053006,0.06365964865032848,11.411831821318577,1
2016-08-01 21:55:00,11.711983704173983,0.9114153814740269,0.06000835833889841,7.395940076618782,0
2016-08-01 22:00:00,10.68360657378507,0.8577208205554104,0.041000338062522915,7.395940076618782,0
2016-08-01 22:05:00,10.370172148213475,0.8408339809043178,0.035680304858054145,5.4225733569166295,0
2016-08-01 22:10:00,9.314122959636837,0.8183206458688702,0.03342295971512986,3.2824955769082256,0
2016-08-01 22:15:00,10.020545789555877,0.8662721627781597,0.04975759088392716,3.2824955769082256,0
2016-08-01 22:20:00,10.795123866022827,0.8940318458750978,0.054969678766045305,5.2650165432443385,0
2016-08-01 22:25:00,10.733440427719136,0.8984882182431104,0.05615950451963405,5.2650165432443385,0
2016-08-01 22:30:00,12.035278431102718,0.936494596740792,0.06857155826346573,8.396153651089202,0
2016-08-01 22:35:00,11.869074201269035,0.89758464670192,0.05566815128952187,8.396153651089202,0
2016-08-01 22:40:00,10.977840013106288,0.8404724385151944,0.03870978087942878,6.360943871290074,0
2016-08-01 22:45:00,10.307808484488369,0.8260381133357142,0.03508029720900162,6.360943871290074,0
2016-08-01 22:50:00,10.246287267542701,0.8524694366311917,0.042684866024139886,4.076454021504053,0
2016-08-01 22:55:00,11.260046655828473,0.9076443621367957,0.061241711368239894,4.076454021504053,0
2016-08-01 23:00:00,11.310499298415882,0.9092096967408909,0.060690214851827094,3.1346016415697964,0
2016-08-01 23:05:00,11.156813716660125,0.8873697879779417,0.05548345209464187,3.792480329615825,0
2016-08-01 23:10:00,10.430908726314192,0.854413765954244,0.048346787655001625,3.792480329615825,0
2016-08-01 23:15:00,10.051306835122357,0.8363841567912106,0.0415035478209852,2.6989128218904153,0
2016-08-01 23:20:00,10.981255782810667,0.8890986071625013,0.05597785582645328,2.8310608060934968,0
2016-08-01 23:25:00,10.70993092398881,0.8636025700842842,0.04790605369679005,2.8310608060934968,0
2016-08-01 23:30:00,9.76520845233739,0.8108207816657719,0.03266248610224198,2.12783859616297,0
2016-08-01 23:35:00,9.558358873582602,0.8099209602811883,0.032060462313488525,2.5158326885231275,0
2016-08-01 23:40:00,9.751406583979904,0.8083740092296468,0.032937657834944636,2.5158326885231275,0
2016-08-01 23:45:00,10.14857957701211,0.8420762809462846,0.0431054868972932,4.0368351519771934,0
2016-08-01 23:50:00,11.33088486963619,0.8936067274310797,0.055856533691387864,5.6223985829878025,0
2016-08-01 23:55:00,11.165828565834008,0.8722225168733747,0.04908614312024339,5.6223985829878025,0
2016-08-02 00:00:00,10.64502914548627,0.8602914953265106,0.047567018645097534,4.721916752279881,0
2016-08-02 00:05:00,11.195432993171401,0.884615272782799,0.056334045850321826,3.3966201290832085,0
2016-08-02 00:10:00,11.086205938379988,0.9117404084124018,0.06444231846276478,3.3966201290832085,0
2016-08-02 00:15:00,10.21873725784803,0.8847452256929961,0.05497174414195605,2.0730889481846604,0
2016-08-02 00:20:00,9.37874226074807,0.8131006244279958,0.03378865446617351,2.0730889481846604,0
2016-08-02 00:25:00,9.363275194431749,0.792681318708312,0.028688500290091474,1.873237140627614,0
2016-08-02 00:30:00,9.930760901332786,0.811045970459879,0.03303209587123758,3.577051996418955,0
2016-08-02 00:35:00,10.103726202202527,0.8131643967862201,0.03433867138643029,3.577051996418955,0
2016-08-02 00:40:00,9.875141860577832,0.7960594262771101,0.029707785510891628,3.0560425434782656,0
2016-08-02 00:45:00,10.135981386289595,0.8018121879043757,0.031656069607156355,5.147174603403493,0
2016-08-02 00:50:00,10.271291457966653,0.793779064916366,0.031074622070527424,5.147174603403493,0
2016-08-02 00:55:00,9.962596760404526,0.7984065950340817,0.030873529907817294,2.4620018315837036,0
2016-08-02 01:00:00,9.917012967007567,0.822608892333145,0.03585399273338492,2.948219807043584,0
2016-08-02 01:05:00,10.207296562636882,0.8331724570620294,0.03768215965012618,2.948219807043584,0
2016-08-02 01:10:00,10.316893791444729,0.8095432329723724,0.03251134026706197,2.5723560114436808,0
2016-08-02 01:15:00,11.26744516014617,0.8601612157798282,0.048047922736049894,2.5723560114436808,0
2016-08-02 01:20:00,12.364844919234887,0.9299258326468294,0.06600940872206842,2.8967517514067693,0
2016-08-02 01:25:00,11.539196667023273,0.8470012636021885,0.0454663581988873,2.8967517514067693,0
2016-08-02 01:30:00,11.701615794169587,0.8464243036289785,0.04414984217215143,2.8224209415735064,0
2016-08-02 01:35:00,12.074751544983304,0.8673655592199888,0.047776722180449094,2.8224209415735064,0
2016-08-02 01:40:00,11.83676819450189,0.8556687912914743,0.04493973203345569,2.7301168936470344,0
2016-08-02 01:45:00,11.452006467816343,0.8256277570076993,0.04094978599314298,2.562469246177977,0
2016-08-02 01:50:00,10.710763578219929,0.7632782649999768,0.027835022796945275,2.562469246177977,0
2016-08-02 01:55:00,11.952942509640419,0.8453410304966482,0.043464309566220403,2.2722765124803463,0
2016-08-02 02:00:00,12.332625395701722,0.8878248318644814,0.05229829750200128,1.9531671735405671,0
2016-08-02 02:05:00,11.172197704077547,0.8115919489582726,0.03702329555420188,1.9531671735405671,0
2016-08-02 02:10:00,11.074305240460506,0.7559708697268084,0.0262147311831957,1.060681375925821,0
2016-08-02 02:15:00,11.838669064079324,0.7568508846570379,0.02714162201593929,1.060681375925821,0
2016-08-02 02:20:00,12.645942259660572,0.799127148330183,0.034620924621449466,2.5021812906001983,0
2016-08-02 02:25:00,13.159848340993653,0.8374272418272571,0.0421719006532034,2.5021812906001983,0
2016-08-02 02:30:00,13.097883492951976,0.8131175930635612,0.03777392387451965,2.166188774344201,0
2016-08-02 02:35:00,12.57696359728606,0.756973434200882,0.027751300946736928,2.7987778716271694,0
2016-08-02 02:40:00,13.138493504321143,0.783504002648941,0.03361853644660988,3.6387874079123512,0
2016-08-02 02:45:00,13.749996892109866,0.8251179800101126,0.041065231991678344,3.6387874079123512,0
2016-08-02 02:50:00,13.501974411047282,0.8471373318939811,0.045536037429549245,3.0454520343721927,0
2016-08-02 02:55:00,13.450764224288019,0.8414706013023511,0.04431961828775101,2.364946892332777,0
2016-08-02 03:00:00,12.451922242294428,0.758688687870512,0.029503901934030928,2.364946892332777,0
2016-08-02 03:05:00,11.949328195156923,0.7275032672714805,0.024270010316122713,1.7991865791122827,0
2016-08-02 03:10:00,12.275807784163666,0.7400413165715947,0.025113096713989286,1.7607235694115069,0
2016-08-02 03:15:00,12.357190324216738,0.7524082060933184,0.02603121771010424,1.0934717030584487,0
2016-08-02 03:20:00,12.396344378121222,0.7770511071422341,0.030217373934924175,1.962800866237881,0
2016-08-02 03:25:00,12.160575943955939,0.7640951428247755,0.028406478720914917,1.962800866237881,0
2016-08-02 03:30:00,12.15091830774958,0.7624888958839773,0.02863136758992288,1.9411467441493846,0
2016-08-02 03:35:00,13.1748574110015,0.8404221057507085,0.043942918387923975,2.358407182310129,0
2016-08-02 03:40:00,13.315092496364949,0.819061029568821,0.04078058264565676,4.011804376005306,0
2016-08-02 03:45:00,12.732449422056728,0.7430165970933442,0.027065492833476895,4.011804376005306,0
2016-08-02 03:50:00,13.937811575593205,0.8152193388017084,0.03904777429469357,2.7346585587595826,0
2016-08-02 03:55:00,13.611314671568204,0.80092802247408,0.036527770328200544,2.7346585587595826,0
2016-08-02 04:00:00,11.663658643597085,0.7278133518306611,0.02365061198563661,2.126247119973965,0
2016-08-02 04:05:00,12.513755884530166,0.8185747416919731,0.039530639604063104,4.936318416913487,0
2016-08-02 04:10:00,13.32475158194677,0.8568821636004971,0.04653978246437572,4.936318416913487,0
2016-08-02 04:15:00,12.518910259178968,0.7825397323389414,0.03274452973092791,2.041415056230908,0
2016-08-02 04:20:00,12.243220287804819,0.7843932462999356,0.03391940385614971,2.3353195065407304,0
2016-08-02 04:25:00,12.957804120197636,0.8502343162795754,0.04685061596020397,2.851411573068989,0
2016-08-02 04:30:00,12.873852927435575,0.8089753160756314,0.03813954880827367,3.6949178821801123,0
2016-08-02 04:35:00,12.509103395777236,0.7545345882638052,0.027436530579589898,3.6949178821801123,0
2016-08-02 04:40:00,12.89766389942711,0.7721160643382351,0.030727697681961902,2.4932485764876238,0
2016-08-02 04:45:00,12.55222367687767,0.7563854528381118,0.027967602484324238,1.6572426379306948,0
2016-08-02 04:50:00,12.257710758207113,0.7426052971896437,0.025892409947528738,1.9472376777994016,0
2016-08-02 04:55:00,12.332413183689189,0.7338893980573113,0.024341840151834226,1.9472376777994016,0
2016-08-02 05:00:00,12.091566611026373,0.7205329787423509,0.02311782971688244,1.5580938391365393,0
2016-08-02 05:05:00,12.541511282985175,0.8197566086528704,0.04110610571772355,1.9332298856573444,0
2016-08-02 05:10:00,12.731888700670925,0.8343483045920458,0.043333815517080765,1.9332298856573444,0
2016-08-02 05:15:00,12.766500531922095,0.8063034456902166,0.03771828762801852,1.8381923769573443,0
2016-08-02 05:20:00,13.084534304062405,0.8244954329868349,0.04142108708572313,2.599816436885395,0
2016-08-02 05:25:00,12.939753925723412,0.7553157006006674,0.029799493071498217,3.8160778495557697,0
2016-08-02 05:30:00,12.924455174273984,0.7191819911912286,0.02238679101089941,3.8160778495557697,0
2016-08-02 05:35:00,12.953357735002601,0.7127746162235995,0.020694295907662065,4.84660354857278,0
2016-08-02 05:40:00,13.30102849191231,0.7200585751376298,0.02193440964597433,4.84660354857278,0
2016-08-02 05:45:00,13.40465402200898,0.7238360046055556,0.02197546394163973,2.319544695040822,0
2016-08-02 05:50:00,13.776638472931182,0.7364916170954585,0.023711784516528868,2.087646163632545,0
2016-08-02 05:55:00,13.72673761372683,0.746634065458837,0.025615226413083843,2.047303361071907,0
2016-08-02 06:00:00,12.91930650774431,0.7237324212127405,0.022347509700512396,2.587711461215238,0
2016-08-02 06:05:00,12.717826357792013,0.7128094579244182,0.020794598337083407,2.587711461215238,0
2016-08-02 06:10:00,13.345959291288088,0.7456732453871202,0.026812180188310858,1.5404427158818794,0
2016-08-02 06:15:00,14.621472414754058,0.7924636724863929,0.03447644545110806,5.206948955467558,0
2016-08-02 06:20:00,15.283747759327872,0.8319447473966367,0.03941543936146101,5.206948955467558,0
2016-08-02 06:25:00,14.897914451330143,0.8148339342021998,0.03680642688834567,5.95638587484851,0
2016-08-02 06:30:00,14.511571941573994,0.7571158336017818,0.028416528297724265,5.95638587484851,0
2016-08-02 06:35:00,14.519445348392988,0.7934617801585137,0.03542141459569108,2.3586412952642015,0
2016-08-02 06:40:00,14.167056305606204,0.7936390457047533,0.03550505582975638,2.021476308140219,0
2016-08-02 06:45:00,13.576051023082764,0.7422536090938779,0.02648837723962389,1.8910787168296,0
2016-08-02 06:50:00,13.541016810586095,0.7689066122603134,0.03034959266366588,3.3333147685753715,0
2016-08-02 06:55:00,13.861080393896916,0.8259057425071596,0.040459426135835766,3.3333147685753715,0
2016-08-02 07:00:00,12.887913960178668,0.8057867530202808,0.0372104134992911,1.841470399753193,0
2016-08-02 07:05:00,12.334109452415461,0.737360511183725,0.025789785084279704,1.841470399753193,0
2016-08-02 07:10:00,12.761081302498237,0.7272485101573238,0.02483585305296258,1.3503754922633957,0
2016-08-02 07:15:00,12.568513939586762,0.732121388548081,0.025076694808948176,1.2330929457372106,0
2016-08-02 07:20:00,12.275936506148682,0.7246589599882372,0.023924957534109344,1.5328921643498472,0
2016-08-02 07:25:00,12.680273614166323,0.7965201165600451,0.03623269539587724,4.0028429451567,0
2016-08-02 07:30:00,12.708518619562238,0.8195276983149294,0.04042152851041662,4.0028429451567,0
2016-08-02 07:35:00,11.760447622694201,0.7481035821616924,0.02862130385146324,2.0789525650113143,0
2016-08-02 07:40:00,11.77615574642579,0.7261893461003963,0.024751593044191365,2.1442444016229487,0
2016-08-02 07:45:00,12.053732629581507,0.7271246415424422,0.024333395258433383,2.1442444016229487,0
2016-08-02 07:50:00,12.278739285562395,0.7383993240090938,0.025717776520667784,2.520061027894109,0
2016-08-02 07:55:00,12.36818163708118,0.7354081135251679,0.024570246482131634,2.520061027894109,0
2016-08-02 08:00:00,11.54910666709377,0.7563886817614733,0.02708467026337048,1.4544697269546454,0
2016-08-02 08:05:00,10.806188404842391,0.8040681455145897,0.03401674107842845,1.4544697269546454,0
2016-08-02 08:10:00,10.784049801808033,0.8114061951231485,0.03421264154627905,1.580094240261903,0
2016-08-02 08:15:00,10.894699124331149,0.8024861481874156,0.033121725025792775,2.577966827727349,0
2016-08-02 08:20:00,10.533431217811513,0.8037703840439456,0.03304364826483675,4.374762166304043,0
2016-08-02 08:25:00,9.803231337664224,0.7945271104382667,0.03161798051332014,4.374762166304043,0
2016-08-02 08:30:00,10.022367332518211,0.7952397902308697,0.032862209390386726,3.5357663340533323,0
2016-08-02 08:35:00,12.64717795150772,0.8885188397429016,0.06631758026266657,3.5357663340533323,0
2016-08-02 08:40:00,15.08569872877099,0.9776536869219601,0.09902355241642509,1.989232331063271,0
2016-08-02 08:45:00,16.00426796443,0.9767839994107904,0.09785821832054845,2.163895619565593,0
2016-08-02 08:50:00,15.896195390595869,0.9787674290712178,0.1013671266719574,2.163895619565593,0
2016-08-02 08:55:00,15.187044835819876,0.9811710077091028,0.1060977363607516,3.9079474697655256,0
2016-08-02 09:00:00,14.695253612215646,0.9771119824023855,0.10130333618157819,3.9079474697655256,0
2016-08-02 09:05:00,13.59267191029349,0.9728939874714667,0.09452392445446296,8.397831820096755,0
2016-08-02 09:10:00,11.851395982724263,0.9252193285167798,0.07402244211648204,8.397831820096755,0
2016-08-02 09:15:00,10.188863016152776,0.858452756507778,0.04764724581977597,6.541954463709665,0
2016-08-02 09:20:00,9.171318526521196,0.8008005863261815,0.03327735653974358,3.093861182821599,0
2016-08-02 09:25:00,9.077947755075666,0.7919890958213496,0.031531531987879335,3.093861182821599,0
2016-08-02 09:30:00,10.19845590820553,0.8317085074155041,0.03868191327381057,3.9622679975644446,0
2016-08-02 09:35:00,10.454102332811745,0.8242433154658632,0.03715338266274548,3.9622679975644446,0
2016-08-02 09:40:00,10.125079027915387,0.8105594137608138,0.03471123220454211,2.3093555787215463,0
2016-08-02 09:45:00,10.186222711643378,0.8148338259979753,0.035133346833944784,2.004635405051448,0
2016-08-02 09:50:00,9.883929940470264,0.7910217637997169,0.0315993724412065,3.5589579111201375,0
2016-08-02 09:55:00,10.627242268303538,0.8529100384708065,0.04958748835256885,3.5589579111201375,1
2016-08-02 10:00:00,11.58940322485854,0.877553313534084,0.053902991134003944,6.598081987022592,1
2016-08-02 10:05:00,11.492498275594903,0.7897606076884709,0.03209441829420395,6.598081987022592,1
2016-08-02 10:10:00,13.437892014428854,0.8046982128988753,0.03420406367559396,10.964549099097118,1
2016-08-02 10:15:00,12.672212712918983,0.8022254669485311,0.03474750602586985,10.964549099097118,1
2016-08-02 10:20:00,12.486679467141386,0.7870496047801283,0.03156669967551805,6.349693244910795,1
2016-08-02 10:25:00,14.345562522111885,0.8021815199207258,0.03317559132134405,6.349693244910795,1
2016-08-02 10:30:00,11.876541813912477,0.7821400733420255,0.029712119386871023,4.45953716779177,1
2016-08-02 10:35:00,11.097108779137962,0.8099234613646092,0.034646319091549936,12.03653545621535,1
2016-08-02 10:40:00,16.366048465524177,0.8517578687567866,0.043956604813692804,24.059660558590604,1
2016-08-02 10:45:00,18.385612468075557,0.8408521747486911,0.04156141784842368,39.80504833535432,1
2016-08-02 10:50:00,26.30866230061833,0.817052990924984,0.036554748510081066,60.59403730100298,1
2016-08-02 10:55:00,23.38839562773063,0.7986551707176366,0.03394596291424966,60.59403730100298,1
2016-08-02 11:00:00,11.757574526605012,0.8062120882912497,0.03845515067830947,10.102687325600384,1
2016-08-02 11:05:00,12.397872205325434,0.8015537967111033,0.03752124353760248,10.796914276478253,1
2016-08-02 11:10:00,13.211803131544693,0.7966137388091625,0.03829291749552521,20.928328745443338,1
2016-08-02 11:15:00,14.297524011668946,0.8176048317967517,0.04102551039321958,20.928328745443338,1
2016-08-02 11:20:00,12.347334494571452,0.8047672324279195,0.03425997257878688,3.402584456963944,1
2016-08-02 11:25:00,10.866322157008096,0.8120964427856789,0.03630632773295503,3.1871960291442334,1
2016-08-02 11:30:00,11.641053849823397,0.8815615739421948,0.052254377885993616,1.684095883485718,1
2016-08-02 11:35:00,12.340989502108014,0.8839755499584722,0.05214440349709888,3.0811296051877832,1
2016-08-02 11:40:00,12.330681076062387,0.8657441236664856,0.045895039307383964,3.0811296051877832,1
2016-08-02 11:45:00,11.234987778930355,0.8446915937275826,0.04365769405809209,1.4348425901461748,1
2016-08-02 11:50:00,10.126992676747017,0.8064139895685561,0.034791331580290824,2.478089518931571,1
2016-08-02 11:55:00,10.440870018498353,0.8073915544180643,0.03447571912024871,2.478089518931571,1
2016-08-02 12:00:00,10.404945694246901,0.7854079801518202,0.03135225840760066,2.126896647578199,1
2016-08-02 12:05:00,10.818577192896207,0.8024668986241791,0.03373280132326026,3.6404695478048064,0
2016-08-02 12:10:00,11.043916280553493,0.7987977799725414,0.034066663263871484,3.6404695478048064,0
2016-08-02 12:15:00,10.174866460350595,0.7644459486673858,0.02975285019797973,1.5289359930944775,0
2016-08-02 12:20:00,10.135225994780768,0.7872292844270232,0.03109978460244761,2.477977124552458,0
2016-08-02 12:25:00,10.419479680132548,0.7919624543112664,0.031820100270287796,2.477977124552458,0
2016-08-02 12:30:00,9.966436732120608,0.7682187842874874,0.02983989975741535,2.0435970511002037,0
2016-08-02 12:35:00,9.896249865653601,0.7906488246602402,0.03203447593528093,3.0795686215090594,0
2016-08-02 12:40:00,11.07769287425694,0.8364907524137913,0.04001908370713295,9.356751387051863,0
2016-08-02 12:45:00,11.19254219531132,0.8661631796681853,0.04860966507967422,9.356751387051863,0
2016-08-02 12:50:00,10.704442682587004,0.8578660402988776,0.044482742523149515,3.9579274339348003,0
2016-08-02 12:55:00,11.040610943235803,0.831139946614383,0.03592176072330148,2.3703175455069,0
2016-08-02 13:00:00,11.587651374529631,0.821289219138898,0.03418170992881952,2.4479119726329217,0
2016-08-02 13:05:00,11.721898788212005,0.8071963621271913,0.031661307958710506,2.8879619574993525,0
2016-08-02 13:10:00,11.557737467582028,0.8244226048488046,0.03655609971827704,2.8879619574993525,0
2016-08-02 13:15:00,11.497348606218782,0.8275578582665304,0.037527492766797156,4.005160824770764,0
2016-08-02 13:20:00,11.533986411227561,0.8005851538522692,0.0321996332838755,4.005160824770764,0
2016-08-02 13:25:00,11.891553821242104,0.8008047011551733,0.03129513972842663,2.9932804973006912,0
2016-08-02 13:30:00,11.848812580126076,0.7918175714286363,0.030022315619129297,2.9932804973006912,0
2016-08-02 13:35:00,11.634065826452737,0.7980358338997389,0.032179530846036204,2.472831416190536,0
2016-08-02 13:40:00,11.302419938017788,0.8090677420174834,0.03481326002536307,5.09646579818772,0
2016-08-02 13:45:00,10.682387907167001,0.8001275646628169,0.03282842279252035,5.09646579818772,0
2016-08-02 13:50:00,10.201348890904624,0.7982697586857387,0.030522799227799952,2.4842749423773203,0
2016-08-02 13:55:00,10.530545818347504,0.7881166787627795,0.029041810867489824,2.4842749423773203,0
2016-08-02 14:00:00,11.502227051812108,0.7952500833998035,0.030059413414885206,3.6355292299562536,0
2016-08-02 14:05:00,11.976679210654579,0.8175149869241491,0.032914138187384465,3.6355292299562536,0
2016-08-02 14:10:00,12.474990698354691,0.8348465183185783,0.04708837481906977,21.966448332206895,0
2016-08-02 14:15:00,11.852071627981134,0.8352200569592727,0.047669542221395154,21.966448332206895,0
2016-08-02 14:20:00,9.820575186131554,0.8093876122152561,0.03363161992235664,4.352127830922442,0
2016-08-02 14:25:00,8.949542666345351,0.7991023988477536,0.03333051145753309,4.352127830922442,0
2016-08-02 14:30:00,9.42824461050466,0.8212783806789542,0.03607598916281569,2.813553934645061,0
2016-08-02 14:35:00,9.564945585468346,0.8312768048166431,0.036462290152852524,2.813553934645061,0
2016-08-02 14:40:00,9.096869511479285,0.8195810697623321,0.034916806245689554,1.862938737206936,0
2016-08-02 14:45:00,9.541843286200377,0.8241876213929679,0.0356054045472094,1.87194190615955,0
2016-08-02 14:50:00,9.378457356294147,0.802392860750971,0.03254075735492782,1.87194190615955,0
2016-08-02 14:55:00,9.12235558117915,0.7941567180742761,0.03195775058981205,2.009997057678977,0
2016-08-02 15:00:00,10.117158055665023,0.8281480238033344,0.03577977270825396,2.009997057678977,0
2016-08-02 15:05:00,10.487872380891059,0.8120967706385146,0.03395035793306207,8.311824123118248,0
2016-08-02 15:10:00,10.594467311329108,0.8124468083932529,0.03515261171452631,8.311824123118248,0
2016-08-02 15:15:00,10.377653544943964,0.8285781655394774,0.037577218495204436,6.700066481008836,0
2016-08-02 15:20:00,10.799121497304197,0.8752831618155357,0.05368654270457054,4.035675262895841,0
2016-08-02 15:25:00,11.052382593700727,0.8837876669363639,0.05458584584435886,4.035675262895841,0
2016-08-02 15:30:00,10.016805548368335,0.8187032300761503,0.036504563863190766,7.387975939537187,0
2016-08-02 15:35:00,9.541770377541834,0.8189315470222317,0.036193868299104225,7.387975939537187,0
2016-08-02 15:40:00,9.18938669739955,0.8069262336273124,0.0337620882346024,1.6991330262032451,0
2016-08-02 15:45:00,9.349423918758196,0.7894641078848489,0.030168797485462813,1.5422104789918203,0
2016-08-02 15:50:00,9.237660509674019,0.7859494958026751,0.029250506520770003,2.147200000433997,0
2016-08-02 15:55:00,8.776264930263237,0.7978610415204852,0.03131907843124819,3.271615446460716,0
2016-08-02 16:00:00,9.392247934208147,0.8290084774967852,0.03692380016636808,3.98710147176726,0
2016-08-02 16:05:00,9.55476173572678,0.8308785419835106,0.03877411587676162,3.98710147176726,0
2016-08-02 16:10:00,8.904950713066317,0.7945460104880332,0.03274909027316491,3.95165538148698,0
2016-08-02 16:15:00,8.894796925965334,0.7765035263092683,0.028726703657908175,2.1506549601090876,0
2016-08-02 16:20:00,8.85895311782977,0.7998095003324461,0.031813637034676816,2.1506549601090876,0
2016-08-02 16:25:00,8.783434688336,0.8099728014214028,0.03396695609462245,1.4935127390633438,0
2016-08-02 16:30:00,8.802741106026739,0.8019131578208444,0.033909101745490486,1.150216001598796,0
2016-08-02 16:35:00,9.010116917263833,0.8238341507504353,0.03755262867272483,3.8321137958388327,0
2016-08-02 16:40:00,9.118422019935362,0.8290379422509948,0.03757983835564463,3.8321137958388327,0
2016-08-02 16:45:00,8.775318569140943,0.7987492298322543,0.03376403386078542,1.6752410985391013,0
2016-08-02 16:50:00,8.787978140831637,0.7904574122623049,0.03289121423216718,3.788766925997493,0
2016-08-02 16:55:00,9.058054460600307,0.7932051667734084,0.032843485537639494,3.788766925997493,0
2016-08-02 17:00:00,9.96248113234024,0.808919123794999,0.033519144026904236,1.7148068095048439,0
2016-08-02 17:05:00,10.639544134992693,0.8145426610931558,0.0334938114904491,2.040103046508643,0
2016-08-02 17:10:00,10.558834761924683,0.8192646798249998,0.03660014805938762,2.040103046508643,0
2016-08-02 17:15:00,10.209415201134929,0.8197635902988593,0.037009946985799055,1.890352039692347,0
2016-08-02 17:20:00,9.78000233330797,0.8062020257948155,0.03359751636027499,2.9504317656336894,0
2016-08-02 17:25:00,10.153762231250022,0.7920972890293857,0.03107425917907596,2.9504317656336894,0
2016-08-02 17:30:00,10.87432032280107,0.7849959375230611,0.030104422177216872,4.344283968231399,0
2016-08-02 17:35:00,10.968534258284249,0.807185555045927,0.034247847995726645,4.344283968231399,0
2016-08-02 17:40:00,10.482354869329537,0.8157742218892555,0.03626067882456589,1.8796898104204685,0
2016-08-02 17:45:00,10.291572248056257,0.8160424777717916,0.03556102309888387,1.8796898104204685,0
2016-08-02 17:50:00,10.212218823146431,0.8187525147140472,0.035402748223380714,1.9202730428096733,0
2016-08-02 17:55:00,10.111462131740593,0.8088639798509701,0.03352857528770166,1.9202730428096733,0
2016-08-02 18:00:00,10.534794923271537,0.8082204374134957,0.032238408231080116,2.385763548019561,0
2016-08-02 18:05:00,10.588048294872072,0.7993398812560492,0.03168275065311953,3.3062458538415664,0
2016-08-02 18:10:00,9.953907207987527,0.7752585959596469,0.029995712057358532,3.3062458538415664,0
2016-08-02 18:15:00,9.536785191800742,0.7730825539650018,0.02890929382051109,1.1248817146416479,0
2016-08-02 18:20:00,9.813794505068774,0.7832948320803863,0.030353147932668866,1.18492781291399,0
2016-08-02 18:25:00,10.100854155693966,0.789384733591817,0.03202750816078781,2.234679566074627,0
2016-08-02 18:30:00,9.909708109286829,0.7720071277635061,0.030039599122945033,2.234679566074627,0
2016-08-02 18:35:00,9.962203759631779,0.7743021382145093,0.029983787715818944,2.5957227626924406,0
2016-08-02 18:40:00,10.280797390623231,0.7988435658139779,0.03213742669124188,2.5957227626924406,0
2016-08-02 18:45:00,10.06252171334815,0.8015804662240894,0.03327117040512998,1.0967407862284548,0
2016-08-02 18:50:00,9.526448459763909,0.7849045661356149,0.03168505212765817,0.838841453118512,0
2016-08-02 18:55:00,9.614868087590098,0.7761982754002399,0.028830553372519087,3.10579154369626,0
2016-08-02 19:00:00,9.72368299563313,0.7848385779755707,0.03012435568617495,3.10579154369626,0
2016-08-02 19:05:00,9.791198925765311,0.7951143358237749,0.03381564042463449,4.075193930527621,0
2016-08-02 19:10:00,10.158683163951027,0.8039209397176403,0.035099988410563165,4.075193930527621,0
2016-08-02 19:15:00,10.321783722923492,0.8086233300885309,0.035281424559936304,4.672668358326575,0
2016-08-02 19:20:00,10.432530288355833,0.806712037120466,0.034178182602914595,4.672668358326575,0
2016-08-02 19:25:00,10.012360835647188,0.7943515259649644,0.030972317897753752,3.5514303898708985,0
2016-08-02 19:30:00,9.538669036214676,0.7993542921132879,0.03146999527286409,3.5514303898708985,0
2016-08-02 19:35:00,9.743864283922585,0.8087698239485717,0.03367618509677443,3.085163373892574,0
2016-08-02 19:40:00,10.08448834645718,0.8007760263648236,0.03224907978932778,3.085163373892574,0
2016-08-02 19:45:00,10.30815183096195,0.8123315077616168,0.03311806130885414,2.194545731816612,0
2016-08-02 19:50:00,9.949627987615537,0.8146743571187824,0.034117224455201406,1.791194490165114,0
2016-08-02 19:55:00,9.715248473542484,0.7979554135718051,0.03154516106956262,1.668369735369067,0
2016-08-02 20:00:00,10.869772116698382,0.8237628436694323,0.03450634603144258,5.958852100699428,0
2016-08-02 20:05:00,11.155349020983888,0.8338553755191735,0.036336510106799454,5.958852100699428,0
2016-08-02 20:10:00,10.11860814283547,0.8141898826416556,0.033979512719451994,1.8602772793420843,0
2016-08-02 20:15:00,9.956583254645091,0.8114459680555015,0.033699091295538566,1.875509710490577,0
2016-08-02 20:20:00,9.849119273242811,0.805365784674633,0.03377451829912868,1.875509710490577,0
2016-08-02 20:25:00,9.802180400534546,0.8058919215983439,0.03383432681616668,1.8886968084235791,0
2016-08-02 20:30:00,9.872395678794888,0.8079610387102908,0.032789491376360544,1.9720499829291351,0
2016-08-02 20:35:00,9.763844682277178,0.8045647206980475,0.031005522494816945,2.0984435974495734,0
2016-08-02 20:40:00,10.512438785113128,0.8247253049358794,0.03534977996132037,7.692621307519125,0
2016-08-02 20:45:00,10.704864040918634,0.8257489732674109,0.03584295229029399,7.692621307519125,0
2016-08-02 20:50:00,10.195589805846545,0.8197687591002563,0.03331692325624046,6.967329199213584,0
2016-08-02 20:55:00,10.445826427311886,0.8324525840345877,0.03628073935284891,4.438933268754582,0
2016-08-02 21:00:00,10.625414671343124,0.8420213981026179,0.03670070039042104,2.89925577329258,0
2016-08-02 21:05:00,10.829030794950992,0.8570675355251154,0.038245777908057464,2.2021064204173344,0
2016-08-02 21:10:00,13.588150824625199,0.8792779851772059,0.06695195203765295,13.798220893841446,0
2016-08-02 21:15:00,21.223607204189634,0.9432910433585373,0.14276475641177255,13.798220893841446,0
2016-08-02 21:20:00,18.292380199631534,0.9066506797666414,0.11383223508559559,25.88319464221516,0
2016-08-02 21:25:00,10.35785342297633,0.8115788792900384,0.03418444889489668,25.88319464221516,0
2016-08-02 21:30:00,10.97374855208106,0.8392487302024372,0.04103609158007643,2.6169565967205877,0
2016-08-02 21:35:00,10.911176769492554,0.8354026947350831,0.03945523702001834,2.6169565967205877,0
2016-08-02 21:40:00,10.298818904428447,0.8068603101436855,0.032026077952674314,1.293914857928337,0
2016-08-02 21:45:00,9.29937897077692,0.8053668557408056,0.0329821058998893,1.293914857928337,0
2016-08-02 21:50:00,8.787535953453506,0.8042967384512846,0.03264736332736103,1.8356278760853468,0
2016-08-02 21:55:00,9.203507447338614,0.8149616341700627,0.034288407369291805,2.5324587827494183,0
2016-08-02 22:00:00,9.445056798676896,0.8446906857594327,0.03844617370327548,2.5324587827494183,0
2016-08-02 22:05:00,9.284779634924991,0.8474046718251225,0.037644105223240576,2.0396989363371247,0
2016-08-02 22:10:00,8.903866410370433,0.8125360416436763,0.0325773647328534,2.0396989363371247,0
2016-08-02 22:15:00,8.732975438165115,0.7885448676638556,0.029695194474330045,1.976603384869538,0
2016-08-02 22:20:00,8.550116612652676,0.7715403812246786,0.02782222301833352,1.951210703442778,0
2016-08-02 22:25:00,9.031170872092154,0.7905715070516125,0.030565957429830794,2.3537133369680348,0
2016-08-02 22:30:00,10.945944221373267,0.8619965158854819,0.04486312030034939,3.98644489147715,0
2016-08-02 22:35:00,12.161224637537467,0.8899074870518517,0.05172149531798057,3.98644489147715,0
2016-08-02 22:40:00,17.397399711125686,0.8376349024607337,0.04114816664949347,32.203859188398376,1
2016-08-02 22:45:00,25.67773382404086,0.8397064876806672,0.042124250292290825,59.654306243640875,1
2016-08-02 22:50:00,20.259039546927617,0.906255657714313,0.058665485480139015,59.654306243640875,1
2016-08-02 22:55:00,13.182414498021881,0.9263383254349049,0.06267356986252409,5.074959470854252,1
2016-08-02 23:00:00,18.95809270203999,0.8949683310192996,0.05441635538641661,20.971893115839563,1
2016-08-02 23:05:00,17.10424011042449,0.8397841605438422,0.04189434017339765,20.971893115839563,1
2016-08-02 23:10:00,10.469759663300122,0.7999184321774303,0.03175346532721725,1.5221107251031127,0
2016-08-02 23:15:00,10.670866016403254,0.8023484718574704,0.03267889663173307,2.8596438399908752,0
2016-08-02 23:20:00,11.77822093453766,0.8286595268833536,0.038018047107961125,5.434140806451424,1
2016-08-02 23:25:00,11.672049982030755,0.8180066310126048,0.035691996046265544,5.434140806451424,1
2016-08-02 23:30:00,10.603383324843907,0.8081305054951798,0.03355414462934695,2.98180874771328,1
2016-08-02 23:35:00,10.441182854029744,0.8203482131852051,0.03613757418685879,4.163282696484323,1
2016-08-02 23:40:00,11.244573515929888,0.8187710823514005,0.0399059587574657,14.086787862710173,1
2016-08-02 23:45:00,13.28077839804126,0.8421019755885494,0.044693366670143904,14.086787862710173,1
2016-08-02 23:50:00,13.138027722468703,0.8546484515503082,0.044253310807659416,13.128784289293954,1
2016-08-02 23:55:00,11.619523705375405,0.8094278538914702,0.03654595963001957,1.8255274492974078,0
2016-08-03 00:00:00,11.352755111309119,0.7902183542673693,0.031148070353710637,2.680501030238658,0
2016-08-03 00:05:00,11.348947735585106,0.8090488863416923,0.03371487192038457,8.691788908137278,0
2016-08-03 00:10:00,11.77438180496758,0.7968719040763272,0.032873166182877125,8.691788908137278,0
2016-08-03 00:15:00,11.990879181902983,0.7801145212048155,0.030507646566106973,4.174374042123442,0
2016-08-03 00:20:00,11.289333945711011,0.7851661669018721,0.0313034890896127,4.028129696949576,0
2016-08-03 00:25:00,11.343320854436593,0.831531410220361,0.041465303828335506,4.027634161390165,0
2016-08-03 00:30:00,11.624874006627998,0.818720630060165,0.03985226586649734,4.027634161390165,0
2016-08-03 00:35:00,11.498204877950162,0.7966258540833584,0.03317583719566125,4.923290925472435,0
2016-08-03 00:40:00,11.59270193949739,0.8029156819787479,0.0339789132004062,4.923290925472435,0
2016-08-03 00:45:00,11.424295756431226,0.7826747915690955,0.032262468922332914,1.668773824706819,0
2016-08-03 00:50:00,11.955874437889934,0.7989472031296392,0.03537942253834979,3.026837482032983,0
2016-08-03 00:55:00,12.320342094260647,0.80666881999866,0.035452428186184826,3.026837482032983,0
2016-08-03 01:00:00,11.98682292929354,0.7809232758002611,0.030036505269122844,2.9819305496494,0
2016-08-03 01:05:00,12.265025270881853,0.7925652484239014,0.03230820929134353,5.38391160175602,0
2016-08-03 01:10:00,12.445360223363918,0.7838639988755487,0.03136765160906791,5.38391160175602,0
2016-08-03 01:15:00,12.717379626186911,0.7518612426081532,0.025849320497157918,5.267305714868879,0
2016-08-03 01:20:00,13.093168317250653,0.7660551383669821,0.029118659324130214,5.267305714868879,0
2016-08-03 01:25:00,13.320624039424382,0.7565663745400244,0.02767968726321967,4.552993592698481,0
2016-08-03 01:30:00,13.04407967966199,0.7391073677793516,0.02523429592388283,3.754723918544491,0
2016-08-03 01:35:00,12.438104258621863,0.7544053725962121,0.029188638334891222,3.754723918544491,0
2016-08-03 01:40:00,12.682716828964919,0.7459898755896157,0.027092137305081188,2.7538067771305603,0
2016-08-03 01:45:00,12.962734712251919,0.7236149770703681,0.022473255231513275,2.7538067771305603,0
2016-08-03 01:50:00,13.14396086581571,0.7265734932514601,0.023512292074047002,3.706943011924127,0
2016-08-03 01:55:00,13.16179454677857,0.7286563911386652,0.023835487189697063,3.706943011924127,0
2016-08-03 02:00:00,12.307589665322075,0.7216695702579778,0.02380236870502127,2.6837009573895814,0
2016-08-03 02:05:00,12.200543159244905,0.7620767475073441,0.030993642283516143,2.6837009573895814,0
2016-08-03 02:10:00,12.937039222380548,0.7602162631600197,0.02989472363051096,1.856613729303087,0
2016-08-03 02:15:00,13.341908606368502,0.7317321076696267,0.025351763799948867,3.9071605567967356,0
2016-08-03 02:20:00,13.47145551288661,0.7462175746874986,0.027942723230567346,3.9071605567967356,0
2016-08-03 02:25:00,13.071258141278557,0.731684533297674,0.024894793437662526,3.6711183355023644,0
2016-08-03 02:30:00,12.965077662229373,0.7319599924197746,0.023469078483395286,1.7401131342556952,0
2016-08-03 02:35:00,12.818979222204458,0.7411891298401784,0.025469775173437275,1.6202215469213859,0
2016-08-03 02:40:00,12.752877494767997,0.7529104871231883,0.028133951705280956,2.871577666413503,0
2016-08-03 02:45:00,12.573268608953837,0.7568503777206512,0.028260147796379233,2.871577666413503,0
2016-08-03 02:50:00,12.72534876749216,0.7663297629419972,0.03002472259848283,2.4959955627892514,0
2016-08-03 02:55:00,13.367109044252164,0.803048758566898,0.03654598413091471,2.659313655582557,0
2016-08-03 03:00:00,12.695154164132898,0.7936370245602351,0.035135910624369555,3.212446637289027,0
2016-08-03 03:05:00,12.981901608260358,0.8395022241129828,0.04536387255426422,5.6654704435665995,0
2016-08-03 03:10:00,13.398104145643023,0.8308611273631701,0.043566256868850704,5.6654704435665995,0
2016-08-03 03:15:00,12.756804049316244,0.7510594259683661,0.027451069713801495,3.173702112086498,0
2016-08-03 03:20:00,12.831882865782736,0.7392938435281127,0.025267185643442526,2.3587589181188453,0
2016-08-03 03:25:00,12.870575730055052,0.7250351987898842,0.022792385323870686,2.5209971830621574,0
2016-08-03 03:30:00,12.951397620465702,0.7339969502026816,0.0239687157207752,2.5209971830621574,0
2016-08-03 03:35:00,13.05377831426245,0.7454326553095407,0.026338635293932024,2.3169908562809858,0
2016-08-03 03:40:00,12.926439461401126,0.7503128211113655,0.027668510001717956,2.057537958774319,0
2016-08-03 03:45:00,12.733300967972344,0.7446105410795596,0.02681295584764274,2.030397732946417,0
2016-08-03 03:50:00,13.250285375247364,0.733143490132454,0.025141424838488087,2.06173272793743,0
2016-08-03 03:55:00,13.940346068863974,0.7531535108941204,0.028125576794016578,2.06173272793743,0
2016-08-03 04:00:00,14.144293314052451,0.8476869586876333,0.05366896346761568,8.172650934952275,0
2016-08-03 04:05:00,13.241351136221766,0.8374029401311054,0.052530409905351426,8.172650934952275,0
2016-08-03 04:10:00,12.982970586081928,0.777925371662179,0.03281123117804053,4.024905350591565,0
2016-08-03 04:15:00,13.706352089593143,0.7970987242390628,0.03528502780573904,3.5861396799161933,0
2016-08-03 04:20:00,13.609466659363715,0.7620595139431614,0.0293278829395466,2.9990222094813856,0
2016-08-03 04:25:00,13.236709316572833,0.7474608484957141,0.027372995574183927,2.013915388321219,0
2016-08-03 04:30:00,13.38882247962152,0.758206608996456,0.02955343437906115,2.395706474422385,0
2016-08-03 04:35:00,13.728491563638737,0.7575095955779544,0.029358572201915328,2.395706474422385,0
2016-08-03 04:40:00,13.462540384503134,0.7535240697425389,0.028333481817767174,2.9607726248785533,0
2016-08-03 04:45:00,13.198464683297004,0.7376360129833266,0.025238958003226158,2.9607726248785533,0
2016-08-03 04:50:00,13.253134977921343,0.7290550457154406,0.023288720052372817,3.217699265365428,0
2016-08-03 04:55:00,13.786415283279208,0.727309472100333,0.02236692799960323,3.217699265365428,0
2016-08-03 05:00:00,13.506114366863406,0.7616259153119685,0.02913561482125837,3.6067092175325977,0
2016-08-03 05:05:00,12.98734242318059,0.7694560258378038,0.03129816433314666,3.6067092175325977,0
2016-08-03 05:10:00,12.616117447391293,0.7486088698513669,0.027415723979754957,2.1129318413804117,0
2016-08-03 05:15:00,11.919065140661337,0.7650383003618964,0.02919421569507048,3.1460377306585414,0
2016-08-03 05:20:00,11.908006148577154,0.742124499055842,0.025791972308967008,3.1460377306585414,0
2016-08-03 05:25:00,11.895390967323213,0.7226778258833121,0.023252880803397928,2.941421938530667,0
2016-08-03 05:30:00,12.257968336504984,0.7721634646037168,0.030726272738376754,2.941421938530667,0
2016-08-03 05:35:00,12.570018004239028,0.7757387803913411,0.03156122992422907,2.5254412247435982,0
2016-08-03 05:40:00,12.363144766322735,0.7330427133098939,0.025282896401511344,1.3041247517972565,0
2016-08-03 05:45:00,12.23961855051326,0.730422159615757,0.02457468833553219,1.3041247517972565,0
2016-08-03 05:50:00,12.614153323920096,0.7472228029810393,0.026298721515430574,6.660062403165415,0
2016-08-03 05:55:00,12.995521214998124,0.7382832360452922,0.02501596091793771,6.660062403165415,0
2016-08-03 06:00:00,12.717752299613045,0.7380371760858107,0.025719947819303608,2.6685065248650415,0
2016-08-03 06:05:00,12.935268093546018,0.768237102254405,0.03163725690695809,2.6685065248650415,0
2016-08-03 06:10:00,15.603637863103987,0.8355184735735848,0.05032091759665443,20.272370017700638,0
2016-08-03 06:15:00,15.234760966198468,0.8219606747922835,0.04667725384894323,20.272370017700638,0
2016-08-03 06:20:00,12.644208947554862,0.7308735184114196,0.024516896154100805,11.377542063719867,0
2016-08-03 06:25:00,12.529758580818491,0.7160143428393458,0.02211406584127096,3.8659248737748757,0
2016-08-03 06:30:00,12.649083639042322,0.714834407456284,0.021384203436831662,2.149027243116352,0
2016-08-03 06:35:00,12.8370615771562,0.7171619943263661,0.02176365853437405,2.729298149276779,0
2016-08-03 06:40:00,13.115614804628809,0.7347611699392453,0.02430329286930192,2.729298149276779,0
2016-08-03 06:45:00,13.1218022442884,0.7438301871319313,0.02739331261880388,2.585026102445617,0
2016-08-03 06:50:00,13.06188702454167,0.7496447187841417,0.028393018832211365,5.895535113553113,0
2016-08-03 06:55:00,12.984065478563235,0.7360987484112149,0.024946766573066433,5.895535113553113,0
2016-08-03 07:00:00,12.764871058784196,0.7953033497062443,0.035889307225367414,2.7531559025965704,0
2016-08-03 07:05:00,12.720727683567016,0.8242695098828915,0.04075849694481967,2.7531559025965704,0
2016-08-03 07:10:00,12.296163063554928,0.758805364249201,0.02904710017121494,2.284121383773541,0
2016-08-03 07:15:00,12.523896398983116,0.8043641554596106,0.03744050672015518,2.503982371912685,0
2016-08-03 07:20:00,13.1459440982625,0.848400697003634,0.04606919302144481,2.503982371912685,0
2016-08-03 07:25:00,13.229169163347018,0.7819899072198238,0.03359707519003875,2.7191900707407095,0
2016-08-03 07:30:00,12.928328219607796,0.7425881739843211,0.025029848428914446,2.7191900707407095,0
2016-08-03 07:35:00,12.602985530352006,0.762377207740951,0.027665426721827403,2.238465156329832,0
2016-08-03 07:40:00,12.355778279073515,0.7821795604956226,0.030006331657011876,1.5575666057971285,0
2016-08-03 07:45:00,12.059661991705367,0.7872584581982425,0.029825083304247584,1.5575666057971285,0
2016-08-03 07:50:00,12.383152759907432,0.7616746477872265,0.0268527675390976,2.6136826592131097,0
2016-08-03 07:55:00,13.11077478486751,0.7626768361574376,0.028465726890710093,2.6136826592131097,0
2016-08-03 08:00:00,12.5212008594559,0.780963049311591,0.030158622524949254,2.1769385035688744,0
2016-08-03 08:05:00,11.465914552670156,0.7787038601755087,0.02986140680950372,2.1769385035688744,0
2016-08-03 08:10:00,11.366401165060934,0.7879547888843906,0.03185792043842524,2.9049632546348994,0
2016-08-03 08:15:00,11.21854765482402,0.7880512162664692,0.03183663534541451,2.9049632546348994,0
2016-08-03 08:20:00,10.659900793177243,0.76908120773499,0.029431696616381325,2.150024703587271,0
2016-08-03 08:25:00,10.581419366310891,0.765481913426192,0.028499483899886446,1.4137712003564293,0
2016-08-03 08:30:00,10.703520641586564,0.7871457748503365,0.03025126549260072,1.2571021855068265,0
2016-08-03 08:35:00,10.462349343952702,0.7970139345767444,0.031480502056549134,2.1660308561138564,0
2016-08-03 08:40:00,11.150551019407045,0.8059578342918747,0.034150266464941584,3.9249321116405986,0
2016-08-03 08:45:00,17.19198123769011,0.8559604699175953,0.044509373592573294,25.178765195256325,0
2016-08-03 08:50:00,17.19546588227303,0.8667504810146807,0.04674482244975646,25.178765195256325,0
2016-08-03 08:55:00,12.638870685191062,0.8604742417752629,0.04443691711321049,3.538107324656359,0
2016-08-03 09:00:00,12.42000906982005,0.8830173895271004,0.04932763271582895,3.5139250137464693,0
2016-08-03 09:05:00,11.235317875768546,0.874930946697289,0.05711884308154651,8.03086456712948,0
2016-08-03 09:10:00,10.56365972914996,0.8257006842516721,0.04691266192050455,8.03086456712948,0
2016-08-03 09:15:00,10.066355773057838,0.7964094669519974,0.031186348414435267,3.4893607473595347,0
2016-08-03 09:20:00,11.016360921460494,0.8162272151221283,0.03421838072460793,7.437212809613092,0
2016-08-03 09:25:00,11.478696096103805,0.8211143922056102,0.036277139150475375,7.437212809613092,0
2016-08-03 09:30:00,10.904531948876198,0.8130276950851825,0.035150592137451565,5.9604482424375504,0
2016-08-03 09:35:00,11.166898654131305,0.8037792606773569,0.03331754341693353,5.9604482424375504,0
2016-08-03 09:40:00,10.915626434856911,0.7963569013441273,0.03249960256872354,5.836143427829336,0
2016-08-03 09:45:00,10.569680843007633,0.7830531687275192,0.03061273201592592,3.6413354012413657,0
2016-08-03 09:50:00,10.977826450750698,0.7920315819226837,0.0298958226849728,2.6010874960849026,0
2016-08-03 09:55:00,10.924736802561773,0.8121545977950402,0.03297211494340799,1.9187232737788376,0
2016-08-03 10:00:00,10.528289528090621,0.792545753077669,0.03106122108903787,1.048250015038786,0
2016-08-03 10:05:00,10.894504364318777,0.7776132888806708,0.028908519531795684,3.8626468162656575,0
2016-08-03 10:10:00,11.160016752800658,0.7791593653828817,0.029677037872980865,3.8626468162656575,0
2016-08-03 10:15:00,10.889193810049074,0.7736145092898608,0.028700339730120837,1.9170912829647766,0
2016-08-03 10:20:00,11.008982591875133,0.7885459751288018,0.030879061713814725,1.9170912829647766,0
2016-08-03 10:25:00,11.569055763486837,0.819374125538118,0.04055248276158488,12.73928478761875,0
2016-08-03 10:30:00,11.649140014811795,0.8201627202930544,0.040620190375062794,12.73928478761875,0
2016-08-03 10:35:00,11.271725366503901,0.7992911122510766,0.03189828458168133,3.267941875016981,0
2016-08-03 10:40:00,11.398698578911675,0.8032431503233404,0.031880304484429876,2.6033901701211866,0
2016-08-03 10:45:00,11.177009550266813,0.810326708531904,0.032446411657718624,5.10184151253363,0
2016-08-03 10:50:00,10.69781716918321,0.8156380245236907,0.0344033947784824,5.10184151253363,0
2016-08-03 10:55:00,11.010850693499819,0.8178351666104795,0.034620958922454016,3.9780124311167007,0
2016-08-03 11:00:00,10.852719942251323,0.7917361493336722,0.03027326554358676,4.766614259443491,0
2016-08-03 11:05:00,11.140267298666476,0.7980679403798387,0.031430877124331916,6.961946635242013,0
2016-08-03 11:10:00,11.236193089525916,0.8094650637922151,0.03350122305796617,6.961946635242013,0
2016-08-03 11:15:00,11.766416291253188,0.8723402306906194,0.052435153921527866,4.1558364931405185,0
2016-08-03 11:20:00,12.494589846111023,0.9023335667244703,0.05938003533792121,4.1558364931405185,0
2016-08-03 11:25:00,12.295921905709159,0.8740211633566272,0.04974638500571441,2.6853470549891356,0
2016-08-03 11:30:00,11.550920693939425,0.8403498191065946,0.042382690152815795,2.6305609317952943,0
2016-08-03 11:35:00,10.649851716127298,0.7948364004765625,0.03220571912259549,3.425788442627824,0
2016-08-03 11:40:00,11.18876181738553,0.8205664497233357,0.03702197941328082,3.425788442627824,0
2016-08-03 11:45:00,11.293658460917946,0.8214490399306356,0.03603957270182433,2.280583821127897,0
2016-08-03 11:50:00,10.838145134187254,0.7938149077418042,0.030340974239714286,2.036067852688438,0
2016-08-03 11:55:00,10.848510170642463,0.7972813392234136,0.03136381245244485,2.914383231112113,1
2016-08-03 12:00:00,11.261728875208785,0.8116511301608568,0.03434511962568817,2.914383231112113,1
2016-08-03 12:05:00,11.698471811873572,0.8321955256295882,0.040270362193289076,4.790222085699731,1
2016-08-03 12:10:00,13.972584772106298,0.847056719539806,0.04145115022842373,10.48407945652395,1
2016-08-03 12:15:00,13.767305309999267,0.8082171947911907,0.033264874258052204,10.48407945652395,1
2016-08-03 12:20:00,13.555499871065535,0.80091933010314,0.0325089542340206,3.9406268916423306,1
2016-08-03 12:25:00,14.82262364825084,0.8290997830223992,0.03741889203837878,3.9406268916423306,1
2016-08-03 12:30:00,12.635997996787706,0.8064506650358572,0.033436226318987496,6.039034165132073,1
2016-08-03 12:35:00,12.267665946530396,0.8091532779295951,0.04014770973390132,17.6313660791013,1
2016-08-03 12:40:00,18.560150144728553,0.8342850503382273,0.046623478404859565,43.38726537627543,1
2016-08-03 12:45:00,19.7381722599249,0.8093642036086597,0.03682028886470286,43.38726537627543,1
2016-08-03 12:50:00,26.23723798145383,0.8014300661259365,0.03490995584952429,57.65716297005605,1
2016-08-03 12:55:00,24.778462693916914,0.821417859382541,0.04505571887904077,57.65716297005605,1
2016-08-03 13:00:00,12.263534675172608,0.8219609711382763,0.04453284543617437,16.83775182160532,1
2016-08-03 13:05:00,11.799617200697433,0.8069136252127671,0.03340978575114082,16.40794410716848,1
2016-08-03 13:10:00,11.629243711135262,0.7888454614707155,0.02917578815227443,2.800554393945842,1
2016-08-03 13:15:00,12.028937032524933,0.7832466251157786,0.028933486880588936,7.5891077615082745,1
2016-08-03 13:20:00,12.518400340985336,0.8370361867435371,0.0404885014867095,7.5891077615082745,1
2016-08-03 13:25:00,11.914011289368489,0.8410098533814916,0.040833743970453786,6.839069753626556,1
2016-08-03 13:30:00,11.90615949089192,0.8195691567924144,0.03570956884303587,3.44354630673969,1
2016-08-03 13:35:00,12.253478319500712,0.8281852276547585,0.03779005350468998,3.44354630673969,1
2016-08-03 13:40:00,11.467278006189526,0.7936922439583756,0.03126830232918801,2.446123732556301,1
2016-08-03 13:45:00,10.684625496458173,0.779218338814759,0.02933606867819826,1.3895358519912728,1
2016-08-03 13:50:00,11.28675633243495,0.8225112501064856,0.03787910662502394,4.0431751751777885,1
2016-08-03 13:55:00,11.393705923360752,0.8430591952905055,0.04135277500437665,4.0431751751777885,1
2016-08-03 14:00:00,11.538597221003489,0.808981989760987,0.034622283348795566,16.059747122277745,1
2016-08-03 14:05:00,13.5375353565633,0.8235901291318678,0.040782360222033714,16.059747122277745,0
2016-08-03 14:10:00,12.684416855830346,0.831906356490638,0.04074864282063688,13.787469634426095,0
2016-08-03 14:15:00,10.092607323660376,0.803063489692156,0.030735583235892223,1.6160663394483614,0
2016-08-03 14:20:00,12.823195920650738,0.8145181857748761,0.034481825734992956,16.989582856096995,0
2016-08-03 14:25:00,13.488481295278003,0.8417360087248147,0.040092990514367516,17.52196931625004,0
2016-08-03 14:30:00,10.257708881422138,0.8291529677998178,0.0368555401351365,17.52196931625004,0
2016-08-03 14:35:00,9.969980858297566,0.8247975286848729,0.03643409025998663,3.1485925542018993,0
2016-08-03 14:40:00,10.853018773714549,0.8707367125896572,0.048005902659505606,3.1485925542018993,0
2016-08-03 14:45:00,11.23553682048141,0.8919168289822909,0.052309792880816906,2.0673646689714227,0
2016-08-03 14:50:00,10.644342278692104,0.8778221347629809,0.04850509376942582,2.5260337412835807,0
2016-08-03 14:55:00,10.131127199892576,0.8595604531434275,0.04416193866743219,3.035256557495695,0
2016-08-03 15:00:00,9.89913048446909,0.8349579266463651,0.03889279657249396,3.314757248428346,0
2016-08-03 15:05:00,11.37422580223366,0.8851638502257336,0.05759925217031118,4.659953976687954,0
2016-08-03 15:10:00,12.566531923613821,0.9461885739362363,0.07855471199928851,4.659953976687954,0
2016-08-03 15:15:00,11.24710705361308,0.8893920974213185,0.058295497586277424,2.733008811436877,0
2016-08-03 15:20:00,10.300219860483235,0.8307182953906503,0.0372432222222606,2.128962428079795,0
2016-08-03 15:25:00,10.453514962688537,0.8664835426126803,0.04714013136546265,1.8095945778611446,0
2016-08-03 15:30:00,10.221303798492748,0.8672425273689272,0.047412802819653835,1.8095945778611446,0
2016-08-03 15:35:00,9.837712774603794,0.8220957026822936,0.035225165357009924,2.73536059543618,0
2016-08-03 15:40:00,9.84607644120263,0.8203871391156107,0.03326649086307046,2.73536059543618,0
2016-08-03 15:45:00,9.700780376310428,0.8336839057048208,0.03616877141660446,2.3405096301760806,0
2016-08-03 15:50:00,9.591906252222838,0.8343467437893441,0.03620929926329885,2.3405096301760806,0
2016-08-03 15:55:00,10.135996390796306,0.8364336773908524,0.03475507729337564,2.145485433232887,0
2016-08-03 16:00:00,11.070368098202454,0.8547645792616455,0.03996961748762927,1.3126399852022095,0
2016-08-03 16:05:00,11.058292699940997,0.8675104741760898,0.04484599001941301,2.3826984640030022,0
2016-08-03 16:10:00,10.69432240923972,0.8734002263276811,0.047151193164999244,2.3826984640030022,0
2016-08-03 16:15:00,11.062533227891901,0.8768715349490632,0.047907728874050134,1.9656723343426366,0
2016-08-03 16:20:00,11.668872752802049,0.8785305659666021,0.04688536236658211,5.182757363175078,0
2016-08-03 16:25:00,12.51840482773087,0.9048740278424029,0.05551835332519689,5.182757363175078,0
2016-08-03 16:30:00,13.241675372741918,0.940209583927763,0.07140192308395325,3.9095771626414306,0
2016-08-03 16:35:00,12.005366759219301,0.9346608705773578,0.07033077314797168,3.6420629248368237,0
2016-08-03 16:40:00,10.734117232252839,0.9030191408601778,0.05652270294434525,3.3118195689383736,0
2016-08-03 16:45:00,10.676976031996608,0.9068200338252943,0.05634652776027271,2.7141624939903304,0
2016-08-03 16:50:00,11.28221402090102,0.9139959907371547,0.05754404690316214,2.6998136044979644,0
2016-08-03 16:55:00,11.699707809174669,0.9095549118870375,0.05702865272905398,2.6998136044979644,0
2016-08-03 17:00:00,11.539597175908686,0.9086013256208356,0.0569477749434066,3.1235088259311463,0
2016-08-03 17:05:00,10.954318826400419,0.8850841601219169,0.04950799391607615,3.1235088259311463,0
2016-08-03 17:10:00,10.307052859780352,0.8878287374089331,0.05119037552452642,2.4870848305215514,0
2016-08-03 17:15:00,9.96877479927935,0.879161005443754,0.04885277898283421,2.3607800578876605,0
2016-08-03 17:20:00,10.692977745086806,0.8742191898690364,0.045237898043638924,4.16825434040027,0
2016-08-03 17:25:00,11.24150679033455,0.8919577504200109,0.04944289276885015,4.16825434040027,0
2016-08-03 17:30:00,10.160698432612525,0.8537522311865471,0.04134187649775144,2.2630360571104986,0
2016-08-03 17:35:00,9.786631716152623,0.8279537450572607,0.03514334234362759,1.3683567508759622,0
2016-08-03 17:40:00,9.879414755888494,0.8158355894307932,0.033728260845284325,1.7282856581191164,0
2016-08-03 17:45:00,10.135915291749152,0.8096367383641767,0.03276472750317489,4.148610505469376,0
2016-08-03 17:50:00,10.708983810661866,0.8296978259939273,0.03510288981920797,4.148610505469376,0
2016-08-03 17:55:00,10.343175837433531,0.8208999847054294,0.03452908540672335,2.7952834220742035,0
2016-08-03 18:00:00,9.73884983521275,0.8015325564238308,0.03291827219178582,3.0896810783160924,0
2016-08-03 18:05:00,10.400656238955843,0.8216632103859585,0.035767273799754605,3.9796745896815837,0
2016-08-03 18:10:00,10.37637521247502,0.8257658635988935,0.03645475845812192,3.9796745896815837,0
2016-08-03 18:15:00,9.896299094582057,0.8145888066249222,0.034848773827531244,0.9586288746021343,0
2016-08-03 18:20:00,9.852734174108488,0.817933488534617,0.03503777400785979,1.1940384584313888,0
2016-08-03 18:25:00,11.494650089825623,0.8754426830920061,0.0527273781074768,12.340932986943754,0
2016-08-03 18:30:00,11.618643626780763,0.8823794498508247,0.0543029080478459,12.340932986943754,0
2016-08-03 18:35:00,10.029776947415113,0.8171877246273606,0.03518964823426598,3.092708666693633,0
2016-08-03 18:40:00,10.01430369670268,0.8036176485921054,0.032041936861420914,3.092708666693633,0
2016-08-03 18:45:00,10.322751662145503,0.8074013552448271,0.03198060047601562,3.7099797967844688,0
2016-08-03 18:50:00,10.689678869412228,0.8121106288640927,0.0331296273205115,3.784618574001469,0
2016-08-03 18:55:00,11.34538298157158,0.8597570117130895,0.043615191951161494,3.784618574001469,0
2016-08-03 19:00:00,11.447892815718145,0.8634762593605911,0.04539298517213068,2.21263368250963,0
2016-08-03 19:05:00,10.564481969857964,0.7979354825300404,0.033219182015693016,2.21263368250963,0
2016-08-03 19:10:00,10.090516025600646,0.7776878729491894,0.029505602381052647,2.0356110863983674,0
2016-08-03 19:15:00,9.9384449054788,0.7911806783008937,0.03177723796317657,2.0782266827624842,0
2016-08-03 19:20:00,10.380343572235375,0.8117735528236596,0.0346585690130005,3.6130229917464476,0
2016-08-03 19:25:00,10.722950541903458,0.8363975801962501,0.03921102719513659,3.6130229917464476,0
2016-08-03 19:30:00,11.247388847739634,0.872782226047895,0.04907807661526613,7.2300375240116965,0
2016-08-03 19:35:00,11.745536071053206,0.8802776849698348,0.05105263414308653,7.2300375240116965,0
2016-08-03 19:40:00,10.97889262744182,0.8424155810362012,0.04146437200811483,3.1329350625983063,0
2016-08-03 19:45:00,10.103494059708698,0.8138311470778974,0.03477556044596332,2.9449577578479893,0
2016-08-03 19:50:00,9.82413271438433,0.8208238515295433,0.03614322531662138,2.051014276054185,0
2016-08-03 19:55:00,9.983964245010453,0.841344573377351,0.0405148122005567,2.404702604512437,0
2016-08-03 20:00:00,9.607518855409538,0.8255688985647427,0.03644589430148773,2.404702604512437,0
2016-08-03 20:05:00,9.380292271907228,0.8253265842341859,0.03536834252365805,2.4384871332546756,0
2016-08-03 20:10:00,10.176429043111655,0.8643443117363523,0.0430274838313606,3.146264161022908,0
2016-08-03 20:15:00,10.259804515947767,0.8602545821632258,0.04261066316533593,3.362661803222751,0
2016-08-03 20:20:00,9.473771421492211,0.82239170200283,0.03552005628740694,3.362661803222751,0
2016-08-03 20:25:00,9.807150611380196,0.8326825415659183,0.039018231810083306,2.6090042876615893,0
2016-08-03 20:30:00,10.18378599644841,0.8355532762780231,0.039589608067342796,2.6090042876615893,0
2016-08-03 20:35:00,9.43540126396399,0.8081583382516768,0.03233610632365937,2.9614941153737973,0
2016-08-03 20:40:00,9.602455475887263,0.8192563291900916,0.03291925528566709,2.9614941153737973,0
2016-08-03 20:45:00,10.113661943197565,0.8250465609506064,0.034567031503046554,4.453091156142576,0
2016-08-03 20:50:00,9.824516052438003,0.8226328082897384,0.03462198071148247,4.453091156142576,0
2016-08-03 20:55:00,9.940864012347792,0.8214028338138071,0.034355323187986675,7.148583314229055,0
2016-08-03 21:00:00,9.923106220207313,0.8162823827516745,0.034104643633154894,7.148583314229055,0
2016-08-03 21:05:00,10.024221291832337,0.8187562435605026,0.03507913275908593,3.8226795989790907,0
2016-08-03 21:10:00,11.389199225686024,0.8380194461033194,0.038835451929942456,3.8226795989790907,0
2016-08-03 21:15:00,11.008361555696629,0.832583130818229,0.03741566789417749,8.253960699403105,0
2016-08-03 21:20:00,9.901601986835184,0.8115975472032368,0.0328967538845539,8.253960699403105,0
2016-08-03 21:25:00,10.264346256855083,0.8162753536654263,0.03435654338940819,3.4680754279879737,0
2016-08-03 21:30:00,11.717873781160469,0.8554215078885941,0.043069153677741376,3.5839847476015563,0
2016-08-03 21:35:00,12.595485057524218,0.8462178020545392,0.04044230323104629,3.5839847476015563,0
2016-08-03 21:40:00,12.758939470159286,0.8439324243508766,0.041204867449224136,6.158895880900452,0
2016-08-03 21:45:00,12.353287545027346,0.8442223030899493,0.042407554322761616,6.158895880900452,0
2016-08-03 21:50:00,11.111885526404578,0.7948622209070396,0.03126520694180915,3.6783796591906217,0
2016-08-03 21:55:00,10.739809327125894,0.7958408777750126,0.031124032636641274,3.6783796591906217,0
2016-08-03 22:00:00,10.764592156924445,0.831241201185958,0.03949185354661512,4.108027028712649,0
2016-08-03 22:05:00,11.529992766510398,0.8437848767292775,0.04106061317375941,6.140487472057121,0
2016-08-03 22:10:00,12.048004861468126,0.8412182161070593,0.03746767848703225,6.140487472057121,0
2016-08-03 22:15:00,12.417249144408684,0.8442995098246204,0.037684209138906646,3.6046035320386305,0
2016-08-03 22:20:00,12.124961845368762,0.84836632229909,0.04034357264276007,3.6046035320386305,0
2016-08-03 22:25:00,11.758732533936977,0.8801331021560399,0.04929820514983692,2.2994404913501745,0
2016-08-03 22:30:00,12.758358864751454,0.9048242798323667,0.055457243446824,2.9238344637693645,0
2016-08-03 22:35:00,13.062244308319716,0.8927791078178104,0.05152005090858645,3.5348687664535903,0
2016-08-03 22:40:00,11.701376794681345,0.8380415650578349,0.03873102903101823,3.5348687664535903,0
2016-08-03 22:45:00,10.810198321645577,0.8044112759373481,0.031574750779736725,2.5835310739915736,0
2016-08-03 22:50:00,11.029227487501569,0.7993556211640633,0.031184505600220402,2.5835310739915736,0
2016-08-03 22:55:00,11.10499717711192,0.8013198982856371,0.03146363240013736,3.879375931509629,0
2016-08-03 23:00:00,10.810605260097537,0.8197717417105836,0.03399931427884637,3.879375931509629,0
2016-08-03 23:05:00,10.730044792909348,0.8054785205003894,0.03175636542085679,6.301179234445291,0
2016-08-03 23:10:00,11.675978772742814,0.8536174326487915,0.0449728374443509,6.301179234445291,0
2016-08-03 23:15:00,11.659040842213283,0.876109813609611,0.048880827024476256,2.9419022017243277,0
2016-08-03 23:20:00,11.378427966544013,0.8184583256354904,0.03454662231674139,6.571556834931231,0
2016-08-03 23:25:00,11.918931707188332,0.8129010853315491,0.03392285056516274,7.399501364794885,0
2016-08-03 23:30:00,12.455289519218976,0.8372498004358145,0.040980126004284134,7.689399687971045,0
2016-08-03 23:35:00,13.08032901282109,0.9000497659410921,0.06097478396793944,7.689399687971045,0
2016-08-03 23:40:00,13.671204194619188,0.926297804184494,0.06651155456543244,4.553128985199383,0
2016-08-03 23:45:00,12.303541688946595,0.8715358873120856,0.046978542164255024,4.5132833791903435,0
2016-08-03 23:50:00,10.886003905095587,0.8373645345386527,0.038096011791906026,3.3924738373238017,0
2016-08-03 23:55:00,11.262850390056922,0.8477961409558923,0.04049639327223501,3.3924738373238017,0
2016-08-04 00:00:00,11.903302402702744,0.8511826678246904,0.04107610071532914,3.8089745957081,0
2016-08-04 00:05:00,12.797596301439437,0.8773095630535661,0.04880691231644577,4.940549576389257,0
2016-08-04 00:10:00,24.164220796881104,0.8849452601133961,0.052355184180287805,32.40317003339991,1
2016-08-04 00:15:00,27.179143575057804,0.8348901140376428,0.04093696549467446,57.77970635124487,1
2016-08-04 00:20:00,16.834915058359478,0.876426849384632,0.05274083242948446,57.77970635124487,1
2016-08-04 00:25:00,12.996920145575,0.8752372262788289,0.0531585283372746,4.721412149933192,1
2016-08-04 00:30:00,11.299723795830044,0.8018767793258235,0.03412651086784822,4.721412149933192,1
2016-08-04 00:35:00,11.027724536313773,0.7800642193601683,0.02998427848820307,2.0352766679151735,0
2016-08-04 00:40:00,11.634915797099856,0.7984328395648597,0.031081198056945657,4.123800147758347,1
2016-08-04 00:45:00,11.51181299290063,0.81411083566828,0.03321499848936581,4.123800147758347,1
2016-08-04 00:50:00,11.168028609503876,0.7996621460701864,0.03168215706347517,2.825773747288865,0
2016-08-04 00:55:00,11.526078140505367,0.7906232967087328,0.030854421138043774,1.6814044561709665,0
2016-08-04 01:00:00,11.714265260069551,0.7958882449724968,0.032546176864018894,6.810016792471273,1
2016-08-04 01:05:00,19.78970971879648,0.8442769751002803,0.04306644283929921,36.321504204135884,1
2016-08-04 01:10:00,19.146026978928628,0.8487563701006501,0.04340511734545215,36.321504204135884,1
2016-08-04 01:15:00,13.002813851362484,0.8699581456830743,0.05475937804906759,20.820115880855084,1
2016-08-04 01:20:00,13.295863537333563,0.8562284266785531,0.052170110753623544,20.820115880855084,1
2016-08-04 01:25:00,11.564341896132781,0.7865761025618914,0.03058469491321648,3.0571218854793427,1
2016-08-04 01:30:00,11.696624642049619,0.7871155507029479,0.03173168337907269,3.0571218854793427,0
2016-08-04 01:35:00,11.939376569452019,0.7883146009364901,0.03221544103850936,2.9510456279715043,0
2016-08-04 01:40:00,12.10830101114135,0.8077134829278838,0.03479307866054081,2.8075369981407277,1
2016-08-04 01:45:00,11.972947724699972,0.8106385059331022,0.03461325579374175,3.183143572538522,1
2016-08-04 01:50:00,12.266333990930486,0.7831205011040875,0.029287947445154994,3.183143572538522,0
2016-08-04 01:55:00,12.498943978870447,0.772833539554901,0.02742390038375292,1.7160823694100371,0
2016-08-04 02:00:00,11.962542418428304,0.7677417270967367,0.02739822157880461,4.23026007718352,0
2016-08-04 02:05:00,11.807397549949435,0.7610201964458909,0.026704937405094952,4.23026007718352,0
2016-08-04 02:10:00,12.268695792723438,0.7486327046642374,0.024946615734045628,3.100538036948545,0
2016-08-04 02:15:00,12.586875025510867,0.7536399487837329,0.026066546591747602,2.5289045169248014,0
2016-08-04 02:20:00,13.492590958642698,0.7870138783371378,0.032342600968146076,2.5289045169248014,0
2016-08-04 02:25:00,13.460436201512351,0.793113269149821,0.032712703117173676,2.230933168127525,0
2016-08-04 02:30:00,12.766576434676683,0.7668449377274398,0.027641437579157956,2.230933168127525,0
2016-08-04 02:35:00,13.122019264091168,0.7769906982080914,0.030711104200061217,3.8323957478285955,0
2016-08-04 02:40:00,14.323126376143492,0.8090192939153502,0.036194257313814926,5.083836476569221,0
2016-08-04 02:45:00,14.178399242370904,0.8158961273893072,0.03715042750399787,5.083836476569221,0
2016-08-04 02:50:00,13.20479204515342,0.777396921374353,0.03031885032545681,4.34109587324586,0
2016-08-04 02:55:00,13.35160914401745,0.7609671115892183,0.027910703853104384,2.9290473941816266,0
2016-08-04 03:00:00,12.817749342768138,0.7682941040963092,0.030289130843759633,5.07360192739401,0
2016-08-04 03:05:00,12.704537212684844,0.7514507091701047,0.027591207044550266,5.07360192739401,0
2016-08-04 03:10:00,13.15119721533157,0.760136639588771,0.029534282009902692,1.6173627736695995,0
2016-08-04 03:15:00,13.381447569892739,0.788666939331486,0.0336498428477425,2.2219354688267194,0
2016-08-04 03:20:00,13.677568615476497,0.7743947256371013,0.02975831266309245,2.2219354688267194,0
2016-08-04 03:25:00,13.899205332246243,0.7504922234296878,0.025626715669420968,1.6115675262359945,0
2016-08-04 03:30:00,14.05853377365581,0.7547997750775788,0.026809883160980635,4.614035886644212,0
2016-08-04 03:35:00,14.22569693687808,0.7506758181353841,0.02519590386869805,4.614035886644212,0
2016-08-04 03:40:00,14.277215316471047,0.7474047124758902,0.024075156352462546,1.4986517697009947,0
2016-08-04 03:45:00,13.915220884452276,0.7521980107379207,0.026026832898523415,3.6722045562722077,0
2016-08-04 03:50:00,15.307002012354923,0.7802209680765334,0.037194924665652294,21.71279465946584,0
2016-08-04 03:55:00,15.577118012690118,0.778255327591752,0.036992298480101694,21.71279465946584,0
2016-08-04 04:00:00,13.023760044707757,0.7361345547059788,0.025756272992218786,2.5374321282022163,0
2016-08-04 04:05:00,11.652262707246194,0.7206990535319586,0.02363292861207299,1.9927778904492432,0
2016-08-04 04:10:00,11.937460290992021,0.7312338930083269,0.024368853351557133,1.3134582874290022,0
2016-08-04 04:15:00,12.676214066875733,0.7398416915574707,0.025778494303874654,1.7077850641658494,0
2016-08-04 04:20:00,12.963495521120839,0.7305034857354697,0.02439632100916548,1.7077850641658494,0
2016-08-04 04:25:00,12.797972861985963,0.7186599226932627,0.02273225130071358,1.9758997548818908,0
2016-08-04 04:30:00,13.117550992261556,0.7353181408719123,0.025590998668741788,1.9758997548818908,0
2016-08-04 04:35:00,13.946261914281298,0.7468917703966196,0.026856895757213776,2.381004738384586,0
2016-08-04 04:40:00,14.035294273913507,0.7844614169727471,0.033472209350695295,2.381004738384586,0
2016-08-04 04:45:00,13.141994330790817,0.792398617616989,0.035267572344918334,1.8836484161813467,0
2016-08-04 04:50:00,12.686837978755786,0.7347206258061422,0.024967900289504574,1.2451949343538686,0
2016-08-04 04:55:00,13.085065772769218,0.7362823462916877,0.02563490102311102,2.1614776647452785,0
2016-08-04 05:00:00,12.34454237232749,0.7379899563078038,0.02600516611472828,3.228901354658659,0
2016-08-04 05:05:00,11.943449701859388,0.7224366518315706,0.02343251321911944,3.228901354658659,0
2016-08-04 05:10:00,12.475873280572426,0.7244547060751094,0.02365762085445502,2.362455251430128,0
2016-08-04 05:15:00,12.46968808758792,0.7268489070588593,0.023254483509867304,1.858422054223968,0
2016-08-04 05:20:00,13.097656436288393,0.7432047319034107,0.026410098962513912,5.344302190137121,0
2016-08-04 05:25:00,13.226925472192496,0.7436465527657271,0.02677982114196754,5.344302190137121,0
2016-08-04 05:30:00,13.184460260890953,0.7314972905396364,0.024016631361694886,4.876990485425183,0
2016-08-04 05:35:00,13.458652968299706,0.7414985771136053,0.025629815664049503,4.876990485425183,0
2016-08-04 05:40:00,12.970674816525156,0.7291214560999107,0.024289667281024253,1.6841500433382743,0
2016-08-04 05:45:00,12.584568620901088,0.7125407556740064,0.021545695952184425,1.8537477848513568,0
2016-08-04 05:50:00,13.01665307102031,0.7151343199622844,0.021167710073944856,1.9253451631442426,0
2016-08-04 05:55:00,14.054551125885453,0.7347562253141292,0.02342293554343509,2.581403620402725,0
2016-08-04 06:00:00,14.003253821188292,0.7377255862614024,0.023989002568971737,4.79230395582059,0
2016-08-04 06:05:00,13.710370362024259,0.7294713551169251,0.02283760246598586,4.79230395582059,0
2016-08-04 06:10:00,14.236470440728016,0.7309456666228066,0.022767198315464116,2.504030835946819,0
2016-08-04 06:15:00,14.66498290649225,0.728685078762406,0.022570962463932774,2.856814926569123,0
2016-08-04 06:20:00,14.684162652655857,0.7349671873990837,0.02382151959532614,2.933282521601841,0
2016-08-04 06:25:00,14.939983213399369,0.7578158378994635,0.027939972300728623,2.9591816324949898,0
2016-08-04 06:30:00,14.9825464202961,0.7505029248650772,0.026545706980156524,2.9591816324949898,0
2016-08-04 06:35:00,14.695838204869451,0.7369796535413765,0.024645800016649965,2.3818614182181537,0
2016-08-04 06:40:00,14.90242265207256,0.7647438129578901,0.029775899280698192,2.550851420039177,0
2016-08-04 06:45:00,14.764548745507607,0.7627382750792313,0.028362532159971487,2.550851420039177,0
2016-08-04 06:50:00,14.795160861770771,0.739362916645996,0.023630012530214618,2.186244585985357,0
2016-08-04 06:55:00,14.5051219674084,0.7306929638948132,0.022025990349983215,1.8493851982994447,0
2016-08-04 07:00:00,13.459381285843287,0.7276560883486514,0.02273515798796012,4.910095639437344,0
2016-08-04 07:05:00,13.374353254212485,0.7258497444453426,0.022729505316150665,4.910095639437344,0
2016-08-04 07:10:00,13.723589774270668,0.720730599227942,0.021292762108614447,1.7965514394844808,0
2016-08-04 07:15:00,13.02241321939825,0.7435015124774971,0.02657434402599802,2.5924714318641007,0
2016-08-04 07:20:00,12.923552590320586,0.7554388921189875,0.028560093514454828,5.569926134350058,0
2016-08-04 07:25:00,13.346561746999233,0.7359897795352892,0.023627232062988203,5.569926134350058,0
2016-08-04 07:30:00,13.15635920536603,0.7559528550311916,0.028220562538452898,3.078999940515976,0
2016-08-04 07:35:00,12.900294383231998,0.7747050924719447,0.032757076140260195,3.078999940515976,0
2016-08-04 07:40:00,12.383225571807783,0.7512943446027474,0.02787208568853731,2.1588232686586912,0
2016-08-04 07:45:00,12.010953441608546,0.7258332396143145,0.023371440979456516,2.1588232686586912,0
2016-08-04 07:50:00,12.009919450872191,0.7214111790540096,0.023042713282965126,2.8669291282836435,0
2016-08-04 07:55:00,11.895664199853032,0.7264406179886314,0.0246460329334345,2.8669291282836435,0
2016-08-04 08:00:00,11.49601527714978,0.7505453004990094,0.02763074607644574,2.0112280955424704,0
2016-08-04 08:05:00,11.21919100708369,0.748154404717359,0.026965657740068715,2.0112280955424704,0
2016-08-04 08:10:00,11.070341073333307,0.7311682092011187,0.02504138678915157,1.882248372104926,0
2016-08-04 08:15:00,11.150154353533868,0.7386966529595966,0.02636427783101098,1.882248372104926,0
2016-08-04 08:20:00,11.45427633209922,0.7458304907791865,0.027347338273548145,2.3493472202238697,0
2016-08-04 08:25:00,11.401505081577263,0.8087869547099729,0.036899496946036434,2.3493472202238697,0
2016-08-04 08:30:00,10.902222318126139,0.8309966556114983,0.03995668547353201,4.638886975472484,0
2016-08-04 08:35:00,10.727483993385231,0.7814193644640957,0.03207275009670626,4.638886975472484,0
2016-08-04 08:40:00,11.083721648848996,0.7604186403786007,0.028342831494787467,2.038050141188222,0
2016-08-04 08:45:00,11.344415104772132,0.7808180169639987,0.02969956171360935,2.916153196280992,0
2016-08-04 08:50:00,11.461620250569728,0.8092440783228672,0.032509880143932114,2.916153196280992,0
2016-08-04 08:55:00,11.299388745628312,0.8250585098083962,0.034815479830050275,2.3553253574347477,0
2016-08-04 09:00:00,11.358595072662823,0.8566922807740237,0.04176926660980757,3.3077635113553736,0
2016-08-04 09:05:00,11.115354935043781,0.8700802629232098,0.0438749290655774,3.3077635113553736,0
2016-08-04 09:10:00,10.861789429481675,0.8550856985461565,0.039854457648375904,1.6461910511188071,0
2016-08-04 09:15:00,11.290727697501499,0.8554103711476454,0.04596414687669732,9.219569755305034,0
2016-08-04 09:20:00,10.484197789273512,0.8349048548149429,0.04311091257842969,9.219569755305034,0
2016-08-04 09:25:00,9.511930086245556,0.8196165131728321,0.03566828949176733,1.9994309296061246,0
2016-08-04 09:30:00,10.3667627618726,0.8248414428791442,0.03668055651164345,6.686942507873232,0
2016-08-04 09:35:00,10.55001911062819,0.8097314659161654,0.03358607097706093,8.480198307148937,0
2016-08-04 09:40:00,10.456244246249751,0.8007740491518474,0.03187069991052496,8.480198307148937,0
2016-08-04 09:45:00,14.358642964710484,0.854453030976119,0.05057186902831588,16.51542523179806,0
2016-08-04 09:50:00,22.58150893224667,0.9408620996433456,0.08290200254325682,16.51542523179806,0
2016-08-04 09:55:00,27.5691608186314,0.971166223096529,0.09778470074680183,6.635141602089715,0
2016-08-04 10:00:00,20.736255869800164,0.9425476121192597,0.08066593148926963,12.573980574879325,0
2016-08-04 10:05:00,13.23847684885978,0.9317809113611345,0.06678131008851032,12.573980574879325,0
2016-08-04 10:10:00,12.55745987273629,0.956706712855861,0.07713744353084545,2.2223531085185653,0
2016-08-04 10:15:00,12.375123595717223,0.9643331040320413,0.08310572066347068,2.2223531085185653,0
2016-08-04 10:20:00,12.618904386259866,0.9615698485187208,0.08054650609567322,1.9020100342999509,0
2016-08-04 10:25:00,13.183210902428712,0.9553773361102132,0.07654681472819096,1.9272669395607767,0
2016-08-04 10:30:00,13.187743018712334,0.955597921983324,0.07700256394952497,2.447186071034792,0
2016-08-04 10:35:00,12.66973915498394,0.9600019218338104,0.07913617819491084,2.447186071034792,0
2016-08-04 10:40:00,12.406610876678595,0.9621482665758762,0.08055983416861491,2.1402169497547594,0
2016-08-04 10:45:00,12.393928031707855,0.9572349098376064,0.07682434065418402,2.1402169497547594,0
2016-08-04 10:50:00,12.874696832680431,0.952362392394735,0.07476120071752994,5.192764525869008,0
2016-08-04 10:55:00,13.425870490744785,0.9527561175248511,0.07504333038927084,5.192764525869008,0
2016-08-04 11:00:00,13.386762340148184,0.9548635517910402,0.07485377099471255,2.8011753308090435,0
2016-08-04 11:05:00,12.905098044590858,0.9584477106130217,0.07731327547406316,2.3851397080061463,0
2016-08-04 11:10:00,12.798284978558508,0.9587156057648688,0.07793194150359758,2.613714168335064,0
2016-08-04 11:15:00,12.757312778950817,0.9568677955446097,0.07627699909925573,2.9533557802192383,0
2016-08-04 11:20:00,12.231053469910417,0.9595468304864023,0.07772972572056708,2.9533557802192383,0
2016-08-04 11:25:00,12.330841341186915,0.9563668054098395,0.07697142953517391,3.538727392567548,0
2016-08-04 11:30:00,12.669037345425181,0.9560109989105926,0.07672618158781747,3.538727392567548,0
2016-08-04 11:35:00,12.391797458769558,0.962244832100869,0.0794899756649004,2.8720074739820323,0
2016-08-04 11:40:00,12.440092609912556,0.95494012665486,0.07602955035642357,2.594910539012776,0
2016-08-04 11:45:00,13.695516495701309,0.9467828570026745,0.07281640047525709,7.095439067685605,0
2016-08-04 11:50:00,14.956679416545294,0.9389352287305488,0.0687476151900063,7.095439067685605,0
2016-08-04 11:55:00,14.195168346954944,0.9470847604086461,0.07119387853104349,3.2368459784361394,0
2016-08-04 12:00:00,12.959002549740243,0.9624305237993213,0.0773574805835657,2.671162664807627,0
2016-08-04 12:05:00,12.626769454656479,0.9653596234918126,0.08056390881439239,1.549667215162481,0
2016-08-04 12:10:00,12.594418291249637,0.96849398818806,0.08434321988571317,1.1840117832460455,0
2016-08-04 12:15:00,12.602223523969725,0.9623149752024251,0.08033466700817989,1.391345661733133,0
2016-08-04 12:20:00,12.343074670198979,0.9592477918602917,0.07778427181310107,2.4656741061808276,0
2016-08-04 12:25:00,12.175042005730061,0.9652229780874999,0.08146737596758986,2.4656741061808276,0
2016-08-04 12:30:00,12.255540507554905,0.9606201938586627,0.07845764770235299,3.432298139125918,0
2016-08-04 12:35:00,12.844372959059973,0.9597208087218994,0.07817979690549144,3.432298139125918,0
2016-08-04 12:40:00,13.709272354540605,0.9594531650363739,0.07740217829478271,2.6354682135597995,0
2016-08-04 12:45:00,13.321597681271978,0.9574012814128361,0.07506787331783163,3.058128577729493,0
2016-08-04 12:50:00,12.466347062510497,0.9648569002385583,0.0809258335724851,3.058128577729493,0
2016-08-04 12:55:00,12.22735463709185,0.9650854340904854,0.08171414395791196,2.076965487681604,0
2016-08-04 13:00:00,12.28977806162362,0.9388160275352877,0.06925964433254392,4.953021223432029,0
2016-08-04 13:05:00,11.059573385796732,0.8366389460089914,0.04268028803873289,4.953021223432029,0
2016-08-04 13:10:00,9.845158294112863,0.7943066258814107,0.032733716264656106,2.4933465650832645,0
2016-08-04 13:15:00,9.997289363221425,0.8251936912342716,0.03804282116706824,3.0042347712768174,0
2016-08-04 13:20:00,9.85643833385293,0.8084512619309665,0.034673016750860236,3.0042347712768174,0
2016-08-04 13:25:00,9.787654334046298,0.7994090612545434,0.03252708126474842,3.3578748026809473,0
2016-08-04 13:30:00,9.820815656289522,0.8244276172487047,0.03708806539480995,3.3578748026809473,0
2016-08-04 13:35:00,9.629193714130562,0.8239700830255551,0.037224261301218343,3.343890541662059,0
2016-08-04 13:40:00,11.32962953097035,0.855460713817242,0.04674613088190801,4.4680621284371655,0
2016-08-04 13:45:00,12.44742648253064,0.889476209110673,0.054535893087829065,4.4680621284371655,0
2016-08-04 13:50:00,10.843115746733712,0.8361532452390408,0.04079450509222309,2.689408718700565,0
2016-08-04 13:55:00,9.895439742735142,0.8030880836104007,0.03271222509663389,2.689408718700565,1
2016-08-04 14:00:00,10.485307347410805,0.8056049007779246,0.03311942994433319,5.795956006943542,1
2016-08-04 14:05:00,11.0362794771283,0.8147952169955515,0.03309331543849033,7.804410512149264,1
2016-08-04 14:10:00,13.167227158677647,0.8423249716526573,0.0385511477067879,9.43017854885544,1
2016-08-04 14:15:00,12.87733369702562,0.8498825274017194,0.04055993774370033,9.43017854885544,1
2016-08-04 14:20:00,11.738974917285622,0.8354419409941961,0.0365275998010694,3.994721545392868,1
2016-08-04 14:25:00,12.815888600653784,0.8309346461547894,0.036145626913776846,3.098930328099672,1
2016-08-04 14:30:00,11.072375573909893,0.8217577331241611,0.03504430722532884,2.664407362525243,1
2016-08-04 14:35:00,10.37654729552658,0.8156822936162738,0.03532674415368203,13.446152258611157,1
2016-08-04 14:40:00,15.434380517432876,0.8395526862034064,0.04329537721308488,24.154333065354123,1
2016-08-04 14:45:00,17.566645755417937,0.8255269014133655,0.04129028973373314,44.569936116538706,1
2016-08-04 14:50:00,25.950892497918243,0.801212811767996,0.03490241995398051,57.95728772407562,1
2016-08-04 14:55:00,22.989469182147804,0.8005776724050391,0.033855801360830086,57.95728772407562,1
2016-08-04 15:00:00,10.538181014903037,0.8536872577505439,0.04750913877238464,4.899656596328265,1
2016-08-04 15:05:00,11.173407656053609,0.8941001548072103,0.05626121694994694,2.2917983829183783,1
2016-08-04 15:10:00,10.316800571659133,0.8408861453936586,0.04100475393227336,1.4895557094575138,1
2016-08-04 15:15:00,10.256045300231872,0.8206534595589405,0.035014092321280374,3.7830221556807935,1
2016-08-04 15:20:00,10.169703583494385,0.8396641404383874,0.037975772781032056,3.7830221556807935,1
2016-08-04 15:25:00,10.31703656021541,0.8584355623188036,0.04108855237712099,4.1331319614032624,1
2016-08-04 15:30:00,10.4178306631623,0.8333847545092383,0.03739589744265584,5.503590378292017,1
2016-08-04 15:35:00,9.912714011862542,0.8117234447799704,0.03415622088007143,5.503590378292017,1
2016-08-04 15:40:00,9.395874293001498,0.8043034409135937,0.033073026601870684,2.1328485696537105,1
2016-08-04 15:45:00,9.553317458129767,0.8309219999251435,0.043083838526524004,3.684823978185253,1
2016-08-04 15:50:00,10.49749682218487,0.8825527725631,0.0573360451028523,9.811805180355893,1
2016-08-04 15:55:00,10.039474779431796,0.8560361235900018,0.047411187087310944,9.811805180355893,1
2016-08-04 16:00:00,10.33233951958572,0.8757494221033846,0.049844979879091436,2.5555309676859093,1
2016-08-04 16:05:00,10.815633080473452,0.8801323406013559,0.0517025639907319,5.559626607793545,0
2016-08-04 16:10:00,9.814634204319457,0.8269646141543319,0.03870919727186278,5.559626607793545,0
2016-08-04 16:15:00,9.728316131759176,0.8422511263113396,0.042800088001836066,4.067657420878419,0
2016-08-04 16:20:00,10.480145384317115,0.8743797604792921,0.053431696359426115,4.067657420878419,0
2016-08-04 16:25:00,10.447627109752414,0.8394838704310901,0.0446589517289145,3.154519684255046,0
2016-08-04 16:30:00,10.596786830986208,0.807323813198002,0.03196910833408284,1.6150924076977262,0
2016-08-04 16:35:00,11.547117975818153,0.852838407625768,0.04219332715089077,4.850222530956738,0
2016-08-04 16:40:00,11.512512917677483,0.8855447704041408,0.05182539099834353,4.850222530956738,0
2016-08-04 16:45:00,10.399787129791347,0.832237546793229,0.040505196262988125,2.5871762957539257,0
2016-08-04 16:50:00,9.96201649134867,0.781212751549506,0.028644398830080214,1.7836999787739927,0
2016-08-04 16:55:00,10.461975085286733,0.8166730542140056,0.03623637867143495,1.7836999787739927,0
2016-08-04 17:00:00,11.45849429518616,0.8892149073585707,0.054159875520476596,2.761999374555675,0
2016-08-04 17:05:00,11.500068295260725,0.8753179147853883,0.050357605307237555,2.761999374555675,0
2016-08-04 17:10:00,10.591242936003209,0.8122740256881266,0.03386915717985382,1.7466936548931933,0
2016-08-04 17:15:00,11.388834837921884,0.8646741408058387,0.05076830937714655,4.302215646123758,0
2016-08-04 17:20:00,11.54793755025727,0.9092919784599331,0.06152423095624353,4.302215646123758,0
2016-08-04 17:25:00,10.113541600651178,0.8404238606882146,0.04215338387916713,2.8447718153196484,0
2016-08-04 17:30:00,9.583737538404415,0.7897013142017701,0.03064205502113121,2.8447718153196484,0
2016-08-04 17:35:00,9.556520082826655,0.7912298138726885,0.03054905701704651,1.817195187443745,0
2016-08-04 17:40:00,9.895673037847057,0.7813956010937178,0.02926582759485461,1.8728703307850605,0
2016-08-04 17:45:00,10.000593035030498,0.7669182753758306,0.026633177116917678,1.8728703307850605,0
2016-08-04 17:50:00,9.82363707483058,0.7675975684035748,0.026338564648117558,0.7069509381750222,0
2016-08-04 17:55:00,10.41574060109686,0.800619615750334,0.03257034493028962,1.270296057131456,0
2016-08-04 18:00:00,10.613965752792236,0.7914138617849464,0.03200150013495502,1.7341986284996278,0
2016-08-04 18:05:00,10.525365369807432,0.7536143891691756,0.0254865613075132,2.697630228254918,0
2016-08-04 18:10:00,10.547713847591035,0.7740590996667845,0.028308245088004953,2.697630228254918,0
2016-08-04 18:15:00,10.467266582097611,0.7876776080254881,0.03020505649659342,1.683443378907139,0
2016-08-04 18:20:00,10.848375390052013,0.7853998675276527,0.029572052598072864,2.1936518688791504,0
2016-08-04 18:25:00,10.82718133765212,0.7841749268381255,0.029590047249034874,2.507264382385363,0
2016-08-04 18:30:00,10.678177248437647,0.7850682464963796,0.030535370103086372,2.507264382385363,0
2016-08-04 18:35:00,10.85689241220082,0.8129077839301683,0.03669679508232953,1.3897307060325659,0
2016-08-04 18:40:00,11.223598631299476,0.8367083096015829,0.040585756736783066,2.6492827313511023,0
2016-08-04 18:45:00,11.217076685251671,0.8035611856742428,0.0337674628804877,2.6492827313511023,0
2016-08-04 18:50:00,10.606997591983959,0.7700686917605971,0.027839475076969555,2.197164115476683,0
2016-08-04 18:55:00,10.544040760890457,0.7693694034242714,0.027112177579999692,1.9729716504913977,0
2016-08-04 19:00:00,10.651541178442253,0.769678179113509,0.026563107317977806,1.65235608840516,0
2016-08-04 19:05:00,10.406721291673946,0.7824015724369663,0.02930836949942845,2.699263600729454,0
2016-08-04 19:10:00,10.298586106697254,0.7943183034228406,0.03163502355353719,2.9093498460253513,0
2016-08-04 19:15:00,10.268449622115044,0.7942445480743341,0.030556418615735458,2.9093498460253513,0
2016-08-04 19:20:00,10.437590116744692,0.7993291760459902,0.03234837898057688,4.220438943193496,0
2016-08-04 19:25:00,10.916722779874329,0.841153195517126,0.04187340433490923,4.220438943193496,0
2016-08-04 19:30:00,10.75463327823289,0.8234372294484595,0.0385339259313376,3.9424026975957864,0
2016-08-04 19:35:00,10.522668479544848,0.7838359582553293,0.028847090439214323,2.632123821390546,0
2016-08-04 19:40:00,10.642641166827076,0.8017492212137205,0.030869819169563717,2.7515960528767605,0
2016-08-04 19:45:00,10.833303958080046,0.8123100071271054,0.034091232032002754,2.7515960528767605,0
2016-08-04 19:50:00,10.605682953314746,0.8167734557614907,0.03510146046666872,2.4155885311112617,0
2016-08-04 19:55:00,10.493488722988113,0.8255394360107309,0.0352705492911984,2.4155885311112617,0
2016-08-04 20:00:00,10.91139116170795,0.8128649498286729,0.033184510162803306,3.0875911390464648,0
2016-08-04 20:05:00,11.88093089355502,0.8563330594127594,0.04734256206074998,3.0875911390464648,0
2016-08-04 20:10:00,11.804579606800846,0.8775860519989651,0.05179406785680133,4.2951407984244705,0
2016-08-04 20:15:00,11.201039786565591,0.8463389778060857,0.04267266111179817,4.2951407984244705,0
2016-08-04 20:20:00,10.787950858886715,0.846591636153937,0.04241751221699141,2.244312320286718,0
2016-08-04 20:25:00,10.274417157690138,0.8317175896165528,0.038114944484495164,2.0573010392201327,0
2016-08-04 20:30:00,10.553653042911836,0.8229010040777972,0.03516359273792867,1.9120722513823962,0
2016-08-04 20:35:00,10.789443215063333,0.8384621723292972,0.037900955130177855,3.8605676136377745,0
2016-08-04 20:40:00,11.38236684989229,0.8759533483175435,0.04663650471883714,3.8605676136377745,0
2016-08-04 20:45:00,11.17458681506687,0.8485460031598346,0.04062905021839795,2.136375046659594,0
2016-08-04 20:50:00,10.324961180535922,0.8083044741398672,0.03180350928835662,2.136375046659594,0
2016-08-04 20:55:00,10.292173661505036,0.8122008995501262,0.032746775716332506,1.9405618057370149,0
2016-08-04 21:00:00,10.685499553698065,0.8196382228698242,0.033877705901470226,2.61116346122415,0
2016-08-04 21:05:00,11.20234429077294,0.8380578873769652,0.03804523876906011,2.61116346122415,0
2016-08-04 21:10:00,10.884602412661682,0.82204366561459,0.03553975650644336,2.2220893428449386,0
2016-08-04 21:15:00,10.538575879527592,0.820722191546065,0.03567812861679874,3.859126410465418,0
2016-08-04 21:20:00,10.311989987808397,0.834728796803571,0.03775605443760035,3.859126410465418,0
2016-08-04 21:25:00,10.796115390905037,0.8787799108710119,0.050198495681377894,1.8707083237086695,0
2016-08-04 21:30:00,12.254765442371248,0.920690302524693,0.06118065786492164,4.06396728897374,0
2016-08-04 21:35:00,12.179398064505738,0.8976886701687105,0.05693697947148929,7.978051595078396,0
2016-08-04 21:40:00,10.543449318135071,0.8669218386221681,0.05029704047093886,7.978051595078396,0
2016-08-04 21:45:00,9.64797199948687,0.8357966226589578,0.039631927769632265,2.376343246016516,0
2016-08-04 21:50:00,9.365556065714934,0.8042767570086364,0.03230173829035516,1.9752120289556727,0
2016-08-04 21:55:00,9.691023739836984,0.8254031201899904,0.04070012102662729,2.979783301046379,0
2016-08-04 22:00:00,10.719985530776572,0.8790691483677504,0.05535081787978795,3.763889949780387,0
2016-08-04 22:05:00,11.537989348489928,0.9072398756008232,0.05794274271933129,3.763889949780387,0
2016-08-04 22:10:00,13.19201038050964,0.9370954624465869,0.06413172932421199,3.4362164065319964,0
2016-08-04 22:15:00,13.41204615441788,0.9407947371749905,0.0666626881733986,4.647161068663932,0
2016-08-04 22:20:00,13.261085171793464,0.936469759753399,0.0648461765082354,4.647161068663932,0
2016-08-04 22:25:00,13.53654161679879,0.9370143569337201,0.06501177807536762,3.8711019511321854,0
2016-08-04 22:30:00,13.59371393449118,0.9350070180193332,0.06408404198697012,3.6770461926247755,0
2016-08-04 22:35:00,13.87714355246213,0.9387074324926972,0.06496045867964964,3.6836692779454605,0
2016-08-04 22:40:00,13.27074030510926,0.9339376589060214,0.06371444171639987,3.6836692779454605,0
2016-08-04 22:45:00,13.404683941407237,0.9232771728461028,0.060142876425418636,3.7600550394093903,0
2016-08-04 22:50:00,13.486660319815865,0.9224314838771208,0.06036359666512568,3.7600550394093903,0
2016-08-04 22:55:00,13.122540818452416,0.927011188969626,0.06161696838186492,3.704555588577996,0
2016-08-04 23:00:00,12.574305407897267,0.9341939571596684,0.06405436867216112,3.704555588577996,0
2016-08-04 23:05:00,12.597356582471118,0.9342825667552093,0.0642641539759909,2.2717185091144736,0
2016-08-04 23:10:00,12.77507751065664,0.9323025157734506,0.06361082369303794,4.157373045645538,0
2016-08-04 23:15:00,12.256049365782566,0.9386393823615043,0.06583875981167576,4.157373045645538,0
2016-08-04 23:20:00,12.295733996776038,0.9358070495960273,0.06413304649846793,1.738420840390747,0
2016-08-04 23:25:00,12.386968793841362,0.931154681623655,0.06256040247601354,2.5994872360342773,0
2016-08-04 23:30:00,12.595191572951446,0.9348273742081816,0.06439387587877211,2.5994872360342773,0
2016-08-04 23:35:00,13.12160387726908,0.9291984364423744,0.06301834424011384,2.527322339155902,0
2016-08-04 23:40:00,12.989184680638047,0.9166151813336525,0.060142336541453664,2.695727742344821,0
2016-08-04 23:45:00,12.16403887758119,0.9338375042289064,0.06674882178195854,2.695727742344821,0
2016-08-04 23:50:00,11.750733962807784,0.9576250107261657,0.07576662693547956,1.1704884154471054,0
2016-08-04 23:55:00,12.0680089849314,0.9522034898596821,0.07262349569655882,2.812067794242285,0
2016-08-05 00:00:00,12.265938778758553,0.946190695008389,0.07014055464496316,6.463057296139638,0
2016-08-05 00:05:00,12.325490018533733,0.9457926189126058,0.06990322641811789,6.463057296139638,0
2016-08-05 00:10:00,12.517327320044188,0.9367905398142329,0.06454242164001288,4.568591499788729,0
2016-08-05 00:15:00,12.55830083875124,0.9333967297675416,0.06410295533290747,4.568591499788729,0
2016-08-05 00:20:00,13.274317714792137,0.9287826720548178,0.06271696272711356,3.8442248082267563,0
2016-08-05 00:25:00,14.712037430191515,0.9150393350533479,0.05772749498787575,4.846591101754605,0
2016-08-05 00:30:00,14.929267413284103,0.9152399348667479,0.056526444613237734,5.546965514180951,0
2016-08-05 00:35:00,14.875196370661905,0.9096803112243472,0.05497213603956426,5.546965514180951,0
2016-08-05 00:40:00,14.659719803725105,0.9004271934953452,0.05377199354087932,2.471968611123524,0
2016-08-05 00:45:00,14.130667520821168,0.9065015767054686,0.055831179629000346,3.2834927884516336,0
2016-08-05 00:50:00,14.741199875838836,0.9076916092289383,0.054795558507096186,3.2834927884516336,0
2016-08-05 00:55:00,15.40869255060369,0.8992697853776672,0.05234210752463978,2.8110614656419326,0
2016-08-05 01:00:00,15.32737260193349,0.9018844791227827,0.05490777700136897,3.5956076435541777,0
2016-08-05 01:05:00,13.837582525609747,0.8760021116207881,0.05048372663850922,3.5956076435541777,0
2016-08-05 01:10:00,12.559485011662977,0.7976728055945653,0.03549832382994184,2.428750888264211,0
2016-08-05 01:15:00,12.641257202234916,0.7597340614743832,0.029066413354626584,2.4582086977051416,0
2016-08-05 01:20:00,12.669887636692426,0.7700467929227199,0.03020223803603455,2.4582086977051416,0
2016-08-05 01:25:00,13.322470923491315,0.8254194885857119,0.04304197974584646,8.559458180188983,0
2016-08-05 01:30:00,13.413783480211311,0.8665737043608415,0.050620509947358026,8.559458180188983,0
2016-08-05 01:35:00,12.411545369269723,0.8197799013230643,0.0394964419152765,3.8023734057781806,0
2016-08-05 01:40:00,12.455395001211766,0.7528200629361335,0.027767289528340927,3.8023734057781806,0
2016-08-05 01:45:00,13.449813027088528,0.8011264305915053,0.0360788831009615,3.0694054510656845,0
2016-08-05 01:50:00,13.056544257511103,0.8172834233306112,0.038886367540440656,3.099254466030057,0
2016-08-05 01:55:00,12.18062208726079,0.7538410396815105,0.027308518854496543,3.099254466030057,0
2016-08-05 02:00:00,12.061347157127356,0.7375039288735794,0.02444745145938691,2.633876872282702,0
2016-08-05 02:05:00,23.353706760417662,0.7497142896916735,0.0273368578794738,42.226687521397515,1
2016-08-05 02:10:00,27.832671482486376,0.8272306652523213,0.0410476002769431,48.00832223890971,1
2016-08-05 02:15:00,17.590621452360683,0.8874892389655686,0.053673752840629044,48.00832223890971,1
2016-08-05 02:20:00,13.695733899268188,0.82932750497643,0.04351081469478762,2.9577706165875517,1
2016-08-05 02:25:00,13.334313943326345,0.7490431315197403,0.026525964841064776,2.9577706165875517,1
2016-08-05 02:30:00,13.684022655153964,0.7419463231892451,0.025661893710492267,2.233922806443129,0
2016-08-05 02:35:00,13.477447343303297,0.7433696635195473,0.026539097861388233,2.2893453890064164,0
2016-08-05 02:40:00,13.127334462395137,0.7455489974749006,0.02619709267300167,2.4491484136539725,1
2016-08-05 02:45:00,13.601255047187028,0.7768696050161725,0.03027475395447531,2.4491484136539725,1
2016-08-05 02:50:00,14.077728824894617,0.826279051005257,0.039071756006991434,2.301846228965935,1
2016-08-05 02:55:00,13.927104085026176,0.8190721983134043,0.03830883264380698,5.036093927141243,1
2016-08-05 03:00:00,13.829951115793452,0.8238840085783772,0.03969538803511551,5.036093927141243,1
2016-08-05 03:05:00,13.074927258940573,0.805617240604282,0.037159915191586415,3.5042889297489155,0
2016-08-05 03:10:00,12.874896852390506,0.7620907427012481,0.029506283552051017,4.012415369393737,0
2016-08-05 03:15:00,18.3353504107343,0.8192950595994755,0.04035862228263861,20.600699039716925,1
2016-08-05 03:20:00,17.857257882557676,0.7979731164730309,0.03592749191731745,20.600699039716925,1
2016-08-05 03:25:00,14.800751965180272,0.7693485614145188,0.029465349341066045,11.990928704159483,1
2016-08-05 03:30:00,15.240335885140336,0.7634502803108307,0.028186948085534236,8.919339881185849,1
2016-08-05 03:35:00,13.389291282563894,0.7251532726780505,0.021398666089363347,2.0274833628610756,0
2016-08-05 03:40:00,13.529283039793125,0.7224686127335808,0.021141528197724486,2.9180003556403924,0
2016-08-05 03:45:00,13.996497252544447,0.7918882698694182,0.035538380022547646,2.9180003556403924,1
2016-08-05 03:50:00,14.549213003000563,0.8433234285301969,0.04549201796309289,2.4199183214530025,1
2016-08-05 03:55:00,14.225533119718923,0.7878295479157059,0.033101980555370725,2.3997163636318835,0
2016-08-05 04:00:00,13.152081588630674,0.748444608235016,0.025582927669864353,3.1051481798913203,0
2016-08-05 04:05:00,12.764437468528737,0.7275741155319186,0.02358076530515405,3.1051481798913203,0
2016-08-05 04:10:00,13.227840343078782,0.730674739304347,0.024625376924454812,2.9244073003336872,0
2016-08-05 04:15:00,13.093935274787787,0.7353837812436259,0.024659053098393904,2.9244073003336872,0
2016-08-05 04:20:00,13.071592341484877,0.7312468287544605,0.023320970144389924,2.159982449838831,0
2016-08-05 04:25:00,14.368032566169418,0.7987032760597403,0.036157132718595435,3.2187227291371157,0
2016-08-05 04:30:00,15.442022285417533,0.8768761550088529,0.05081569804315972,3.2187227291371157,0
2016-08-05 04:35:00,15.501517750359676,0.8771933741346019,0.051014937543587956,2.6437546433450247,0
2016-08-05 04:40:00,15.501878210823042,0.8617734516930571,0.0503088668017622,5.584907945245725,0
2016-08-05 04:45:00,14.538962539348566,0.8101702266971941,0.04018599443291948,8.580441577303414,0
2016-08-05 04:50:00,13.834113002843443,0.7655300265463977,0.02964561318159873,8.580441577303414,0
2016-08-05 04:55:00,14.456301117839917,0.8093919292489888,0.038519819157558,2.593585527126652,0
2016-08-05 05:00:00,14.363259840678348,0.803636345985913,0.03783009480943293,2.850117109929075,0
2016-08-05 05:05:00,14.2608650424113,0.828291973108923,0.043219747234044856,2.850117109929075,0
2016-08-05 05:10:00,13.957678875709206,0.8100568437081913,0.038940498466664766,3.5296160123393343,0
2016-08-05 05:15:00,13.299760271732959,0.736040618230138,0.023836119373397174,3.5296160123393343,0
2016-08-05 05:20:00,13.430320462414386,0.7346420747690426,0.023688205638768067,2.6090587281871858,0
2016-08-05 05:25:00,13.57704339742582,0.7170647108414165,0.020590962753665707,2.6090587281871858,0
2016-08-05 05:30:00,13.865002456173801,0.7571020012443568,0.027767625706797795,2.1763426334610334,0
2016-08-05 05:35:00,14.314229766704903,0.822713732718794,0.03960587622707813,2.1763426334610334,0
2016-08-05 05:40:00,14.278795427265706,0.8144577407070355,0.03765432585404326,4.198526064522766,0
2016-08-05 05:45:00,14.492781605841639,0.811435159850849,0.03717413245480878,4.198526064522766,0
2016-08-05 05:50:00,14.045022331206942,0.7819887914501638,0.032146816735821634,2.953309189903972,0
2016-08-05 05:55:00,13.969332825373119,0.7599770293952869,0.028248348252544637,3.192901496152659,0
2016-08-05 06:00:00,14.010301905869417,0.8423729850489918,0.044051553848198984,3.192901496152659,0
2016-08-05 06:05:00,13.07515877793746,0.8104824105388252,0.037807694693962515,2.6593487163225724,0
2016-08-05 06:10:00,13.138715415423661,0.7194792346524418,0.02114063123580471,2.8517937733908356,0
2016-08-05 06:15:00,13.391654746525177,0.7285701936956687,0.02369656924869648,3.8680004088834785,0
2016-08-05 06:20:00,13.066648998879582,0.7394596991926823,0.025541793471741604,3.8680004088834785,0
2016-08-05 06:25:00,12.697062339890886,0.7402111055956084,0.02548408583802404,1.8754936971217238,0
2016-08-05 06:30:00,12.757520197022433,0.7592539916872719,0.028946043243785153,2.2811085953595174,0
2016-08-05 06:35:00,13.480950867196162,0.7673488756348895,0.029989107059988827,2.2811085953595174,0
2016-08-05 06:40:00,13.973234379253308,0.7899107506501938,0.034669764555150646,2.441229370340932,0
2016-08-05 06:45:00,14.288767258486127,0.8486355362712253,0.04581354471870589,2.441229370340932,0
2016-08-05 06:50:00,13.826131992868763,0.8326819781276236,0.04214506583009101,3.6610691053388313,0
2016-08-05 06:55:00,13.056163071484926,0.7780399121129276,0.03284381634616677,3.6610691053388313,0
2016-08-05 07:00:00,13.015735821111491,0.7972518825545025,0.036442403754890454,4.040289481031911,0
2016-08-05 07:05:00,13.82416458277915,0.8361719331252826,0.04195181824724573,4.040289481031911,0
2016-08-05 07:10:00,13.824521829278732,0.8051705984310691,0.03737988157761511,1.9646934040918878,0
2016-08-05 07:15:00,13.136468553458073,0.8001454117726604,0.03657419998077636,3.494848001519723,0
2016-08-05 07:20:00,12.884694686120474,0.8226417967602229,0.039717769089806204,3.494848001519723,0
2016-08-05 07:25:00,12.049111839383585,0.756013371621776,0.028310932416373762,1.8429098079585942,0
2016-08-05 07:30:00,11.880632866123856,0.7105432476036224,0.0202707483059167,1.9794917556893288,0
2016-08-05 07:35:00,12.373573678341996,0.7577625104331367,0.02841275019698572,4.850740776200429,0
2016-08-05 07:40:00,13.055893324709027,0.8336051122126814,0.04172351745660466,4.850740776200429,0
2016-08-05 07:45:00,12.844424070984918,0.8271580326552119,0.04165507491399274,2.989130741242117,0
2016-08-05 07:50:00,11.856126046216394,0.751673451342821,0.029002324916250637,2.989130741242117,0
2016-08-05 07:55:00,11.764691875861502,0.7610135400838778,0.029366583466646917,2.395097313630222,0
2016-08-05 08:00:00,11.377526512027583,0.7970397351286223,0.0347423677252913,2.395097313630222,0
2016-08-05 08:05:00,10.783261547303587,0.7630766778015028,0.02924907050122381,1.300915718064965,0
2016-08-05 08:10:00,10.958769030501815,0.7395299474704833,0.024959269048050105,1.2695133085100445,0
2016-08-05 08:15:00,10.644645742441153,0.7413037021965387,0.025174186357483624,1.697735125267569,0
2016-08-05 08:20:00,10.321092812598051,0.7568362265677135,0.02857256906856433,3.180586412475643,0
2016-08-05 08:25:00,10.342836007926318,0.763257852823445,0.029328820495914447,3.180586412475643,0
2016-08-05 08:30:00,10.273337575480733,0.7565662974600146,0.02688328877724222,2.9340364104380416,0
2016-08-05 08:35:00,10.476564827475062,0.7866083267360382,0.030749472443049375,2.2105911391495088,0
2016-08-05 08:40:00,10.270743520319908,0.8059560817288552,0.03398185926862791,2.6496606882168607,0
2016-08-05 08:45:00,9.89615274644354,0.7971280396483682,0.031763447808430705,2.6496606882168607,0
2016-08-05 08:50:00,10.25288201193102,0.812746533746153,0.03437756294107107,1.8146082729630282,0
2016-08-05 08:55:00,10.314012237360787,0.8284786292136382,0.03935909184633451,2.1597223072609566,0
2016-08-05 09:00:00,9.60231494117954,0.8185517597163078,0.037943117113775626,2.1597223072609566,0
2016-08-05 09:05:00,8.779033130363223,0.7974652788218239,0.033141647358900975,2.0942675370328794,0
2016-08-05 09:10:00,9.141522197809518,0.8211427204864515,0.0379333752117766,4.644145231323755,0
2016-08-05 09:15:00,9.429428306801881,0.8304332412574202,0.039393708136118824,4.644145231323755,0
2016-08-05 09:20:00,9.179834576982405,0.8099427184546801,0.03563340521249232,3.044144279835136,0
2016-08-05 09:25:00,9.273989580455602,0.8003518831197206,0.033324897868922274,2.060416847333919,0
2016-08-05 09:30:00,9.385360489940345,0.8011905737770578,0.03156233582289599,2.060416847333919,0
2016-08-05 09:35:00,9.63242058567894,0.8151057128919821,0.03401851345964021,2.6465841717029837,0
2016-08-05 09:40:00,9.510368545348475,0.8016305272252772,0.031970045131373734,2.6465841717029837,0
2016-08-05 09:45:00,10.252734340317527,0.8401945766560491,0.04074249770742554,3.4172456630455423,0
2016-08-05 09:50:00,10.857184696183857,0.8630097251989338,0.04364086414908408,3.4172456630455423,0
2016-08-05 09:55:00,11.462775316250388,0.884335274491477,0.05595766810367281,2.958388202152735,0
2016-08-05 10:00:00,11.535962517240216,0.8863630932221608,0.059171990027999076,3.7289458377519393,0
2016-08-05 10:05:00,10.177791284353667,0.8193282476936831,0.03608465805707895,3.7289458377519393,0
2016-08-05 10:10:00,9.894959576835024,0.8111355069720436,0.03208878498383198,2.545272114143407,0
2016-08-05 10:15:00,9.990122007785281,0.8293721672792775,0.03489024140099088,1.9493384930790072,0
2016-08-05 10:20:00,9.642272851565206,0.8123260780995826,0.03265284260967073,3.135236957668957,0
2016-08-05 10:25:00,9.583602506301691,0.7907867677374567,0.029609595748454804,3.135236957668957,0
2016-08-05 10:30:00,9.961928122482195,0.7985936581944313,0.03002098531648879,2.5957523303578935,0
2016-08-05 10:35:00,10.822725739377697,0.8128515730623674,0.03264989908922637,7.58725289588016,0
2016-08-05 10:40:00,11.097803987642024,0.8104639816102281,0.033679184297445194,7.58725289588016,0
2016-08-05 10:45:00,10.221188176204633,0.7833106669708276,0.029897160244635394,2.4100818271823106,0
2016-08-05 10:50:00,9.75750935333818,0.7747996757320756,0.0281559134138394,1.6946710195715937,0
2016-08-05 10:55:00,9.88020262631536,0.7965676436143418,0.031196263431264165,2.1115228471087963,0
2016-08-05 11:00:00,10.272994989034073,0.8253983527966907,0.036935418459920606,4.425920135211292,0
2016-08-05 11:05:00,11.3848289512083,0.8680815992378278,0.047575470702845776,4.425920135211292,0
2016-08-05 11:10:00,11.478189317120925,0.8840797624992711,0.052076021218477896,4.352542926254946,0
2016-08-05 11:15:00,10.438481163922031,0.8413322885384682,0.04184486413434309,4.352542926254946,0
2016-08-05 11:20:00,10.416936629632282,0.802485160530378,0.03297847019755841,1.7586963350236609,0
2016-08-05 11:25:00,10.44576235757055,0.7825887789488066,0.028867807104732506,3.078200317122948,0
2016-08-05 11:30:00,10.057538649317689,0.7749912151106539,0.027411333884344087,3.078200317122948,0
2016-08-05 11:35:00,9.958326585808697,0.7914291358752977,0.031188757726031403,1.2839439489819042,0
2016-08-05 11:40:00,10.555636582865532,0.8305705053116617,0.039945152779513785,2.127715456137757,0
2016-08-05 11:45:00,10.92682668828854,0.8508273126225806,0.04340053001589722,2.2681699302505285,0
2016-08-05 11:50:00,11.129902513469796,0.8356043233924273,0.03887941954678751,7.589080777054281,0
2016-08-05 11:55:00,17.839138729702146,0.8655696057813936,0.046926886968984595,26.680102765137363,0
2016-08-05 12:00:00,17.483806750024346,0.8501800312611729,0.04398625535173312,26.680102765137363,0
2016-08-05 12:05:00,10.91478898573845,0.8145657067174616,0.034241329905536674,2.107434148703958,0
2016-08-05 12:10:00,10.767948090353103,0.8037460250859254,0.031801195887002066,4.3914936391771855,0
2016-08-05 12:15:00,10.501721524717357,0.7730378248618314,0.02709005717055441,4.3914936391771855,0
2016-08-05 12:20:00,10.466159412302122,0.7777602174621454,0.028938144484638006,2.1094666076144346,0
2016-08-05 12:25:00,10.561678385858853,0.7869188785598614,0.029988858291835237,1.9802593171761904,0
2016-08-05 12:30:00,10.68747366475889,0.7914440715295109,0.031062646120722938,2.14704777253064,0
2016-08-05 12:35:00,10.177240308314575,0.7891097370387901,0.032239909802018726,2.14704777253064,0
2016-08-05 12:40:00,10.688506296521052,0.8324217823137193,0.04019315019742616,2.869248550122958,0
2016-08-05 12:45:00,10.80279343805652,0.8317663889747557,0.03978636181416422,3.0802327163550713,0
2016-08-05 12:50:00,9.87936570669505,0.7870156062237024,0.03189213962167668,3.0802327163550713,0
2016-08-05 12:55:00,9.509724571136871,0.7854143520219439,0.030408492107419322,2.399116425760991,0
2016-08-05 13:00:00,9.488866329095183,0.7646596880495891,0.027453151187363013,2.399116425760991,0
2016-08-05 13:05:00,10.27526492717546,0.7936455967974941,0.03438276427664624,5.091538007508475,0
2016-08-05 13:10:00,10.94652314311566,0.8335760548032416,0.03872795472453818,5.091538007508475,0
2016-08-05 13:15:00,11.284848676643033,0.8179805308153979,0.032767206065201095,3.5192038604631186,0
2016-08-05 13:20:00,11.14096472928765,0.8130289273622808,0.032796280766895065,2.7821155319799065,0
2016-08-05 13:25:00,10.631690065847154,0.801766139262637,0.03331512237385163,2.7296340626379054,0
2016-08-05 13:30:00,10.321202990078628,0.8216388756237427,0.03880308296227304,6.839904794162788,0
2016-08-05 13:35:00,10.965862748899822,0.8814109854963221,0.05255334227092277,6.839904794162788,0
2016-08-05 13:40:00,11.017512897074287,0.8549365308532402,0.04565568300595112,2.706090381720654,0
2016-08-05 13:45:00,10.476850153233055,0.7973969431870387,0.030566206956684088,1.5253830849832035,0
2016-08-05 13:50:00,10.662941778941418,0.8086555174700603,0.03335507091450617,0.8938794296998537,0
2016-08-05 13:55:00,10.499991590061837,0.8232440440744583,0.03612745523595177,3.516239433323058,0
2016-08-05 14:00:00,10.456493167117188,0.8138013959427373,0.032576293559034575,3.516239433323058,0
2016-08-05 14:05:00,10.392524924400456,0.8121327023061948,0.032608527411386125,1.9571176826062684,0
2016-08-05 14:10:00,10.08988127436097,0.8063984357103158,0.03271551734345053,3.705038292897574,0
2016-08-05 14:15:00,10.403243560776277,0.8088033398674899,0.03384231167096587,3.705038292897574,0
2016-08-05 14:20:00,11.010334666374781,0.8386825867661203,0.0389498888954843,3.160250885902665,0
2016-08-05 14:25:00,10.716586191741587,0.825068042435315,0.03646247161619871,3.160250885902665,0
2016-08-05 14:30:00,10.173381674294237,0.7984394658040604,0.03150660924342281,2.3221769618500967,0
2016-08-05 14:35:00,10.376464379166602,0.8068391396684729,0.03215629585402024,2.3221769618500967,0
2016-08-05 14:40:00,10.342592098389932,0.8164417265008573,0.03440272203583704,2.1896770512655466,0
2016-08-05 14:45:00,10.067951164962992,0.7986878208100157,0.032217998638543376,8.31560041428828,0
2016-08-05 14:50:00,9.758656866878168,0.7751699722255168,0.027593251366883054,8.31560041428828,0
2016-08-05 14:55:00,9.651026373725214,0.7900478836480795,0.029043106360937005,1.250029273422481,0
2016-08-05 15:00:00,10.245017864182696,0.8254516068668344,0.03455162868743249,1.3987139436682077,0
2016-08-05 15:05:00,10.247164507252629,0.8173372173059855,0.03453784063604597,2.1989576073600854,0
2016-08-05 15:10:00,10.166070573657354,0.7928409847038627,0.03113274405252516,2.1989576073600854,0
2016-08-05 15:15:00,10.375374323889709,0.7786431716831673,0.02802475422371679,2.0422931302113656,0
2016-08-05 15:20:00,10.25309705689683,0.7744377371163436,0.028011054184131367,2.0422931302113656,0
2016-08-05 15:25:00,10.21276502144135,0.7897633559529881,0.02896576641122786,2.3371906772450344,0
2016-08-05 15:30:00,10.270814040446009,0.801109919710043,0.029976740723484042,2.3371906772450344,0
2016-08-05 15:35:00,10.043181161451933,0.7982486885611737,0.03124757861646098,2.460741322349919,0
2016-08-05 15:40:00,10.399948492512404,0.7991383289675702,0.03258151153212126,10.115134428779337,0
2016-08-05 15:45:00,10.847020275493392,0.8234237577668758,0.038505856239914885,10.115134428779337,0
2016-08-05 15:50:00,10.186435566561972,0.8303743779660968,0.039054267439105894,3.1007054718380074,0
2016-08-05 15:55:00,9.934446817225743,0.8163482528202487,0.03435763034911249,3.1007054718380074,1
2016-08-05 16:00:00,10.89454642531046,0.8322326138217758,0.040171505639881464,4.53269832058865,1
2016-08-05 16:05:00,10.941834320475351,0.8248377390233124,0.03835054592521529,6.217329008541138,1
2016-08-05 16:10:00,12.460696977065604,0.8212834555723874,0.03473272091740673,9.544317093104736,1
2016-08-05 16:15:00,12.30757978381427,0.8195809147478785,0.03431805696825846,9.544317093104736,1
2016-08-05 16:20:00,11.559028424671718,0.8158075106532332,0.03372042402789845,7.8486475504226245,1
2016-08-05 16:25:00,12.575090372899435,0.8476501044519732,0.04075980449734858,7.8486475504226245,1
2016-08-05 16:30:00,10.896587331486016,0.828129010872605,0.03619304278799088,4.381960181160067,1
2016-08-05 16:35:00,9.67826341809679,0.805659058495215,0.030655915179217917,1.7210960632638932,1
2016-08-05 16:40:00,14.361449923679078,0.8328908613957793,0.03955876942959776,23.64672829894002,1
2016-08-05 16:45:00,17.553556307020532,0.8355663554167557,0.04115660187113125,42.2504578273349,1
2016-08-05 16:50:00,25.912406238652995,0.8102461154535808,0.035100267771538074,55.78479338271634,1
2016-08-05 16:55:00,23.28330295758851,0.8268082827477279,0.0385155094022535,55.78479338271634,1
2016-08-05 17:00:00,10.794636496541617,0.8349801335425528,0.03800502140267132,3.7154926416288725,1
2016-08-05 17:05:00,10.683005325423036,0.8188414079647791,0.03397714509613673,3.7154926416288725,1
2016-08-05 17:10:00,10.263409014023702,0.8094169797516588,0.03292071550966018,1.1764388479346846,1
2016-08-05 17:15:00,10.043141733352666,0.8133482396208265,0.034081280309148615,4.390184417040735,1
2016-08-05 17:20:00,10.182295969331474,0.8270988690245997,0.03720551961919438,4.390184417040735,1
2016-08-05 17:25:00,10.498646962961482,0.8313696683184036,0.038067398731141955,3.2413059508756903,1
2016-08-05 17:30:00,10.0827043721234,0.8209157560749081,0.03590333472396495,3.8060994773430865,1
2016-08-05 17:35:00,10.143916406337482,0.8109871094552742,0.03422883403430056,3.8060994773430865,1
2016-08-05 17:40:00,11.362893029564855,0.8282000163639648,0.03734164351676034,4.2095040243643975,1
2016-08-05 17:45:00,10.642316671048036,0.8118230751256816,0.03428934254931203,4.2095040243643975,1
2016-08-05 17:50:00,9.618050263891885,0.7992662047662447,0.03158066604833668,3.2311600082186867,1
2016-08-05 17:55:00,9.878848541094795,0.8216864907303517,0.03617564389927228,1.7440219892816518,1
2016-08-05 18:00:00,9.979795048280494,0.8109419029591125,0.03530125517080752,1.3841675911887938,1
2016-08-05 18:05:00,9.660673876678652,0.7888721337985384,0.030877343974478177,1.4383845988516368,0
2016-08-05 18:10:00,9.317545449171822,0.7936504342709255,0.03159764627458934,5.352616194876423,0
2016-08-05 18:15:00,9.500131786465957,0.7998119927027869,0.03341605522197024,5.352616194876423,0
2016-08-05 18:20:00,9.590855850733503,0.7871564715299555,0.030530619873801353,1.1792920792887347,0
2016-08-05 18:25:00,9.499663000813737,0.7828336790900302,0.029223290541977698,1.1792920792887347,0
2016-08-05 18:30:00,10.607639450774329,0.8388672909791899,0.04696772059695837,5.510246238136668,0
2016-08-05 18:35:00,10.657707311696937,0.8443405570091912,0.04752711349795509,5.510246238136668,0
2016-08-05 18:40:00,9.503790749740432,0.7908154827270648,0.029919885844491324,2.2971279780275955,0
2016-08-05 18:45:00,9.487472239893274,0.7896547271134042,0.030015885072698388,1.3842259985924368,0
2016-08-05 18:50:00,9.199134514485927,0.7698848582569873,0.027702961329533843,1.6369332588698762,0
2016-08-05 18:55:00,9.391682881554944,0.7800682219025242,0.03060154047197583,3.9117076361430083,0
2016-08-05 19:00:00,9.664307476772107,0.8012221248521061,0.03287926781948391,4.490163656598114,0
2016-08-05 19:05:00,9.60221920075007,0.7903329749509994,0.03020799028050557,4.490163656598114,0
2016-08-05 19:10:00,9.497398990060656,0.7868123279847643,0.03035186526553944,3.1861101467515427,0
2016-08-05 19:15:00,9.070881010930565,0.7786549969229455,0.029438304154241153,2.1981108922269796,0
2016-08-05 19:20:00,8.81608751219505,0.778207031317665,0.029009180730820105,1.5980220399211464,0
2016-08-05 19:25:00,9.289059612905483,0.7929288618562169,0.030881712058976635,1.4266610952639918,0
2016-08-05 19:30:00,9.585559039886856,0.8133927216276899,0.034153746059839805,1.5098691204041792,0
2016-08-05 19:35:00,9.762090768183327,0.8306940883623186,0.03665930680869712,2.4235246456735653,0
2016-08-05 19:40:00,9.99417296893029,0.8190303054733613,0.03401767418602531,2.4235246456735653,0
2016-08-05 19:45:00,9.825045550987207,0.813964476017468,0.03311749388881899,1.8241057927375495,0
2016-08-05 19:50:00,9.436572494969424,0.803402125439072,0.03184498685705624,1.9857506242846887,0
2016-08-05 19:55:00,9.23108672875433,0.7867342233954011,0.028635308291323408,2.162363094815005,0
2016-08-05 20:00:00,9.633065206294889,0.8101388944624989,0.03319058782645493,2.3531141657153594,0
2016-08-05 20:05:00,10.30455333862516,0.8542619027597188,0.04292816235189586,6.663570303674063,0
2016-08-05 20:10:00,10.186652778847678,0.8576332068729493,0.04327553789089455,6.663570303674063,0
2016-08-05 20:15:00,9.576990418986638,0.8157371299405702,0.03358727411257711,2.6222336074754997,0
2016-08-05 20:20:00,9.505961764889582,0.8214885603272002,0.03655017257540087,2.6222336074754997,0
2016-08-05 20:25:00,9.571583328873453,0.8354692414715348,0.04063672286185491,1.7435633827707038,0
2016-08-05 20:30:00,9.66737061941716,0.8299804860294516,0.03735998267766464,1.7435633827707038,0
2016-08-05 20:35:00,10.796797205113517,0.8374094473920212,0.04526704862879803,19.666831168197408,0
2016-08-05 20:40:00,10.819132043310933,0.8337906420529414,0.04463439161575537,19.666831168197408,0
2016-08-05 20:45:00,9.6940008887253,0.8121776130091514,0.032972007172707284,3.9279712238721993,0
2016-08-05 20:50:00,9.801423657410036,0.815998391964951,0.034421182623515525,3.9279712238721993,0
2016-08-05 20:55:00,10.332690943405401,0.8547117666540036,0.04287841555434267,2.375849086320003,0
2016-08-05 21:00:00,9.94344186218143,0.8409871199536758,0.03999076158196283,1.6728831513308724,0
2016-08-05 21:05:00,9.514773381499513,0.8113167670613441,0.033343869482734524,1.5086820684408668,0
2016-08-05 21:10:00,9.947414488442224,0.8076860957308587,0.03347949082467385,2.126145924125512,0
2016-08-05 21:15:00,9.907282604342134,0.7983837722188241,0.03156815229665515,2.126145924125512,0
2016-08-05 21:20:00,10.515909313163185,0.7959545325205706,0.030164301407314204,11.913754010267562,0
2016-08-05 21:25:00,10.81534182611986,0.7921963438689654,0.029655768233985736,11.913754010267562,0
2016-08-05 21:30:00,10.233198154092054,0.8069685854056619,0.032744067727557176,2.2961759301048095,0
2016-08-05 21:35:00,10.003590559482578,0.8045925204382304,0.032766802603698145,2.2961759301048095,0
2016-08-05 21:40:00,10.125821773946102,0.7858261157085311,0.02914809082120425,1.8701484444326943,0
2016-08-05 21:45:00,10.213494257449243,0.7834176538105795,0.02878154910373971,3.0746363900750184,0
2016-08-05 21:50:00,10.297555679142544,0.7994232786653949,0.031623206228007884,3.0746363900750184,0
2016-08-05 21:55:00,10.718763115500215,0.8128402097945905,0.033392242783348625,4.7569715210371815,0
2016-08-05 22:00:00,10.287889618900822,0.8019073957345935,0.030889823279936335,4.7569715210371815,0
2016-08-05 22:05:00,10.151747522153617,0.7897990518904356,0.029513012980349147,4.5208198757767954,0
2016-08-05 22:10:00,10.681662744270685,0.8030763767840674,0.03299109435232439,2.5288916428556716,0
2016-08-05 22:15:00,10.850225034970974,0.8094605013903071,0.03450415981980463,3.991525113635713,0
2016-08-05 22:20:00,10.77836778259862,0.8028477781672508,0.03205871708574111,3.991525113635713,0
2016-08-05 22:25:00,10.865416392257915,0.8019218027693029,0.03127506523131338,2.545824623555483,0
2016-08-05 22:30:00,11.91560538911582,0.8565947885242002,0.044724223687174394,3.434282158398495,0
2016-08-05 22:35:00,11.85438972848225,0.8659594543148931,0.047049448453451194,4.898371151626884,0
2016-08-05 22:40:00,10.690782510868601,0.7983789337811176,0.03145833429074894,4.898371151626884,0
2016-08-05 22:45:00,10.952341555538492,0.7797109168096006,0.02799457873932293,2.2672088483481856,0
2016-08-05 22:50:00,11.475338515764316,0.7982351595400278,0.03332642381469757,4.074399712329071,0
2016-08-05 22:55:00,11.23156467438982,0.817347814083866,0.03608061186629438,4.074399712329071,0
2016-08-05 23:00:00,10.992232162497713,0.8080995342648227,0.033536391114476684,2.8012421269499033,0
2016-08-05 23:05:00,11.90252155851031,0.8407420277599594,0.040784221564563454,4.084531307498495,0
2016-08-05 23:10:00,12.275848705645986,0.8390264000910306,0.0400035263938092,4.084531307498495,0
2016-08-05 23:15:00,11.761196368964123,0.7857796474409383,0.030748647321840832,2.5347963841676067,0
2016-08-05 23:20:00,11.665771180581034,0.7736219000359263,0.02954166104330147,4.391251169328753,0
2016-08-05 23:25:00,11.795121226718244,0.7908265847380228,0.0312888837238731,4.391251169328753,0
2016-08-05 23:30:00,11.955621372331102,0.8149406172187529,0.034650441557804994,2.9457730186721056,0
2016-08-05 23:35:00,12.403009885331299,0.8056125700435046,0.03439622405065844,2.9457730186721056,0
2016-08-05 23:40:00,12.123171971870695,0.7850037570656636,0.03158554246525583,2.808469386639122,0
2016-08-05 23:45:00,11.199878703709023,0.7826151042770698,0.030251662106520704,2.808469386639122,0
2016-08-05 23:50:00,11.795813313528217,0.7910299925738348,0.032132912626992145,1.927812769770056,0
2016-08-05 23:55:00,12.520524375446374,0.796143358115438,0.03382329596877646,3.238888181241607,0
2016-08-06 00:00:00,12.372217045312876,0.8005868001645774,0.03347668774163418,3.238888181241607,0
2016-08-06 00:05:00,11.871373037556022,0.8112475577296443,0.03420548961813825,7.65037815383121,0
2016-08-06 00:10:00,11.425944633863015,0.8071574536317113,0.03231247565405947,7.65037815383121,0
2016-08-06 00:15:00,11.378576258077931,0.7800697840598233,0.02783075877896856,2.070287254515225,0
2016-08-06 00:20:00,11.34504574932176,0.7860375884757933,0.02938934879933025,1.2924538986066556,0
2016-08-06 00:25:00,11.314496870543653,0.8011167318432495,0.0314151044041341,2.0776195672510687,0
2016-08-06 00:30:00,11.593230052829455,0.7939916187605265,0.03104716231336131,2.871884065245089,0
2016-08-06 00:35:00,12.104255569430885,0.7740368397340767,0.028829056266380985,2.871884065245089,0
2016-08-06 00:40:00,12.275263217849348,0.7598569281593263,0.026326634613661644,1.8304336011879376,0
2016-08-06 00:45:00,12.461517058159439,0.7862229381464547,0.030102662274198805,2.9907494330494186,0
2016-08-06 00:50:00,12.392687934715918,0.7817587624491716,0.030124087918057207,2.9907494330494186,0
2016-08-06 00:55:00,12.113401782840262,0.7622377261722522,0.027745863593770466,1.6887452626981032,0
2016-08-06 01:00:00,11.776833460195284,0.7806649687067436,0.02918220065413827,1.5263784928684623,0
2016-08-06 01:05:00,12.067054434598887,0.79029732709385,0.029801103676942164,3.95002014640542,0
2016-08-06 01:10:00,12.488722352256787,0.7776688148781371,0.028943275123326638,3.95002014640542,0
2016-08-06 01:15:00,12.428667879007524,0.778342953518648,0.029978288523999207,3.12794066406275,0
2016-08-06 01:20:00,12.82316687616399,0.8189429995110475,0.03746341164912566,1.7498864738572522,0
2016-08-06 01:25:00,12.682731292750617,0.8305954464421936,0.03915586446539977,3.7294650829408638,0
2016-08-06 01:30:00,11.952035935717243,0.7912574353173916,0.032586379346195904,3.7294650829408638,0
2016-08-06 01:35:00,11.761337931506882,0.752266234132823,0.026877002770549458,3.4296792277089363,0
2016-08-06 01:40:00,11.705895413788971,0.7357735946936319,0.023667709132529916,3.4296792277089363,0
2016-08-06 01:45:00,11.526864883304658,0.7566505332854776,0.026504334800404872,3.2782313000557357,0
2016-08-06 01:50:00,12.041634933425817,0.7655244437006824,0.0286904819532576,2.9770199962955353,0
2016-08-06 01:55:00,12.724001139499832,0.7446042508843389,0.026194567795660227,3.263870324197806,0
2016-08-06 02:00:00,12.521406681369779,0.7371668408422394,0.025329333899261803,4.074127692626746,0
2016-08-06 02:05:00,12.453614220488436,0.744714735531431,0.025672116867736128,4.074127692626746,0
2016-08-06 02:10:00,12.883963216778238,0.747754548246939,0.026008347645321044,3.790495020286287,0
2016-08-06 02:15:00,12.804771507407688,0.7469045950083508,0.025818176404100963,3.790495020286287,0
2016-08-06 02:20:00,12.796195258589943,0.7544413305484265,0.027015108138504502,2.433910866314392,0
2016-08-06 02:25:00,13.271892571979185,0.7675469605097868,0.028881548444369586,2.2550035746639896,0
2016-08-06 02:30:00,14.276378172073237,0.7956999378471126,0.03402536655490621,3.604802884791278,0
2016-08-06 02:35:00,14.855190605590263,0.8126265849179323,0.03719987883746215,3.604802884791278,0
2016-08-06 02:40:00,14.258736463674484,0.7708658373734343,0.02957912308186355,2.558040947680199,0
2016-08-06 02:45:00,13.729251812375892,0.7392960505276251,0.02430183053227081,2.6054635116047287,0
2016-08-06 02:50:00,13.304542156294906,0.7477195552067071,0.02486142845930795,3.8784917350027657,0
2016-08-06 02:55:00,13.126993118668901,0.7557569467927555,0.025376512189609273,3.8784917350027657,0
2016-08-06 03:00:00,13.407331694515733,0.7535188221985765,0.025338244067573817,2.7392029793630077,0
2016-08-06 03:05:00,13.614044631167488,0.7682293982585048,0.02954803480303423,2.7392029793630077,0
2016-08-06 03:10:00,14.114121139973275,0.7608552884313451,0.028684320868018164,1.5151784213138173,0
2016-08-06 03:15:00,13.890537464827323,0.7403775121558411,0.023760787296940655,1.6239480730405513,0
2016-08-06 03:20:00,13.588147877310954,0.7474517268900039,0.02430958753809259,3.176633143097551,0
2016-08-06 03:25:00,13.904968363013401,0.7631367201806314,0.027944676893912047,3.176633143097551,0
2016-08-06 03:30:00,13.802651704281562,0.7630144190298083,0.029582447311585075,2.4667742091731535,0
2016-08-06 03:35:00,14.148718793590476,0.7479677764272232,0.026096828863580095,3.197619581133267,0
2016-08-06 03:40:00,14.107548545463962,0.7414301831608006,0.024656788706912867,3.197619581133267,0
2016-08-06 03:45:00,13.470716132154681,0.7334344614360802,0.024228590264160278,2.819365465176228,0
2016-08-06 03:50:00,13.747664520425072,0.7360488053175869,0.024433002680752734,2.6111179597060006,0
2016-08-06 03:55:00,14.199521142695508,0.7345623951913991,0.02349224988536682,1.7056619654162795,0
2016-08-06 04:00:00,13.728026196462006,0.7208462221720661,0.020982428286014147,4.6179243277203215,0
2016-08-06 04:05:00,13.161610725159132,0.7517072098827395,0.026205329736622724,4.6179243277203215,1
2016-08-06 04:10:00,13.785403502099072,0.7757532058370727,0.029114869960069106,3.3181360530611292,1
2016-08-06 04:15:00,14.441571916625463,0.7888819670001895,0.03146119577535232,2.8207981048244513,1
2016-08-06 04:20:00,14.78555531469369,0.8208461562947218,0.03850651336284317,2.2680001013581452,1
2016-08-06 04:25:00,17.86982546427877,0.8288725110434345,0.040562702913981175,37.863811366533774,1
2016-08-06 04:30:00,22.789854252963202,0.8363158564542302,0.04093071678312395,37.863811366533774,1
2016-08-06 04:35:00,20.393292275443674,0.8464427046847497,0.04336675257255762,24.98157451185378,1
2016-08-06 04:40:00,16.671580002989295,0.85933622718926,0.045702044079382345,5.163677468833885,1
2016-08-06 04:45:00,16.394551395706223,0.8618352941700487,0.045920779325674226,5.163677468833885,1
2016-08-06 04:50:00,15.048077504195032,0.8341374139112239,0.041675031725185226,2.554952525099214,0
2016-08-06 04:55:00,15.212130105575522,0.8230134151795802,0.04025963721030995,3.290084693199904,0
2016-08-06 05:00:00,15.342880068893654,0.8495036084552818,0.04547952052226267,3.290084693199904,0
2016-08-06 05:05:00,14.976540133847422,0.8519511383146104,0.04522172482592036,3.4354598117655377,0
2016-08-06 05:10:00,14.982444597850147,0.8550845044771387,0.04591341313222168,3.4354598117655377,0
2016-08-06 05:15:00,14.824164606829413,0.8609618149118491,0.04728383333463256,1.7348841925179643,0
2016-08-06 05:20:00,14.893557234502122,0.8416455248946012,0.04368109560774632,2.6780213164773596,0
2016-08-06 05:25:00,14.92140844460756,0.8216775217069621,0.04021435354624724,2.8125762070218916,0
2016-08-06 05:30:00,15.167813536017366,0.8254528204287964,0.040441095563735235,5.488395855924119,0
2016-08-06 05:35:00,18.990282119757843,0.8474025991587489,0.0437699678085506,55.06767176232657,1
2016-08-06 05:40:00,28.896089375487378,0.8398402497546826,0.04273913721632302,55.06767176232657,1
2016-08-06 05:45:00,25.615752502353935,0.8300266909917426,0.04085635354696192,31.939127099597666,1
2016-08-06 05:50:00,15.78229926584537,0.843725102940506,0.0431034359641171,2.9472896621596534,1
2016-08-06 05:55:00,15.776079461616693,0.8487403345782158,0.04486083348474005,2.877682654941364,1
2016-08-06 06:00:00,15.563011018981792,0.8413131672917,0.04392226186683697,4.87907447293653,0
2016-08-06 06:05:00,15.374264281775492,0.846655215156921,0.04406540621880685,4.87907447293653,0
2016-08-06 06:10:00,15.701241039607945,0.8493930516857695,0.04359916544064031,3.044777080280639,0
2016-08-06 06:15:00,15.170763510450893,0.7853060703336634,0.03183622065948769,3.044777080280639,0
2016-08-06 06:20:00,14.456549317934407,0.7310533847455973,0.021981146531717597,1.1540492849017954,0
2016-08-06 06:25:00,14.217022881001489,0.7242540772259323,0.02123784174574436,1.1540492849017954,0
2016-08-06 06:30:00,14.046006252571999,0.7390153018312567,0.024673098419048183,1.275720695319915,0
2016-08-06 06:35:00,14.207290082349022,0.7474379851919081,0.025328746564387612,1.4637262361632588,0
2016-08-06 06:40:00,14.685023668747931,0.7387236320135555,0.023159505226528966,2.3731980246263817,0
2016-08-06 06:45:00,14.926003458984948,0.7419638192480006,0.024935000461753818,2.3731980246263817,0
2016-08-06 06:50:00,14.413795343213545,0.7358899416356628,0.024680399687996672,2.3256889287805236,0
2016-08-06 06:55:00,14.46738709627933,0.7442414679371666,0.02528627476938649,2.9379499540790603,0
2016-08-06 07:00:00,13.701777140390984,0.7546955480191769,0.026870094553164026,5.518407374353543,0
2016-08-06 07:05:00,13.22065426302251,0.7457825300780375,0.024904069130275163,5.518407374353543,0
2016-08-06 07:10:00,14.234400899234604,0.7336927582566195,0.022057934736957305,1.6924411708146663,0
2016-08-06 07:15:00,14.349574006178324,0.729219548283276,0.02171865143839876,3.5699000257833386,0
2016-08-06 07:20:00,13.95995122412329,0.7307989332353435,0.02281306701550085,3.5699000257833386,0
2016-08-06 07:25:00,13.883176472239677,0.733786097640143,0.02327348483077695,2.03857760707932,0
2016-08-06 07:30:00,13.855818339705175,0.7396470490393935,0.02397966877110898,1.973449661539212,0
2016-08-06 07:35:00,14.674799547828323,0.7553690803665918,0.027245551965786013,3.7690514362100727,0
2016-08-06 07:40:00,15.074770712169123,0.753053011351382,0.026628334504786542,3.7690514362100727,0
2016-08-06 07:45:00,14.192958647409023,0.7376111014650601,0.023708473376536626,4.385490242665531,0
2016-08-06 07:50:00,13.634501521544019,0.7384938117154105,0.02378930420513914,4.385490242665531,0
2016-08-06 07:55:00,13.72143596979879,0.7448086465347113,0.024623556308234727,2.9655207054554182,0
2016-08-06 08:00:00,13.021062960312054,0.7394987445873411,0.023559877761706476,4.330641810145637,0
2016-08-06 08:05:00,12.6855999167112,0.7289803428589546,0.022126955021431385,4.330641810145637,0
2016-08-06 08:10:00,13.055347054688596,0.7291490955357074,0.022144747053029525,2.2920247598095735,0
2016-08-06 08:15:00,13.226765766759144,0.7458545847951559,0.025043838079836123,2.540172206194075,0
2016-08-06 08:20:00,13.606572614953048,0.7717356393030198,0.029843737008913573,4.496217417416223,0
2016-08-06 08:25:00,14.14439785394141,0.7997020695047953,0.03524891720387392,5.213900129739734,0
2016-08-06 08:30:00,13.529503476448236,0.7753254972538494,0.030603423722894246,6.336746785017495,0
2016-08-06 08:35:00,13.060438473527848,0.7358190786924588,0.023663275005134633,6.336746785017495,0
2016-08-06 08:40:00,13.489181048853975,0.732023220149678,0.024094292953079303,2.241148799354278,0
2016-08-06 08:45:00,13.093082997431608,0.734706697558762,0.024111543570811942,2.241148799354278,0
2016-08-06 08:50:00,12.85362997756842,0.742728846943548,0.024258465805403574,2.382734912618503,0
2016-08-06 08:55:00,12.528031365003116,0.7498715515597157,0.02574888618719216,2.382734912618503,0
2016-08-06 09:00:00,13.336341141643885,0.7975007077257649,0.04090979924209489,20.219233230965422,0
2016-08-06 09:05:00,12.684021026278131,0.7888415678092715,0.03946639604176726,20.219233230965422,0
2016-08-06 09:10:00,11.476588883431955,0.7703092313383788,0.028674209920112114,3.2163274806260285,0
2016-08-06 09:15:00,11.674681241176563,0.7820293698965816,0.029975235960597445,2.071532313815674,0
2016-08-06 09:20:00,11.438247199351036,0.7662907684343004,0.028352695512131577,1.8199151889802843,0
2016-08-06 09:25:00,11.651679193432738,0.7642913269348574,0.028022174379727587,1.8199151889802843,0
2016-08-06 09:30:00,11.753895627780675,0.7581125881718161,0.026481480815699614,1.640125635022943,0
2016-08-06 09:35:00,11.597979727474009,0.7496814098621616,0.025219106130295925,2.630099215270677,0
2016-08-06 09:40:00,11.530669155875083,0.7512703687026584,0.024788014985888084,2.9351045110634133,0
2016-08-06 09:45:00,11.510092009162644,0.7598871867517885,0.02595872018261986,2.9351045110634133,0
2016-08-06 09:50:00,11.863296858889013,0.7720017649002119,0.02831339167360194,1.9258027164001792,0
2016-08-06 09:55:00,11.862154091900225,0.7879390056030541,0.030570086496056935,1.9258027164001792,0
2016-08-06 10:00:00,10.97903276852226,0.7809479944031616,0.028784598353123116,1.8346909935307396,0
2016-08-06 10:05:00,10.830367196008059,0.7671724252587735,0.026206712718703385,1.867938689604127,0
2016-08-06 10:10:00,11.37394037764103,0.7857544403064058,0.03154539823182676,3.32973939332802,0
2016-08-06 10:15:00,11.261161894518661,0.8103046819672327,0.035966529671739064,3.3730381601760993,0
2016-08-06 10:20:00,10.936658414104894,0.7976364725182407,0.03193666736541852,3.3730381601760993,0
2016-08-06 10:25:00,11.348578870470933,0.8020763036463862,0.035065509130057564,9.533455536365102,0
2016-08-06 10:30:00,11.559994168312057,0.8300695053767102,0.04300973476546667,9.533455536365102,0
2016-08-06 10:35:00,11.157109011059566,0.8312130089291139,0.039769769546588875,2.094154809780538,0
2016-08-06 10:40:00,10.744518431487316,0.805112697664444,0.03145253052657433,2.094154809780538,0
2016-08-06 10:45:00,10.779349733316565,0.788500296318197,0.02811991914055249,1.7411978841987206,0
2016-08-06 10:50:00,10.839815672770813,0.7877235075174756,0.028125105647591124,1.7411978841987206,0
2016-08-06 10:55:00,10.429094336243116,0.8032701170598071,0.03312069795687669,1.5081607146936358,0
2016-08-06 11:00:00,9.900988862149104,0.8131779468083924,0.034633597537116916,1.659869647376586,0
2016-08-06 11:05:00,9.791412999609722,0.8056503922570517,0.0305356765932856,2.645836879614934,0
2016-08-06 11:10:00,10.599613968857003,0.8113080697513587,0.032452326734112934,2.645836879614934,0
2016-08-06 11:15:00,11.025300545305253,0.8036664575291755,0.03293530495926506,1.884202471345103,0
2016-08-06 11:20:00,10.627541087191771,0.7923503064076524,0.030598205858205513,1.884202471345103,0
2016-08-06 11:25:00,10.293118152124649,0.7975705742304099,0.029965187726932224,1.297774960583735,0
2016-08-06 11:30:00,10.08138268092195,0.800210103258078,0.02939040659218824,2.19292868212386,0
2016-08-06 11:35:00,10.057867161775617,0.7971158917320107,0.029194379325470605,2.19292868212386,0
2016-08-06 11:40:00,10.545218216114199,0.7978622888449298,0.02905455997241414,1.9865464364218723,0
2016-08-06 11:45:00,10.99137219184464,0.8052467056039473,0.030684423865380173,3.4199565822899403,0
2016-08-06 11:50:00,10.821511996896543,0.809280613152354,0.03203380843111271,3.4199565822899403,0
2016-08-06 11:55:00,10.734513960498564,0.7985162224663469,0.03133039360217756,2.8022272712880407,0
2016-08-06 12:00:00,11.180568204085366,0.8576993188693163,0.04760320411514311,1.9936789036740237,0
2016-08-06 12:05:00,11.949720321081486,0.93763186867138,0.06752262101167372,1.2141773285452946,0
2016-08-06 12:10:00,12.714335906422777,0.9412207611214234,0.06786032426699025,1.2141773285452946,0
2016-08-06 12:15:00,12.898127093581333,0.9404064966544535,0.06702017640629451,1.5592417057946613,0
2016-08-06 12:20:00,12.690218402829684,0.9451616795164627,0.07022409990598621,1.5592417057946613,0
2016-08-06 12:25:00,13.061730205975195,0.9386285794107208,0.06768907482712777,1.9528407106637014,0
2016-08-06 12:30:00,13.155055186170571,0.933146800451673,0.06438506637386925,2.139785703544793,0
2016-08-06 12:35:00,12.900138251821605,0.9355263259683919,0.06536593457086018,2.139785703544793,0
2016-08-06 12:40:00,13.11598319654891,0.9359255260891588,0.06577140740969646,1.916512006553394,0
2016-08-06 12:45:00,13.246727861710534,0.9364596797030762,0.06602217973715256,1.916512006553394,0
2016-08-06 12:50:00,13.171827881320624,0.9397235765507477,0.06722361031792337,1.2149096687219774,0
2016-08-06 12:55:00,13.290516107314224,0.9395331940353073,0.0673604209503187,1.758563365726708,0
2016-08-06 13:00:00,13.154471676390694,0.9378283826623008,0.0667411774443228,2.6981516646768937,0
2016-08-06 13:05:00,13.616374255087496,0.9451108611200131,0.07247048085440803,11.606011531050996,0
2016-08-06 13:10:00,14.095123724702486,0.9395897977826886,0.07058819863410354,11.606011531050996,0
2016-08-06 13:15:00,13.45497998354677,0.933028354432136,0.06545341023191156,2.508128770739816,0
2016-08-06 13:20:00,13.140555193902662,0.9383244509036774,0.06746174323941943,2.508128770739816,0
2016-08-06 13:25:00,13.471113290336774,0.9364044536130244,0.06692031275105573,3.2370942484245133,0
2016-08-06 13:30:00,13.316761370902992,0.9416617106370122,0.06918514511144547,3.2370942484245133,0
2016-08-06 13:35:00,13.022620847444307,0.9456603816527545,0.0701362536634173,2.7759067441621847,0
2016-08-06 13:40:00,13.318034164350227,0.9382563102989753,0.06701132793670578,2.7759067441621847,0
2016-08-06 13:45:00,13.395810688749766,0.9280331944543732,0.06362709106110828,2.8121987060993665,0
2016-08-06 13:50:00,13.332753673951828,0.9305074931071767,0.0641986183272356,2.8121987060993665,0
2016-08-06 13:55:00,13.294304393781562,0.9300482314023323,0.06383063631824425,1.4495593746358482,0
2016-08-06 14:00:00,13.489254598468165,0.934043592513204,0.0659467433434,2.3649801523330773,0
2016-08-06 14:05:00,13.366848995865592,0.9415698341749679,0.06837691924439301,2.3649801523330773,0
2016-08-06 14:10:00,13.543736195514219,0.9329631477515938,0.06450742822788849,2.0694307940418244,0
2016-08-06 14:15:00,13.688314318062632,0.9307552186037171,0.06374066756277239,3.7083168422884705,0
2016-08-06 14:20:00,13.576251142740253,0.9335397155452657,0.06505744464258947,3.7083168422884705,0
2016-08-06 14:25:00,13.60200281693577,0.9349478423272523,0.06535294027459718,1.7608989980424534,0
2016-08-06 14:30:00,13.300840338849582,0.9377711197154336,0.06631116053117188,2.031740510162266,0
2016-08-06 14:35:00,13.501018751581984,0.93393248797095,0.0651480441177011,3.3558443120639496,0
2016-08-06 14:40:00,14.122033357039172,0.9203774093863687,0.06064161792450222,3.502959944645811,0
2016-08-06 14:45:00,14.74095898086106,0.9214990670344687,0.06383614999374025,11.50783405954706,0
2016-08-06 14:50:00,14.561727061572594,0.9264986852257016,0.06491900601447387,11.50783405954706,0
2016-08-06 14:55:00,13.642126130034777,0.9271212789014966,0.0617640094691093,2.0741945760403033,0
2016-08-06 15:00:00,12.75591570102757,0.8978626833733363,0.05437022349539822,2.621273700113698,0
2016-08-06 15:05:00,12.97197022373401,0.8408913566078445,0.048004715387653496,21.227088284543328,0
2016-08-06 15:10:00,12.649477202489571,0.7993083755924228,0.03955929142382698,21.227088284543328,0
2016-08-06 15:15:00,11.42197118969092,0.7733395647271989,0.027619621941875994,2.031210989125972,0
2016-08-06 15:20:00,10.847696289034312,0.7755770531665163,0.02751193491610871,2.463240422680332,0
2016-08-06 15:25:00,10.77529385667388,0.7986006033273181,0.031080375630873965,2.837154918811329,0
2016-08-06 15:30:00,10.613658288827471,0.7927143969824595,0.030429581945715812,3.6795988251479157,0
2016-08-06 15:35:00,10.741529229834896,0.7730687505417304,0.027657036820212488,3.6795988251479157,0
2016-08-06 15:40:00,11.308315641192845,0.7950924297193098,0.03106926906340813,1.7686763394476825,0
2016-08-06 15:45:00,11.024182021321675,0.7962017443266748,0.030978359292100126,2.2023456768381338,0
2016-08-06 15:50:00,10.264050076996588,0.7746003129306263,0.027483996853184513,2.2023456768381338,0
2016-08-06 15:55:00,10.25625921636308,0.7816923908374318,0.029213155587796615,1.5693246844340074,0
2016-08-06 16:00:00,10.612325156627277,0.8113402804826065,0.03473835089082788,2.301281928093377,0
2016-08-06 16:05:00,10.35198678472124,0.8207262489909372,0.03492578444176782,3.0072265660184057,0
2016-08-06 16:10:00,10.645162765536911,0.8262986125058404,0.033584681762927025,3.0072265660184057,0
2016-08-06 16:15:00,10.703372513779103,0.8204931197156446,0.03251721794882538,1.1064661393352362,0
2016-08-06 16:20:00,10.235494951326528,0.79379257943277,0.029344224332602392,1.1248202660069904,0
2016-08-06 16:25:00,10.290015660865302,0.8037627854953397,0.032116811911899565,1.437985027657579,0
2016-08-06 16:30:00,10.38463755939018,0.8261353604614139,0.03726555778372545,3.9623905782205275,0
2016-08-06 16:35:00,10.221355500352338,0.8204236592776918,0.035355392245177315,3.9623905782205275,0
2016-08-06 16:40:00,10.165892659869915,0.8042340483924261,0.03099577989638839,2.4966431941086706,0
2016-08-06 16:45:00,10.286746551971127,0.7936900913619178,0.030019457871042942,1.7256657932780013,0
2016-08-06 16:50:00,10.327343705880775,0.8043868262294158,0.03163105788045902,2.7060516510866126,0
2016-08-06 16:55:00,10.43020296497671,0.8348348741105203,0.03698631065010425,6.173552487984569,0
2016-08-06 17:00:00,9.965319001757,0.8228931947866571,0.03564641544671386,6.173552487984569,0
2016-08-06 17:05:00,11.140667136526094,0.8228783354274916,0.04414895849515055,23.247924453783323,0
2016-08-06 17:10:00,11.293149511653803,0.826268885437492,0.04424914468744164,23.247924453783323,0
2016-08-06 17:15:00,9.74938196941477,0.8059211414896309,0.030810789021837443,1.4649937439107525,0
2016-08-06 17:20:00,9.756942332354956,0.8089115618149901,0.03126032737685408,2.196025802309719,0
2016-08-06 17:25:00,10.090089598024989,0.8099105493414445,0.032091240109438396,2.196025802309719,0
2016-08-06 17:30:00,9.992546891835001,0.8034818366057376,0.030300452541546834,1.9136032191340755,0
2016-08-06 17:35:00,9.67676541205621,0.7982356438786496,0.0294292833431113,2.743629743321324,0
2016-08-06 17:40:00,9.898975866183644,0.7953288905984804,0.030000864212253404,2.743629743321324,0
2016-08-06 17:45:00,9.911411678814172,0.7911155527890046,0.02919556313855538,1.438237567165693,0
2016-08-06 17:50:00,10.118612770230104,0.8058014216675666,0.0316225329024616,3.371551176622401,0
2016-08-06 17:55:00,10.590312015615774,0.845357662312543,0.03953046202997147,3.371551176622401,1
2016-08-06 18:00:00,10.732853849270683,0.8568834342963045,0.042551803669516296,4.127347120794541,1
2016-08-06 18:05:00,11.15365151646527,0.8437465028289007,0.04028613279311025,10.655773861901912,1
2016-08-06 18:10:00,12.980558901830609,0.8469051952477183,0.040966602268520065,10.655773861901912,1
2016-08-06 18:15:00,12.301789160597234,0.8277894043166512,0.037006433286435644,7.867226124407323,1
2016-08-06 18:20:00,11.737919797494213,0.8203056496894812,0.03437467068382615,3.7322232290963706,1
2016-08-06 18:25:00,12.747102669907646,0.8472355825670221,0.03842252341187897,6.169568867579862,1
2016-08-06 18:30:00,11.277034263757274,0.8262130046872751,0.03496855759692857,6.169568867579862,1
2016-08-06 18:35:00,11.5997030364592,0.8056769670958774,0.032788446113619814,16.729390488017188,1
2016-08-06 18:40:00,16.34288798942955,0.8337596521709187,0.041325776120438376,20.629517971579112,1
2016-08-06 18:45:00,18.07268824551964,0.8257490574468734,0.03977425363989563,44.628837852226,1
2016-08-06 18:50:00,26.074128754435456,0.8038866807665886,0.034109875524093336,53.490598592352704,1
2016-08-06 18:55:00,22.807351205542744,0.796069077609507,0.0322492581194818,53.490598592352704,1
2016-08-06 19:00:00,10.04141377984735,0.7968054844573667,0.03051985215952398,2.8145794024131248,1
2016-08-06 19:05:00,10.324464403281373,0.8023280003950272,0.031066174640420635,2.8145794024131248,1
2016-08-06 19:10:00,10.238255425190829,0.7989092410800204,0.0300484341492585,2.151436721403611,1
2016-08-06 19:15:00,9.946142183373764,0.804791626473805,0.03101472652832078,1.9826052151549813,1
2016-08-06 19:20:00,10.509168908457054,0.8291068218133248,0.03792814696716966,4.2737752757097764,1
2016-08-06 19:25:00,11.191679012777891,0.8481899976539558,0.04187351654968231,4.2737752757097764,1
2016-08-06 19:30:00,10.945452384620749,0.8468004600987513,0.04034938970623628,2.0888671666955934,1
2016-08-06 19:35:00,11.084464801394377,0.8624039443019349,0.04424118043358818,3.2188494097171403,1
2016-08-06 19:40:00,11.567982473325163,0.8798080868489881,0.05008767724600073,6.863224146277235,1
2016-08-06 19:45:00,11.465814513137996,0.8870299978113318,0.051913209211944866,6.863224146277235,1
2016-08-06 19:50:00,11.385207031221642,0.8838637174849008,0.049226695935717685,3.0639332635531265,1
2016-08-06 19:55:00,10.824848487203713,0.8634494071850184,0.04523357288135773,3.0269344750861036,1
2016-08-06 20:00:00,10.898504213191606,0.8806750251219186,0.05237808661756001,2.4511632295521792,1
2016-08-06 20:05:00,11.07607898514708,0.8529339620470947,0.04708049986012179,2.4511632295521792,0
2016-08-06 20:10:00,10.414285606835694,0.7834188275125028,0.029939720427056338,1.3339906303084144,0
2016-08-06 20:15:00,10.333734988135435,0.7831455155711822,0.028422541423780617,1.4964966220855545,0
2016-08-06 20:20:00,10.557971408145127,0.7865211447892013,0.029040954907938697,1.4964966220855545,0
2016-08-06 20:25:00,10.8369362991301,0.7918826410990523,0.031259801269858264,4.645670472722601,0
2016-08-06 20:30:00,10.987514528683215,0.8121428953851937,0.03435235430384167,4.645670472722601,0
2016-08-06 20:35:00,10.848906838942916,0.8120246619142161,0.03282966850387993,4.154672419659407,0
2016-08-06 20:40:00,10.853911370119881,0.7931043500146369,0.029891953480683443,3.5580274552199587,0
2016-08-06 20:45:00,11.034096854251374,0.7977845153236466,0.031549700041385145,3.5580274552199587,0
2016-08-06 20:50:00,11.20752770973878,0.8213345149868595,0.035255267847386515,3.527740428599788,0
2016-08-06 20:55:00,11.057767216192651,0.8078004471116165,0.032866726391642766,3.527740428599788,0
2016-08-06 21:00:00,10.572614820338298,0.790641449048989,0.030228999273471065,1.7666802212309989,0
2016-08-06 21:05:00,10.315959469747447,0.7825543676742651,0.0287301500896458,3.0787627054254614,0
2016-08-06 21:10:00,10.612225798875567,0.7959424636147642,0.031232688739478858,3.1141599647657365,0
2016-08-06 21:15:00,10.94496527988742,0.8194086650814191,0.03468006543136217,3.1141599647657365,0
2016-08-06 21:20:00,11.059164078292273,0.8045254886512321,0.03177862537148314,2.4934278253049618,0
2016-08-06 21:25:00,10.827694294554778,0.787535120202905,0.029487982361804964,2.4934278253049618,0
2016-08-06 21:30:00,10.729067497857969,0.7853173228332228,0.02806595465324096,1.6323369323473418,0
2016-08-06 21:35:00,11.054452471130716,0.7863767305676937,0.02797634686408646,1.0643835542924702,0
2016-08-06 21:40:00,10.928197284898712,0.7816919908818919,0.028554856318738407,2.050004018722408,0
2016-08-06 21:45:00,11.33917319916007,0.7942508143235503,0.03031617311168579,3.762958314661964,0
2016-08-06 21:50:00,11.541072014290613,0.7978407312374225,0.030851969604170738,4.142643333946248,0
2016-08-06 21:55:00,11.389423999229177,0.7836689235019567,0.02886417331938159,4.142643333946248,0
2016-08-06 22:00:00,11.339202177248596,0.7740298518792272,0.02759622593804421,2.964997985779595,0
2016-08-06 22:05:00,11.142564837809703,0.7655438838844651,0.02676819904861915,2.24983656541578,0
2016-08-06 22:10:00,11.45605128804905,0.7657182105974463,0.027186111926309466,1.8295998033665246,0
2016-08-06 22:15:00,11.963730473173818,0.7872073436065546,0.031988919474294,1.9552421739422057,0
2016-08-06 22:20:00,11.71265242488543,0.7921840499046009,0.03211291683510368,1.9552421739422057,0
2016-08-06 22:25:00,11.273390619075036,0.7748780283627227,0.027700339632245236,1.5919189918217176,0
2016-08-06 22:30:00,12.513672484067518,0.8336323571459083,0.03968790624855491,3.350515192417606,0
2016-08-06 22:35:00,12.883568908206703,0.8765778398341072,0.04974727785604918,4.263228542514146,0
2016-08-06 22:40:00,11.744845712938758,0.8158263416725486,0.03731017826785098,4.263228542514146,0
2016-08-06 22:45:00,11.315219140194177,0.7740172939856449,0.0275116461777624,1.9073961317322141,0
2016-08-06 22:50:00,11.323172150653566,0.7790908053534723,0.027810000500351494,1.9073961317322141,0
2016-08-06 22:55:00,11.384757380990314,0.7828423849961823,0.029577796827510237,4.246154077308624,0
2016-08-06 23:00:00,11.003798308394567,0.7791431788746981,0.030127771133982118,4.246154077308624,0
2016-08-06 23:05:00,10.547661555375736,0.7652124009097327,0.02771605865394585,3.80748407255704,0
2016-08-06 23:10:00,11.004277089916915,0.7536340930983346,0.026313580576323648,3.80748407255704,0
2016-08-06 23:15:00,11.264243495201402,0.7570645876557839,0.026203254491688133,2.471361124445188,0
2016-08-06 23:20:00,10.92899178409291,0.761362014176615,0.02581169655690092,2.2984575740889475,0
2016-08-06 23:25:00,11.227916943427617,0.7688760024156017,0.02738524851637328,1.4977077411458433,0
2016-08-06 23:30:00,11.372241265973113,0.7806873962640923,0.029760753219930065,2.3947584054441022,0
2016-08-06 23:35:00,11.505843095296907,0.7839313192345947,0.030094827970591077,2.3947584054441022,0
2016-08-06 23:40:00,11.56855622841949,0.7820220488810635,0.02989746187235535,2.0916137488199813,0
2016-08-06 23:45:00,11.199846931425833,0.7738998335127967,0.02857259276950546,2.0916137488199813,0
2016-08-06 23:50:00,11.402362821573863,0.7825854522341573,0.028924778038517996,3.777668925948841,0
2016-08-06 23:55:00,11.836053891963136,0.8066247768514774,0.03325656253803831,3.777668925948841,0
2016-08-07 00:00:00,11.523124317088941,0.7807690623005946,0.03031569068251182,2.9069642523879655,0
2016-08-07 00:05:00,11.78775251714895,0.8052088971132505,0.03495930454723932,3.337754240661196,0
2016-08-07 00:10:00,12.200321094810604,0.8055181654473553,0.03475216695260562,3.337754240661196,0
2016-08-07 00:15:00,11.84458672119756,0.751451620103617,0.025318686412180685,2.0574621361815537,0
2016-08-07 00:20:00,11.955513898895266,0.7554982515958233,0.026386308455895856,3.794671634830435,0
2016-08-07 00:25:00,12.73627837806861,0.7669818639259023,0.02909218070347222,3.794671634830435,0
2016-08-07 00:30:00,12.492002892459235,0.7788453042815636,0.03108735384227552,2.301389035202851,0
2016-08-07 00:35:00,11.832254837753371,0.7704490697045872,0.029452309858394254,2.1736575550420683,0
2016-08-07 00:40:00,12.162561710284365,0.7546429022343513,0.027415262532938207,1.3081571103725116,0
2016-08-07 00:45:00,12.901378230016686,0.7456476557445807,0.025552261710562647,4.196582973791741,0
2016-08-07 00:50:00,12.902330087615203,0.753951813353616,0.026113149631937643,4.196582973791741,0
2016-08-07 00:55:00,12.521623192092793,0.7571494184133166,0.026556031538679657,2.4042482113048576,0
2016-08-07 01:00:00,12.259709069379511,0.7484286423689139,0.025336192774419307,1.8849715396842919,0
2016-08-07 01:05:00,12.10876252830303,0.7512412617391296,0.025935182481685783,1.633403506396565,0
2016-08-07 01:10:00,12.645910788662128,0.7515198268661185,0.025876443814500487,1.5723309050246137,0
2016-08-07 01:15:00,12.976276115518562,0.7492424010467791,0.025109386153989277,3.0573209273796236,0
2016-08-07 01:20:00,13.02656987463908,0.7563332750889032,0.02553442987948843,3.0573209273796236,0
2016-08-07 01:25:00,13.219406816521158,0.7733263190571865,0.027797077436111445,3.1662693999934786,0
2016-08-07 01:30:00,13.381020771251366,0.7807966882747034,0.029817084660255233,3.1662693999934786,0
2016-08-07 01:35:00,13.369271841424132,0.7698912877790018,0.02899157216367403,2.7002395706740336,0
2016-08-07 01:40:00,13.712390422119697,0.7648835862910086,0.02764226856955516,2.4446809454337903,0
2016-08-07 01:45:00,13.667335308159977,0.7578457072605917,0.026008039216537944,2.4446809454337903,0
2016-08-07 01:50:00,13.95451929493321,0.7476085631390372,0.025276481663948375,1.4515998459895885,0
2016-08-07 01:55:00,15.332531071400734,0.7760745534543614,0.030728332341242448,2.2200690631351576,0
2016-08-07 02:00:00,14.883831677060456,0.7773002987846872,0.02988443965059237,4.665818962757327,0
2016-08-07 02:05:00,13.85722801650435,0.7524954932766252,0.025344653868896956,4.665818962757327,0
2016-08-07 02:10:00,14.821212613774097,0.7546878063436072,0.025986784667992875,3.4822336830178418,0
2016-08-07 02:15:00,15.326404861709491,0.7491636074752245,0.024726589786015465,3.4822336830178418,0
2016-08-07 02:20:00,14.897426660587731,0.7547651058896739,0.02540950111011393,3.1660097227390556,0
2016-08-07 02:25:00,14.527868015208204,0.7570054962241244,0.026331771036571132,3.1660097227390556,0
2016-08-07 02:30:00,13.7619401645966,0.7518122819518066,0.026109924416689932,1.6623443783875314,0
2016-08-07 02:35:00,13.972420281935143,0.7704807165639852,0.028867279677287378,4.53300297378204,0
2016-08-07 02:40:00,14.60500236822289,0.7678373309466067,0.028103537998082927,4.53300297378204,0
2016-08-07 02:45:00,14.727374373628749,0.7395486140761056,0.02345464829253773,3.3102675435029916,0
2016-08-07 02:50:00,15.347329455284736,0.7311735658688852,0.022288327539172877,3.3102675435029916,0
2016-08-07 02:55:00,15.345724859413071,0.7403128319354415,0.023416555794252825,2.3389899330356334,0
2016-08-07 03:00:00,14.551830381610898,0.7397663228880336,0.023532157842668662,3.445901938195255,0
2016-08-07 03:05:00,14.686278489594827,0.730496197524003,0.02301703223459567,5.22744773903049,0
2016-08-07 03:10:00,15.512244219810844,0.7460366986305793,0.025402464431489864,5.22744773903049,0
2016-08-07 03:15:00,15.652185719740675,0.7516529040213661,0.025134961439521607,3.7905120361855142,0
2016-08-07 03:20:00,15.720149051922599,0.7512165880748899,0.024984489186468443,3.7905120361855142,0
2016-08-07 03:25:00,15.733938790781036,0.7611807469233048,0.02633664058014278,3.5697998738882855,0
2016-08-07 03:30:00,15.251758973003973,0.7479843433405572,0.02410795570971184,2.862869493223493,0
2016-08-07 03:35:00,14.914566265898605,0.7469405216674851,0.025122481329375022,2.862869493223493,0
2016-08-07 03:40:00,15.273841443190458,0.7549434413141767,0.025666646093618694,2.345615776644484,0
2016-08-07 03:45:00,15.597918537475996,0.748775591128934,0.023595092419033393,2.345615776644484,0
2016-08-07 03:50:00,15.701236076048028,0.7466223242092269,0.023545563385630925,2.5238275802034353,0
2016-08-07 03:55:00,15.727397323496902,0.7497206415323299,0.024184703151487096,2.5238275802034353,0
2016-08-07 04:00:00,15.367947568531056,0.7424771338194762,0.02324424844077507,2.5097982509084593,0
2016-08-07 04:05:00,16.12563406887468,0.7558359953112683,0.02791573376737714,10.762890394981806,0
2016-08-07 04:10:00,16.839209008693665,0.7567329825050597,0.02860241418676946,10.762890394981806,0
2016-08-07 04:15:00,16.3530919844225,0.7307999799100786,0.022256302720944497,2.5204138859145084,0
2016-08-07 04:20:00,15.855477067844035,0.7402794609284946,0.022940907591832854,2.375488885388374,0
2016-08-07 04:25:00,15.682236573590373,0.7530105055472789,0.024513784328044373,2.375488885388374,0
2016-08-07 04:30:00,15.870799152293865,0.7470892920779488,0.023984091015170017,1.7723218338085454,0
2016-08-07 04:35:00,16.325878627192697,0.7424579805807756,0.024778798924335283,3.117204399324716,0
2016-08-07 04:40:00,16.748114737211118,0.7550586560760438,0.026271141677842946,3.232838682581329,0
2016-08-07 04:45:00,16.496611818031095,0.7638106892759224,0.02651380761241385,4.499837345251657,0
2016-08-07 04:50:00,16.10178652943337,0.7542702779517345,0.025196034616521146,4.499837345251657,0
2016-08-07 04:55:00,16.036462917907123,0.7470589141448587,0.02352529846347442,2.232519493491638,0
2016-08-07 05:00:00,15.854676314748536,0.7360815447935605,0.022397728573411605,2.249458128520815,0
2016-08-07 05:05:00,15.990955461753845,0.7225719884785886,0.02110847393712915,2.249458128520815,0
2016-08-07 05:10:00,16.682663588397595,0.7242573912252785,0.02103167099554123,1.7579109387201426,0
2016-08-07 05:15:00,16.682647868483894,0.7380909047207757,0.022543612754659277,1.7579109387201426,0
2016-08-07 05:20:00,15.596610645140558,0.7464704305113015,0.024043141270352904,1.6673268030493988,0
2016-08-07 05:25:00,15.264069486517746,0.7487088947775596,0.024453007647304324,1.6448631644368936,0
2016-08-07 05:30:00,15.399534412926917,0.7516093854158659,0.024683454465717965,1.9761317372377996,0
2016-08-07 05:35:00,15.293201233101382,0.7458921416292019,0.023950194545059113,4.160145533748275,0
2016-08-07 05:40:00,16.0421459180377,0.7442814159006916,0.02349973474359103,4.160145533748275,0
2016-08-07 05:45:00,16.70350989086939,0.7534126397392161,0.024947913604073037,3.4533905813008325,0
2016-08-07 05:50:00,16.38334823428602,0.7562161135631942,0.025452684707432827,2.2447227079192054,0
2016-08-07 05:55:00,16.121427221260028,0.7519838838404683,0.024499828572772987,4.660914889755491,0
2016-08-07 06:00:00,15.360385665904019,0.738416304198972,0.022458627581803833,5.974998265802519,0
2016-08-07 06:05:00,14.687937194866189,0.7400314122417389,0.023585409434808757,5.974998265802519,0
2016-08-07 06:10:00,22.8494314084948,0.7833869435479501,0.030727781063055775,27.05380488096366,1
2016-08-07 06:15:00,22.684305373286225,0.7819824791480128,0.02975394594254127,27.05380488096366,1
2016-08-07 06:20:00,14.758552501173728,0.7506605081878441,0.024556191496674873,1.2879771622137293,0
2016-08-07 06:25:00,14.797584217103088,0.7386341351664307,0.023000846256746962,2.5631632630493084,0
2016-08-07 06:30:00,14.607268496551688,0.7640320892640483,0.02662920081137904,2.5631632630493084,1
2016-08-07 06:35:00,19.255415246930905,0.7734302676472956,0.02860456659400624,70.65666503585328,1
2016-08-07 06:40:00,29.914653138049935,0.7608936020847821,0.027608431585604453,70.65666503585328,1
2016-08-07 06:45:00,25.242516875397335,0.7576013984209788,0.026196806382958245,54.340849556097375,1
2016-08-07 06:50:00,14.994225776339558,0.739338744650236,0.02196410868168758,1.199118493825652,0
2016-08-07 06:55:00,15.743292507152201,0.7461869080011647,0.023512801955674505,3.0153672735821626,0
2016-08-07 07:00:00,15.280535256897982,0.7474520179137548,0.02456313278577663,4.449856097253315,0
2016-08-07 07:05:00,14.756243100449069,0.7394118884344851,0.02400075390453781,4.449856097253315,0
2016-08-07 07:10:00,15.148157060395132,0.7370641923837085,0.023838708594141764,2.4565368030955375,0
2016-08-07 07:15:00,15.350576460128789,0.7302897756592485,0.022522536519227084,3.7877843752811593,0
2016-08-07 07:20:00,15.514225888802708,0.7299349852162508,0.021992798573173704,3.7877843752811593,0
2016-08-07 07:25:00,15.522358649576805,0.7382800629246645,0.02267106187888244,2.4101345641398817,0
2016-08-07 07:30:00,15.697343412541192,0.7474659978886423,0.024481018409834392,2.4101345641398817,0
2016-08-07 07:35:00,15.879991278420494,0.7558424515926201,0.025391019439260688,2.5180052956639503,0
2016-08-07 07:40:00,16.054749726973846,0.7528060094435071,0.024400797661157096,2.5180052956639503,0
2016-08-07 07:45:00,17.234845850390627,0.7827655611020592,0.0297369843038086,4.459594833018751,1
2016-08-07 07:50:00,16.917881049967427,0.7819751353980873,0.029199689191266455,9.863175814461579,1
2016-08-07 07:55:00,15.515228278063415,0.7475188946332814,0.023312374920851493,9.863175814461579,1
2016-08-07 08:00:00,15.07980073614083,0.7407415697402451,0.023041154817913266,2.5939994282606627,0
2016-08-07 08:05:00,14.992617127491158,0.7470830327072393,0.02591198150975957,2.5939994282606627,0
2016-08-07 08:10:00,15.153503237510694,0.7518808088976559,0.02608877415277063,2.5121022347255644,0
2016-08-07 08:15:00,14.772303485466505,0.7478612351235525,0.02381965328497908,2.8481598134010544,0
2016-08-07 08:20:00,15.900858773031311,0.7895507963599455,0.036870597793360674,13.589956694532226,0
2016-08-07 08:25:00,16.372540100637835,0.7901281066410115,0.036474255004120146,13.589956694532226,0
2016-08-07 08:30:00,14.623180581767864,0.7498435603429048,0.024003323993501916,10.09471382957675,0
2016-08-07 08:35:00,14.162438527821456,0.746034466780527,0.023716536213794878,3.8819397536388944,0
2016-08-07 08:40:00,14.458936683603591,0.7507507610896754,0.024441984886035696,2.0802313607518843,0
2016-08-07 08:45:00,14.442440381879516,0.7510721992333373,0.0246714295222694,2.0802313607518843,0
2016-08-07 08:50:00,14.600547337430537,0.7650514450763374,0.027491993441807288,3.085807036521994,0
2016-08-07 08:55:00,14.79982673147413,0.7746814497488981,0.028319582890785566,3.085807036521994,0
2016-08-07 09:00:00,14.42542077797026,0.7509451377816501,0.02407474341384727,2.4699632913433636,0
2016-08-07 09:05:00,14.232532276788342,0.7403565933790661,0.024158593891244196,2.4699632913433636,0
2016-08-07 09:10:00,14.664351151801378,0.7581840658855133,0.028287619565703637,2.052245639355175,0
2016-08-07 09:15:00,14.847396686486443,0.7510090204005553,0.026681843555557767,1.6744056075228062,0
2016-08-07 09:20:00,14.60283711938203,0.7316617750072134,0.023513824714439864,1.9505773354394416,0
2016-08-07 09:25:00,14.442261124895856,0.7414447514566633,0.02568443231255214,2.0998115260879686,0
2016-08-07 09:30:00,14.436999331100953,0.7403968893602695,0.02554908346123168,3.1725161601400647,0
2016-08-07 09:35:00,14.213799531290594,0.7536075649325218,0.027427770816176623,3.1725161601400647,0
2016-08-07 09:40:00,14.475166985294734,0.7550688997229043,0.027472136374490735,3.3757892250218693,0
2016-08-07 09:45:00,14.587417090546662,0.7415313210797224,0.025402255276845604,3.3757892250218693,0
2016-08-07 09:50:00,14.431730063760224,0.759658979796126,0.028454596476098947,2.541816421829072,0
2016-08-07 09:55:00,13.993208464685399,0.7713256841457614,0.029747833560218085,1.6772355472363605,0
2016-08-07 10:00:00,13.198663171880288,0.7685624763969993,0.02916565670219624,1.927671489665534,0
2016-08-07 10:05:00,13.654720626740465,0.7816494350933062,0.034526496111209226,8.385068429256684,0
2016-08-07 10:10:00,14.144827445776329,0.7683660023896532,0.030981196961737834,8.385068429256684,0
2016-08-07 10:15:00,13.261531740640166,0.7451461552725562,0.02329386480661199,3.263380581622498,0
2016-08-07 10:20:00,12.659603345401635,0.7584419025249438,0.026036271227633905,3.263380581622498,0
2016-08-07 10:25:00,12.736228169380345,0.7678575462597405,0.02783346453046312,3.0128341903496705,0
2016-08-07 10:30:00,12.457969713102488,0.7628859787883715,0.027290914258029448,5.849477036799603,0
2016-08-07 10:35:00,12.391846087156013,0.7432674573328186,0.024557626819938245,5.849477036799603,0
2016-08-07 10:40:00,12.427618299393327,0.7421682817839101,0.02381340406878598,2.532048935187506,0
2016-08-07 10:45:00,12.165334712488455,0.7541102861998445,0.02507457405694651,2.532048935187506,0
2016-08-07 10:50:00,11.910038182285737,0.758741247699502,0.02548571962173656,1.9464443055762684,0
2016-08-07 10:55:00,12.013426217730139,0.7653611901853381,0.027022149039483783,1.9464443055762684,0
2016-08-07 11:00:00,11.45876616961239,0.7638914542617777,0.02725323505039324,1.2568515623326713,0
2016-08-07 11:05:00,11.025621686478646,0.7619283345714689,0.026852265969239814,2.4409363408666627,0
2016-08-07 11:10:00,11.94703278965782,0.7751574260476517,0.02844417661833592,2.4409363408666627,0
2016-08-07 11:15:00,12.42075884108623,0.7671884960575933,0.02722453371397878,2.15691107937318,0
2016-08-07 11:20:00,13.90572746220052,0.7743824467929487,0.03660016944601148,19.527068859524455,0
2016-08-07 11:25:00,13.953717548957258,0.7853931354970567,0.03834247812001791,19.527068859524455,0
2016-08-07 11:30:00,11.74023719122334,0.7651022175018771,0.02744924528964287,2.457927936178151,0
2016-08-07 11:35:00,11.292640605118873,0.7609431688159053,0.026503818909640393,2.457927936178151,0
2016-08-07 11:40:00,11.525271521999144,0.7677780427565717,0.027298551975935993,2.26113957635182,0
2016-08-07 11:45:00,11.27504351087033,0.7620714818788517,0.026624090025732607,1.7702970873838517,0
2016-08-07 11:50:00,11.649441146212087,0.7585545629741006,0.026407369200884868,2.150412369878636,0
2016-08-07 11:55:00,12.629499205885924,0.7901192980140372,0.03323629469701332,3.17683650121461,0
2016-08-07 12:00:00,12.079856611326495,0.7823793764569807,0.0324601214710834,3.17683650121461,0
2016-08-07 12:05:00,11.47447052218828,0.7614786653113871,0.027262294164286112,1.4918590540858065,0
2016-08-07 12:10:00,11.9900177702817,0.7692634587391755,0.027540762564540876,1.4918590540858065,0
2016-08-07 12:15:00,12.13845211895152,0.769540831987511,0.027217462063165686,1.1717934448895724,0
2016-08-07 12:20:00,12.180924026242554,0.785030231993575,0.02963762702042161,2.040568200798246,0
2016-08-07 12:25:00,12.322438755208449,0.798369146078523,0.032848639222454366,2.5272362733696943,0
2016-08-07 12:30:00,12.004513390505293,0.7906314443640848,0.031735551896384676,2.5272362733696943,0
2016-08-07 12:35:00,11.805818790498178,0.7767201441859699,0.02898806335547548,2.9192045334111367,0
2016-08-07 12:40:00,11.977003003200839,0.7703851187569717,0.028278447633752302,2.9192045334111367,0
2016-08-07 12:45:00,12.059725299906265,0.7721166100717637,0.02855696975121132,2.5905688139045577,0
2016-08-07 12:50:00,12.207088462024549,0.7714972344631099,0.028362282769924717,2.5905688139045577,0
2016-08-07 12:55:00,12.14797617948031,0.7693473381096886,0.027441737286040886,1.8164528470462655,0
2016-08-07 13:00:00,12.054905790650826,0.7957015186899212,0.034658788787434544,5.703093955071141,0
2016-08-07 13:05:00,11.690051253862247,0.7905778762259121,0.034070372513635476,5.703093955071141,0
2016-08-07 13:10:00,11.655996742486623,0.7613884376519382,0.026332753687919326,4.244094399871023,0
2016-08-07 13:15:00,11.743012084396664,0.7670101369176006,0.026262572809094296,4.244094399871023,0
2016-08-07 13:20:00,11.679802240683713,0.7684269824143006,0.02653528287403082,2.0631863265391077,0
2016-08-07 13:25:00,12.137347505229016,0.7777845823869396,0.028981552911409726,2.201179174584373,0
2016-08-07 13:30:00,12.61749700314798,0.7873980930577779,0.030861548125712086,3.595478127431603,0
2016-08-07 13:35:00,12.736230871883082,0.7868790322938323,0.03146165160151714,3.595478127431603,0
2016-08-07 13:40:00,13.085249751359473,0.7885522026957088,0.032157164765273596,2.3234730570422415,0
2016-08-07 13:45:00,13.632229302192687,0.7775223850986579,0.030808397231645007,2.0732993126894086,0
2016-08-07 13:50:00,13.21736012770323,0.7644572409641067,0.027679349791753738,2.484461349836912,0
2016-08-07 13:55:00,12.776139545667439,0.7694107171121021,0.02745795666228005,2.484461349836912,0
2016-08-07 14:00:00,12.33814643580931,0.7738672346245359,0.028266557009290455,2.764398119986284,0
2016-08-07 14:05:00,12.0960372699682,0.7653285890885442,0.02637823563842114,2.764398119986284,0
2016-08-07 14:10:00,12.598291035180175,0.755096150342313,0.025023291504718086,3.0784148336407116,0
2016-08-07 14:15:00,12.854831130496468,0.7642043500937051,0.026705289299578338,3.0784148336407116,0
2016-08-07 14:20:00,12.858049021608878,0.7699538099883287,0.027276282200072555,1.4730853897683736,0
2016-08-07 14:25:00,12.555952315304534,0.7678191639252848,0.026812960468697956,1.3244356376564965,0
2016-08-07 14:30:00,12.482408862574516,0.7764575619533435,0.028581183999489623,1.8492985236393011,0
2016-08-07 14:35:00,12.855997291665897,0.7794352878896402,0.029721852420259716,1.8492985236393011,0
2016-08-07 14:40:00,13.231774919794466,0.7674761178360522,0.027894555269734243,3.3961547018259766,0
2016-08-07 14:45:00,13.098383853081236,0.7556497587759087,0.02561420817694305,3.3961547018259766,0
2016-08-07 14:50:00,12.682844938448124,0.7618820434087297,0.026182303634968745,2.3920816856120384,0
2016-08-07 14:55:00,12.419869176187033,0.769672964554203,0.027126224059523158,2.0550520273533626,0
2016-08-07 15:00:00,12.1766147538281,0.7621198364685386,0.026577364675378114,0.7627853997749612,0
2016-08-07 15:05:00,11.835627895559863,0.767987426638005,0.027876518936972062,0.8522552996820603,0
2016-08-07 15:10:00,11.87392935217308,0.7738031162433513,0.028497538335269045,1.0346424129810086,0
2016-08-07 15:15:00,12.150589219490238,0.7911532089622781,0.032634182555068315,2.3973765846323243,0
2016-08-07 15:20:00,12.013972633805718,0.79564406575605,0.03324791292957379,2.3973765846323243,0
2016-08-07 15:25:00,12.100161456797135,0.7735626018238415,0.029007216074880476,2.8456404136250204,0
2016-08-07 15:30:00,12.116487093679007,0.7787118968474266,0.029696062475233688,4.659094644541485,0
2016-08-07 15:35:00,11.65481287755542,0.7728051275202557,0.028268109947912495,4.659094644541485,0
2016-08-07 15:40:00,11.889597121113587,0.7698153697053239,0.028235304968502812,2.902433025501899,0
2016-08-07 15:45:00,12.075561105857783,0.7831134220565955,0.02908996510933178,2.902433025501899,0
2016-08-07 15:50:00,11.649995743085688,0.7860778384642357,0.028978458100201155,0.9458604380972101,0
2016-08-07 15:55:00,12.034223483192529,0.7837101446268311,0.029704103331032718,1.9391398741115724,0
2016-08-07 16:00:00,11.60513255953659,0.7774532559872259,0.028934676398650057,2.2564773490887426,0
2016-08-07 16:05:00,10.93321988670959,0.778023608342672,0.028431613503752597,2.2564773490887426,0
2016-08-07 16:10:00,11.291053839041997,0.7904978915354067,0.029767211370414305,1.9747448002340704,0
2016-08-07 16:15:00,11.480771951870723,0.7943089636022951,0.0310196672297836,1.7048852326766664,0
2016-08-07 16:20:00,11.623876383606321,0.8016020637509385,0.031977252284256706,2.339873991705515,0
2016-08-07 16:25:00,11.99498804298477,0.8000429106436684,0.03174086063011426,2.339873991705515,0
2016-08-07 16:30:00,12.259587615797482,0.8100023743313504,0.03415179253474184,1.5354568125065031,0
2016-08-07 16:35:00,12.403775533530586,0.8568587287668789,0.04224278307456959,1.9125991016034232,0
2016-08-07 16:40:00,12.4863760953785,0.8542760886176276,0.04184641635462992,1.9125991016034232,0
2016-08-07 16:45:00,12.199883472404204,0.797348446133165,0.031937328598061546,2.757032286375634,0
2016-08-07 16:50:00,11.881762250245714,0.7693635499299483,0.027554089368877953,2.757032286375634,0
2016-08-07 16:55:00,11.762852298613577,0.7634648952912655,0.02738406568268371,1.1339680681049604,0
2016-08-07 17:00:00,10.990976975420567,0.7605114824667741,0.026872496781828802,1.620393022484791,0
2016-08-07 17:05:00,10.323169349735915,0.7746106326447675,0.028405127822669705,1.620393022484791,0
2016-08-07 17:10:00,10.960743263347585,0.7763532267089183,0.028757944820403992,2.6059513963622805,0
2016-08-07 17:15:00,11.117232677617736,0.7911169702991788,0.030395980669010652,2.6059513963622805,0
2016-08-07 17:20:00,11.120907214993524,0.7987987265419754,0.031332893678108584,1.8869160188448095,0
2016-08-07 17:25:00,11.27755534012362,0.7931895088942763,0.030586650771695915,3.523488547964495,0
2016-08-07 17:30:00,10.966831931164123,0.7938221537974545,0.030215734430820228,3.523488547964495,0
2016-08-07 17:35:00,10.884311737787286,0.7771309368160533,0.028418180185485736,1.6653846392993763,0
2016-08-07 17:40:00,10.992850613860771,0.7786929984153906,0.028310907502090858,1.6653846392993763,0
2016-08-07 17:45:00,10.838397057142522,0.7833312938209209,0.028192298488297202,3.124215277539794,0
2016-08-07 17:50:00,10.60847509512861,0.7927929636745926,0.02994175624896811,3.124215277539794,0
2016-08-07 17:55:00,10.524053027557745,0.7980043930858549,0.030578214106033647,1.8742859792217303,0
2016-08-07 18:00:00,10.300982364850675,0.7934445735142281,0.030117184249016014,2.6695848950783407,0
2016-08-07 18:05:00,10.02353849475259,0.7867924450978694,0.029634728532185024,2.6695848950783407,0
2016-08-07 18:10:00,10.16176990137819,0.7858854933974084,0.029646373918689628,2.3129121558489762,0
2016-08-07 18:15:00,10.517098441047063,0.7948757891357602,0.030008252151922765,1.8465982128130825,0
2016-08-07 18:20:00,10.640907487439893,0.7939853550097731,0.02892019889754917,2.1455068695349633,0
2016-08-07 18:25:00,10.658625184001206,0.7955065827676489,0.030017331345594013,2.771065338165721,0
2016-08-07 18:30:00,10.731856545112985,0.8097445901180985,0.03357773498843344,3.9080278184732853,0
2016-08-07 18:35:00,10.509228116384508,0.8113590563315105,0.033135408388189715,3.9080278184732853,0
2016-08-07 18:40:00,10.41661835901447,0.8033078430471338,0.030303668263543117,3.9833013755481455,0
2016-08-07 18:45:00,10.286221032158748,0.8150723196803796,0.03211851127561903,3.9833013755481455,0
2016-08-07 18:50:00,10.108854097520052,0.8117475516299798,0.03207127922041184,2.2196045128248834,0
2016-08-07 18:55:00,10.023018308178465,0.799015546250742,0.030471158795897103,2.2196045128248834,0
2016-08-07 19:00:00,9.51261277450498,0.7985111891702436,0.030923067499018603,1.6899202968376823,0
2016-08-07 19:05:00,9.977866010116973,0.8032415683876899,0.032092396808931306,1.1275305812209477,0
2016-08-07 19:10:00,10.65480271137563,0.7989399133705569,0.03198652681728006,1.1820928742736594,0
2016-08-07 19:15:00,10.889138934655612,0.8232166018416828,0.04041229314750524,6.8810407461316885,0
2016-08-07 19:20:00,10.99491061239801,0.8276471177096856,0.040200219364493674,6.8810407461316885,0
2016-08-07 19:25:00,10.45024283463622,0.7971920303569122,0.02968587459214562,2.814341288100939,0
2016-08-07 19:30:00,9.789883409522265,0.7841447432022913,0.02835593475597458,2.814341288100939,0
2016-08-07 19:35:00,9.65308377096925,0.7809343964526785,0.028822368281995664,2.1878571960732316,0
2016-08-07 19:40:00,9.791573714931857,0.7859823427521098,0.02962686079158284,2.1878571960732316,0
2016-08-07 19:45:00,9.811983105862655,0.7815737954079605,0.02891206352568995,1.0433786489447192,0
2016-08-07 19:50:00,10.001502906806735,0.7846209586104952,0.028747470959927985,1.2336150954831997,0
2016-08-07 19:55:00,10.112480366083313,0.8080649469177711,0.03124501411414641,1.8364906690847946,1
2016-08-07 20:00:00,10.295571358610143,0.8258122789576119,0.03474688498583524,3.4207986544083995,1
2016-08-07 20:05:00,10.78899157749836,0.8148131864434032,0.03517673079186603,5.952783121939952,1
2016-08-07 20:10:00,12.965131925254138,0.8174422119542378,0.03602211378207158,7.990447304391594,1
2016-08-07 20:15:00,12.877274196581002,0.7984275106292463,0.03282242156481032,7.990447304391594,1
2016-08-07 20:20:00,12.07433972819446,0.8104179665317947,0.034168835240314124,3.8057901804554946,1
2016-08-07 20:25:00,13.405713644838055,0.8573850160083074,0.04156601047187089,7.1689965778496525,1
2016-08-07 20:30:00,12.160041569910911,0.8266340690004714,0.036379769529145,7.1689965778496525,1
2016-08-07 20:35:00,11.818131407936386,0.7937565951234815,0.031215925599645877,16.458695412661434,1
2016-08-07 20:40:00,16.672680264827754,0.8233660884790704,0.03870279734510277,18.997431605108495,1
2016-08-07 20:45:00,18.729419349802534,0.8267235989723442,0.03892446308037355,47.31027381489716,1
2016-08-07 20:50:00,26.609005578993287,0.7991916773543386,0.03365543275663848,51.18148524889311,1
2016-08-07 20:55:00,24.060552067118568,0.796372647402646,0.034523844941002385,51.18148524889311,1
2016-08-07 21:00:00,11.031769066175977,0.7800158242801964,0.030234953031840327,1.666511434197352,1
2016-08-07 21:05:00,10.299504513636794,0.7751122843698477,0.02811137068585722,3.321795622078717,1
2016-08-07 21:10:00,11.161318031378729,0.7775315199608633,0.02881076703868638,3.3326454999577533,1
2016-08-07 21:15:00,11.312403979869831,0.7669305052544678,0.02717515352396242,3.3326454999577533,1
2016-08-07 21:20:00,11.252969403826594,0.7694422925287143,0.027063560222712606,3.851671651418554,1
2016-08-07 21:25:00,12.072730433008148,0.7930341536358763,0.030761473380570985,3.851671651418554,1
2016-08-07 21:30:00,11.890883283531661,0.8150925733840887,0.03530962879384074,4.45853673835391,1
2016-08-07 21:35:00,11.163034785622177,0.7938601502692466,0.03180080780812866,4.45853673835391,1
2016-08-07 21:40:00,11.146353230808765,0.7860741999935348,0.029156500609247304,2.1042824310505592,1
2016-08-07 21:45:00,11.389075544879779,0.7862363462835728,0.02930884349902619,3.612952229269207,1
2016-08-07 21:50:00,10.86312017216366,0.7447873384774961,0.02568214782233517,3.612952229269207,1
2016-08-07 21:55:00,11.210228456480769,0.7657309593678127,0.03080527644166342,3.124732391955893,1
2016-08-07 22:00:00,11.764156633956885,0.8116654440965614,0.036536433496761,3.124732391955893,1
2016-08-07 22:05:00,11.42240572769225,0.8088570384537925,0.03503380612730183,3.3822336848718964,0
2016-08-07 22:10:00,11.773762434115602,0.7857269136899221,0.03151569116369634,3.3822336848718964,0
2016-08-07 22:15:00,11.903845535601816,0.7854687318995419,0.03181660685151336,3.3765573725740765,0
2016-08-07 22:20:00,11.691114394134058,0.7876832729028798,0.031441684476243056,1.8469589520003629,0
2016-08-07 22:25:00,12.109215450196785,0.7720700226276158,0.028323380144033322,2.230255248688965,0
2016-08-07 22:30:00,13.013557557517728,0.8356359315475048,0.04149257159515062,2.8335975734754077,0
2016-08-07 22:35:00,12.448419570969943,0.8451058886733613,0.043000281770452564,3.7282457082211145,0
2016-08-07 22:40:00,11.299776295597056,0.7904230305752321,0.030990358108929243,3.7282457082211145,0
2016-08-07 22:45:00,11.477059538936677,0.7825486375223437,0.02904018056222558,3.165477278913889,0
2016-08-07 22:50:00,12.503319958730668,0.765847503218319,0.027050591795578623,3.165477278913889,0
2016-08-07 22:55:00,13.220250191468892,0.7531599888031967,0.025386120880879805,3.0047924752340913,0
2016-08-07 23:00:00,12.597183819572573,0.7746674958182876,0.028842890831619405,3.2181309799162277,0
2016-08-07 23:05:00,12.272439772840986,0.7628251768477091,0.02816225129694914,3.2181309799162277,0
2016-08-07 23:10:00,13.001058150959881,0.7399004372320951,0.025409310675986015,3.8237927393721187,0
2016-08-07 23:15:00,13.077810744587463,0.7473373522910721,0.025402770989648576,3.8237927393721187,0
2016-08-07 23:20:00,12.324347271715009,0.7650121029170205,0.02686052572959082,4.3700122854772685,0
2016-08-07 23:25:00,12.383754837599975,0.7764940656004954,0.028465852346947484,4.3700122854772685,0
2016-08-07 23:30:00,12.391194431718596,0.7689207902370396,0.026974586794593358,2.2214595869039506,0
2016-08-07 23:35:00,12.613069719509408,0.7699041750279118,0.02746113400908464,2.2214595869039506,0
2016-08-07 23:40:00,13.753370591141623,0.784584788779321,0.03509808520360342,8.267101885670348,0
2016-08-07 23:45:00,13.971011996222217,0.7898796113064581,0.036577265688781356,8.267101885670348,0
2016-08-07 23:50:00,13.690516411548888,0.7917735405796027,0.032705674424793545,3.210868975814902,0
2016-08-07 23:55:00,13.248378103847804,0.786762565913395,0.030927433895287182,2.2523433581038828,0
2016-08-08 00:00:00,12.696205870244132,0.7765849063340788,0.02924383198027484,2.2523433581038828,0
2016-08-08 00:05:00,12.649237418917606,0.7665081128968323,0.027834557648354807,2.984395258184773,0
2016-08-08 00:10:00,13.005917296452449,0.753832568248486,0.025036716057255114,2.984395258184773,0
2016-08-08 00:15:00,13.138350247957613,0.7553534004554394,0.025139660626496547,2.995945991004835,0
2016-08-08 00:20:00,13.306492179183106,0.7515053129953835,0.02446618728044198,2.995945991004835,0
2016-08-08 00:25:00,13.388972796996317,0.7442719451630143,0.02362250542309787,2.870638362592654,0
2016-08-08 00:30:00,13.403476063922653,0.7473443006731422,0.02463557665485476,3.0210150138454757,0
2016-08-08 00:35:00,14.365290659537274,0.7542420519930407,0.02578643160956373,3.0210150138454757,0
2016-08-08 00:40:00,14.759481553720946,0.7555936479184411,0.025799402689015045,3.090883429949855,0
2016-08-08 00:45:00,13.906300838882078,0.7517890179546696,0.02498796344463643,3.090883429949855,0
2016-08-08 00:50:00,13.515231851044579,0.7535043199687472,0.02544732360959434,2.9392873993919193,0
2016-08-08 00:55:00,13.895256108664995,0.7590455510316408,0.02686272706165808,4.940092102442986,0
2016-08-08 01:00:00,13.270631543919484,0.7547761180416357,0.0264943463861196,4.940092102442986,0
2016-08-08 01:05:00,11.758907404081299,0.7577269608857573,0.026778443229206934,3.006049371862697,0
2016-08-08 01:10:00,11.91063767301317,0.7613053674196598,0.02796538844668815,2.967878856451083,0
2016-08-08 01:15:00,12.873391834984798,0.7500253747967465,0.026060082459821332,2.967878856451083,0
2016-08-08 01:20:00,12.870818532322525,0.7421717979903559,0.02352957083876526,2.5000661686392758,0
2016-08-08 01:25:00,13.338006822208627,0.7533895843353227,0.026606363092550357,2.0482679599938023,0
2016-08-08 01:30:00,14.16254431344907,0.7642168432309102,0.02925789850505615,3.9654188852047554,0
2016-08-08 01:35:00,14.607906940311974,0.766363739958236,0.02829491938212019,3.9654188852047554,0
2016-08-08 01:40:00,14.759796772774644,0.759305662924643,0.027491091094588423,1.8901210776092834,0
2016-08-08 01:45:00,13.671352055982203,0.7389074823174921,0.025156048279994764,2.1486576131434645,0
2016-08-08 01:50:00,12.508330746231394,0.7241912242114457,0.02288437090724945,2.1486576131434645,0
2016-08-08 01:55:00,12.421149700314922,0.7257069222188324,0.023102995929869398,1.6395184067182318,0
2016-08-08 02:00:00,12.233072257872697,0.7515873546879503,0.028590627190833006,3.8302393828839483,0
2016-08-08 02:05:00,12.053617718985663,0.7415424909687188,0.028119557030598107,3.8302393828839483,0
2016-08-08 02:10:00,12.485997199102448,0.7213458421852741,0.023561757079002443,2.251365645552283,0
2016-08-08 02:15:00,13.553976577791374,0.7263514948848424,0.024025221181973973,2.649977387415808,0
2016-08-08 02:20:00,13.850272635300309,0.7131580144702802,0.022291379393608892,2.649977387415808,0
2016-08-08 02:25:00,13.95932276291291,0.7171262733329926,0.022189834664011265,1.4163343207529187,0
2016-08-08 02:30:00,14.005310383916983,0.72362054699453,0.02281029425846266,2.4317947015210777,0
2016-08-08 02:35:00,13.433451538011889,0.7152368436371486,0.0218429822288101,2.4317947015210777,0
2016-08-08 02:40:00,13.068879644368128,0.7124336778706353,0.020697726476767535,1.6073451344343253,0
2016-08-08 02:45:00,12.616275377550505,0.7242454441327504,0.021830636623683987,2.210212452015675,0
2016-08-08 02:50:00,12.540284427525853,0.7262195555224845,0.022678238176013523,2.210212452015675,0
2016-08-08 02:55:00,12.603498109572552,0.7180917095087251,0.021250385754105167,2.9486670076506556,0
2016-08-08 03:00:00,12.334723593021106,0.7259257025450285,0.021667277141153577,2.9486670076506556,0
2016-08-08 03:05:00,12.96103906247067,0.7353204754860982,0.022840094988065045,2.3957966162289286,0
2016-08-08 03:10:00,13.862449506471933,0.7339147457013074,0.022868249793262522,2.4901501218517543,0
2016-08-08 03:15:00,13.967422263601687,0.7469869192486693,0.025857511942007694,2.7465359944080343,0
2016-08-08 03:20:00,13.945060843035455,0.74122469729208,0.02518636861032105,2.7465359944080343,0
2016-08-08 03:25:00,13.878470811466471,0.726987548916914,0.022717480123171558,2.957717074424992,0
2016-08-08 03:30:00,13.734585953134077,0.7353739769060734,0.024181631507772115,2.957717074424992,0
2016-08-08 03:35:00,14.014419709132898,0.7328342904415801,0.022994938819506656,2.936307285287822,0
2016-08-08 03:40:00,14.332356212488088,0.7304814810758005,0.02199848044295915,2.53217195370329,0
2016-08-08 03:45:00,14.412875866468003,0.7301444722165766,0.02220446027263456,1.7825549275786055,0
2016-08-08 03:50:00,14.433669415990414,0.740490412669118,0.023753814791186625,1.708471459294982,0
2016-08-08 03:55:00,14.54477760463464,0.7514759695663449,0.02541455274342619,2.8419432128876765,0
2016-08-08 04:00:00,14.144464292430644,0.7376579403407328,0.02404038753113425,3.4153640426342387,0
2016-08-08 04:05:00,13.888240110263629,0.7342644789059398,0.023383365487792233,3.4153640426342387,0
2016-08-08 04:10:00,14.400372156020975,0.7392959972183987,0.023351054396584033,3.2590947014242118,0
2016-08-08 04:15:00,14.83385660734162,0.743000537224918,0.02380645648855717,2.6859738662750923,0
2016-08-08 04:20:00,15.169522249487954,0.7457457933853336,0.024036755548424854,2.6859738662750923,0
2016-08-08 04:25:00,15.287456622263553,0.7456971504232588,0.023768790590627448,1.9159466627116464,0
2016-08-08 04:30:00,14.791650963112982,0.7447578524071387,0.02370439388556722,3.223215301068602,0
2016-08-08 04:35:00,14.994012535536175,0.7486362895970902,0.024495712321809783,3.365597417347464,0
2016-08-08 04:40:00,15.344516099922064,0.7500809069833223,0.02416180048379116,3.4668707291174177,0
2016-08-08 04:45:00,14.799541950653538,0.7505827324233285,0.024643965820895685,3.4668707291174177,0
2016-08-08 04:50:00,14.795275362307745,0.7578381104469042,0.02614083565342229,1.9972174097224753,0
2016-08-08 04:55:00,15.158227416399805,0.756252442919406,0.02511191428070873,1.984509688843194,0
2016-08-08 05:00:00,14.761439401425713,0.7440406844553945,0.02382013523957101,4.229151246022776,0
2016-08-08 05:05:00,13.94766649894315,0.747289932253549,0.025737308262872842,4.229151246022776,0
2016-08-08 05:10:00,13.964947183570235,0.7586000254681649,0.027372979842591277,3.507321883215975,0
2016-08-08 05:15:00,13.707922368473268,0.745139481272959,0.024697562202397168,1.5638985692745868,0
2016-08-08 05:20:00,13.670429929142202,0.7332355609903417,0.02376048195639775,1.832249594836332,0
2016-08-08 05:25:00,14.321339989610951,0.7383418014429501,0.025301929730798266,2.627742456909962,0
2016-08-08 05:30:00,13.944021783074433,0.7373625663693617,0.024897073433823344,4.004812725238889,0
2016-08-08 05:35:00,13.512293761569122,0.7527621879624762,0.026130107987292584,4.040195870306697,0
2016-08-08 05:40:00,14.041727782003147,0.7641678422215408,0.027008816196162373,4.040195870306697,0
2016-08-08 05:45:00,14.625552110142744,0.7494588471152908,0.024954973550098517,2.301396893139171,0
2016-08-08 05:50:00,14.707645512546103,0.7436542704656013,0.0242828610951393,3.3672563117113414,0
2016-08-08 05:55:00,14.767368790506017,0.7475056492883443,0.02469802831635841,3.3672563117113414,0
2016-08-08 06:00:00,14.609523990507796,0.7477100657416613,0.024604789702350523,2.1921047782835377,0
2016-08-08 06:05:00,14.267136730959649,0.7373917260108469,0.023907632527156813,2.226314596969682,0
2016-08-08 06:10:00,15.139031930874498,0.736564758307309,0.02421630906834088,2.226314596969682,0
2016-08-08 06:15:00,15.843528570140114,0.7361055660725018,0.023868480491875725,1.9374259267996163,0
2016-08-08 06:20:00,15.43119187910492,0.7382535156841628,0.023741627508306502,2.2432539831508196,0
2016-08-08 06:25:00,14.670835117722243,0.7345488408382626,0.022270621557265013,4.1695675545641855,0
2016-08-08 06:30:00,14.422601352264712,0.7321404857375446,0.022085122314104925,4.1695675545641855,0
2016-08-08 06:35:00,15.18937083285636,0.7390230724884661,0.0230277628380575,4.0623768306958254,0
2016-08-08 06:40:00,15.38553836752973,0.7514403324153771,0.02558396059925505,2.6964331071076653,0
2016-08-08 06:45:00,15.015687916656805,0.756368764238332,0.026722760006240798,2.912648455946901,0
2016-08-08 06:50:00,14.641355370383707,0.7423716481116102,0.023923346430301785,4.669368891314937,0
2016-08-08 06:55:00,14.295170496983038,0.7331327562105362,0.02373409204671464,4.669368891314937,0
2016-08-08 07:00:00,13.510375991305049,0.7293490590931317,0.024249440123000586,4.1485182240722756,0
2016-08-08 07:05:00,12.850747494092255,0.7225264771017857,0.022760104268854726,4.1485182240722756,0
2016-08-08 07:10:00,13.249180164849713,0.7209884849750698,0.021546721816055592,2.454267943282514,0
2016-08-08 07:15:00,13.546814979820454,0.7251522384329282,0.022086999910062865,1.647904421544767,0
2016-08-08 07:20:00,13.488818782098358,0.729785540832579,0.02351688874088222,1.647904421544767,0
2016-08-08 07:25:00,13.401553895242198,0.7315087158623701,0.0236191705851233,3.8087116860988246,0
2016-08-08 07:30:00,14.029412234412922,0.7335069172463189,0.023384654205459283,3.8087116860988246,0
2016-08-08 07:35:00,13.994229251033275,0.749629422049731,0.026216176608694214,3.00011095880836,0
2016-08-08 07:40:00,13.33903743062209,0.7636803528447194,0.029285056374488076,3.00011095880836,0
2016-08-08 07:45:00,12.726288840341045,0.7456444710298142,0.026498538142921947,1.5721352666889712,0
2016-08-08 07:50:00,12.008963227934299,0.7190431644477095,0.022113642353955215,1.43019437523678,0
2016-08-08 07:55:00,11.769024122744538,0.7193151783043957,0.022094213434360473,1.2893494999352515,0
2016-08-08 08:00:00,11.217248410422174,0.734671065352631,0.024693802998902125,2.239880532659076,0
2016-08-08 08:05:00,10.914670913994877,0.7751025717104882,0.03128989389715757,2.239880532659076,0
2016-08-08 08:10:00,10.763143485988808,0.7811187550738218,0.03205293598780878,2.13022199852069,0
2016-08-08 08:15:00,10.489933861168762,0.7613321559211417,0.028038283812698062,1.4330471465985488,0
2016-08-08 08:20:00,14.266389367205013,0.7916047102955509,0.032755176216380445,61.96012006719359,1
2016-08-08 08:25:00,25.106033842595235,0.8160806412160944,0.03736700951541362,61.96012006719359,1
2016-08-08 08:30:00,20.87564859767908,0.8210050328371125,0.036960504780328356,38.52864397568938,1
2016-08-08 08:35:00,10.445293983042625,0.824462416991166,0.03608397916715782,5.547410847332396,1
2016-08-08 08:40:00,10.328407650997338,0.7875154504613249,0.03077523954488955,5.547410847332396,1
2016-08-08 08:45:00,9.59836300617647,0.7847843132746316,0.030704784730695923,2.227361884267605,0
2016-08-08 08:50:00,9.914084979656238,0.8176060314805371,0.034600076410330555,2.337113538851942,1
2016-08-08 08:55:00,10.26289317340252,0.8322105075625994,0.038035055214844474,2.337113538851942,1
2016-08-08 09:00:00,11.7520246687704,0.8381604639672533,0.04137005755927499,24.120175369211125,1
2016-08-08 09:05:00,15.106455982580346,0.8487262234069353,0.04531618293813243,24.120175369211125,1
2016-08-08 09:10:00,13.467128089520491,0.816334825270999,0.038601672239787235,21.384363154248078,1
2016-08-08 09:15:00,9.785841841973914,0.7699128097840013,0.027762857491009756,1.6601870345019765,0
2016-08-08 09:20:00,9.40903681343832,0.7880318803263862,0.03110915182488022,1.6601870345019765,0
2016-08-08 09:25:00,9.34823323057994,0.8087118338946988,0.03488114961396408,1.3236055552870094,0
2016-08-08 09:30:00,12.971058668035587,0.847140792798724,0.042827485094578364,14.395221824392001,1
2016-08-08 09:35:00,13.431791463186977,0.8463426807409785,0.04270659176783045,14.395221824392001,1
2016-08-08 09:40:00,10.097316331732886,0.795996367441409,0.03219109367056562,2.970101953048308,0
2016-08-08 09:45:00,10.66198849098227,0.8148210623096508,0.036080539151530346,5.190668911663776,1
2016-08-08 09:50:00,11.412611403177042,0.841889012084617,0.039166623275288685,5.190668911663776,1
2016-08-08 09:55:00,10.250506806343783,0.8173653284311297,0.03432588523706105,4.084106816306527,1
2016-08-08 10:00:00,9.83014486111765,0.8202897037766368,0.03642931250835859,3.9688824816454114,0
2016-08-08 10:05:00,10.378174004942728,0.8212593485501991,0.035505383004091035,3.9688824816454114,0
2016-08-08 10:10:00,10.437310804168638,0.8266273895514638,0.03634115317315895,4.647198458547277,0
2016-08-08 10:15:00,10.179089996443555,0.8324768030661223,0.03729713246892033,4.647198458547277,0
2016-08-08 10:20:00,10.060148079045373,0.8180974055698225,0.03362915548142413,3.7528413770382896,0
2016-08-08 10:25:00,10.101648755294349,0.820215056248047,0.03346751151460269,1.377624889314019,0
2016-08-08 10:30:00,10.30030440376918,0.806071603116823,0.032657394932383996,2.929751809591781,0
2016-08-08 10:35:00,10.174402306647286,0.8000182592272497,0.032855919294741597,2.929751809591781,0
2016-08-08 10:40:00,9.890803739707717,0.8043868800138843,0.03282528676378323,2.8278321313578467,0
2016-08-08 10:45:00,10.398194814304395,0.8232339954147043,0.03556072949759537,5.495852946831887,0
2016-08-08 10:50:00,10.363895362004259,0.8267387323337478,0.0361489665759889,5.495852946831887,0
2016-08-08 10:55:00,9.954202554834913,0.8153086803154024,0.03512394278116788,2.1952029986541794,0
2016-08-08 11:00:00,10.332947993262941,0.8290182541541131,0.03689075836789894,2.1559039078718585,0
2016-08-08 11:05:00,10.298907088519755,0.8174036788092551,0.03438933429179787,2.1559039078718585,0
2016-08-08 11:10:00,10.326662694693933,0.814634469069836,0.034722358835902224,2.3617797148168918,0
2016-08-08 11:15:00,10.507279996258793,0.8290764426415699,0.03749254277409242,2.8160666970497577,0
2016-08-08 11:20:00,10.218456662146249,0.824308430391169,0.03659312082894851,2.8160666970497577,0
2016-08-08 11:25:00,9.895921978387932,0.8072633320697937,0.03380087250654335,1.7888243842899851,0
2016-08-08 11:30:00,9.934738229663676,0.8105551183248196,0.03463675378700104,2.7288138037543086,0
2016-08-08 11:35:00,9.804985108265733,0.8180781796094012,0.035708062536199396,2.7288138037543086,0
2016-08-08 11:40:00,9.580998180227187,0.8018890149502702,0.03312621721907981,3.2493597569614248,0
2016-08-08 11:45:00,10.02970214651655,0.8031754218285055,0.03279528668368188,3.2493597569614248,0
2016-08-08 11:50:00,10.197576703806522,0.7985463621882882,0.0313325667595882,3.0662832221590928,0
2016-08-08 11:55:00,9.667224633976844,0.7904153565681495,0.030446985500114442,3.013605891367517,0
2016-08-08 12:00:00,9.754042736785724,0.7853681701981525,0.030833435551039772,3.013605891367517,0
2016-08-08 12:05:00,10.231400738986554,0.773254232060447,0.029626879850031547,2.4495523709854834,0
2016-08-08 12:10:00,10.004183042932372,0.7850647427209485,0.031380781331839996,1.7899454258932865,0
2016-08-08 12:15:00,9.766556920284575,0.8041026503504793,0.03335737684535735,2.599269928772504,0
2016-08-08 12:20:00,10.501318129824565,0.8069633309883533,0.032159679173332165,2.599269928772504,0
2016-08-08 12:25:00,11.502542268235052,0.8272284323100392,0.03563952772918948,2.8793208725787482,0
2016-08-08 12:30:00,11.346244829719375,0.8598691795958726,0.04302993910567908,3.6206279756362343,0
2016-08-08 12:35:00,10.293487972496262,0.8358629500005914,0.04063163894753127,3.6206279756362343,0
2016-08-08 12:40:00,9.810726802886652,0.8110229914170418,0.03550250735512699,3.3669895278702495,0
2016-08-08 12:45:00,9.858748528636953,0.8128452288471705,0.03460237687027272,3.3669895278702495,0
2016-08-08 12:50:00,9.346201760238992,0.7969118273953111,0.032535582097837704,2.588039480560929,0
2016-08-08 12:55:00,9.024297299815137,0.7961699467868588,0.03191390831020481,2.588039480560929,0
2016-08-08 13:00:00,9.782377396959758,0.7889179352928567,0.03040086132548101,1.932285060887459,0
2016-08-08 13:05:00,10.516185837310593,0.8039940383380386,0.03276165542476904,3.261195482689272,0
2016-08-08 13:10:00,10.26632138317815,0.8140973726802632,0.03347439087553024,4.207957616388854,0
2016-08-08 13:15:00,9.923589605446736,0.7959867825440569,0.02991614866572691,4.207957616388854,0
2016-08-08 13:20:00,9.844007885865576,0.8182955698068831,0.033814882861470705,2.102429274770515,0
2016-08-08 13:25:00,9.933019591624763,0.8231455037104878,0.034708014495571336,2.7082049605154888,0
2016-08-08 13:30:00,10.132535111470641,0.8165754758264248,0.03377978604680925,2.7082049605154888,0
2016-08-08 13:35:00,10.209948198067986,0.8235449092696925,0.03452396130127815,3.4725953040832445,0
2016-08-08 13:40:00,9.970880366179632,0.8245901207131494,0.03467397887985372,3.4725953040832445,0
2016-08-08 13:45:00,9.70448123169075,0.821877013564802,0.035204893353399866,2.0830793720701837,0
2016-08-08 13:50:00,9.636606743926976,0.8322921780640402,0.036598465912983644,2.0830793720701837,0
2016-08-08 13:55:00,9.575622075572486,0.8294619604824924,0.0355092870475461,1.6360691117223922,0
2016-08-08 14:00:00,9.89681061105174,0.8180311892381129,0.03322006482361847,3.335442957705133,0
2016-08-08 14:05:00,10.38771089379838,0.8213956381351051,0.03387711983670598,3.335442957705133,0
2016-08-08 14:10:00,10.400477491050598,0.8146804298907422,0.03290250100136573,3.142551826350847,0
2016-08-08 14:15:00,10.552157359115743,0.8297622831910137,0.037949694990063024,2.5811308735798324,0
2016-08-08 14:20:00,11.044525077810828,0.8401933319456139,0.03958199215362655,2.8964298634193857,0
2016-08-08 14:25:00,11.285064057587862,0.8293778449668121,0.03523741427122501,2.8964298634193857,0
2016-08-08 14:30:00,11.175033373769988,0.8113163287661036,0.03231136671422018,2.3095824462904235,0
2016-08-08 14:35:00,10.89242098765276,0.8056707796817879,0.032100160528929285,2.4571223020144384,0
2016-08-08 14:40:00,10.930987891185932,0.8033334272347715,0.032498992781082384,2.4571223020144384,0
2016-08-08 14:45:00,10.70770872547877,0.7901227384116406,0.03003301567827371,1.5979597626274877,0
2016-08-08 14:50:00,10.502083492750497,0.7987286944315198,0.032189494240280045,2.4769548677115933,0
2016-08-08 14:55:00,10.320300688014758,0.8119462464716609,0.034877371193496834,2.6303668366001234,0
2016-08-08 15:00:00,9.769563439832831,0.8014447828820841,0.03223051535511113,2.6303668366001234,0
2016-08-08 15:05:00,9.626705713931496,0.7926455604179212,0.030982483227854025,1.9362466773845717,0
2016-08-08 15:10:00,9.903045045736729,0.7958127532439532,0.0329488805811319,2.2830511934507154,0
2016-08-08 15:15:00,10.109870020208394,0.7873322341511193,0.03174624459465551,2.2830511934507154,0
2016-08-08 15:20:00,10.067847612344984,0.7833669900261304,0.030437116154665204,1.758347812229374,0
2016-08-08 15:25:00,9.98190747891755,0.7798518227966571,0.029944324719960613,1.758347812229374,0
2016-08-08 15:30:00,9.80521351641168,0.7960053614288126,0.032104981086016976,1.714610292591785,0
2016-08-08 15:35:00,9.965588906183797,0.8225659875152316,0.03574529173633611,2.647898294024697,0
2016-08-08 15:40:00,10.174661545364275,0.8109832288628792,0.033665933073861024,2.647898294024697,0
2016-08-08 15:45:00,10.029139822849848,0.7934784557178333,0.030372259224225474,2.1162648249358305,0
2016-08-08 15:50:00,9.942497033725482,0.7993605467061867,0.03143510125755471,2.1162648249358305,0
2016-08-08 15:55:00,10.287848280730243,0.8129671568079442,0.03432035222641226,2.1251362343164315,0
2016-08-08 16:00:00,10.718966904127054,0.8022234426600887,0.032466881814577644,2.1251362343164315,0
2016-08-08 16:05:00,10.435329525722072,0.7900909306885189,0.029981960485565413,2.2416254252666574,0
2016-08-08 16:10:00,9.701088985890975,0.7991950217827117,0.03114762536113979,2.2416254252666574,0
2016-08-08 16:15:00,9.658628158665522,0.8280931173142292,0.036533272427363365,3.3847933485599824,0
2016-08-08 16:20:00,10.243780725831163,0.8507020215231222,0.04146216400328786,3.8700968952733015,0
2016-08-08 16:25:00,10.451088555447093,0.8312554185846392,0.037795278688602746,3.8700968952733015,0
2016-08-08 16:30:00,10.345069217650217,0.8130748731377075,0.03442482076780447,4.372778322384822,0
2016-08-08 16:35:00,10.5711706721826,0.8225663732206011,0.036307595093950616,4.372778322384822,0
2016-08-08 16:40:00,10.728293843425309,0.8301086805027421,0.0372434671571427,2.309474940522298,0
2016-08-08 16:45:00,10.583302012922685,0.8154297409727318,0.03423053297925588,2.309474940522298,0
2016-08-08 16:50:00,10.337917788113446,0.8000512196425147,0.03139384694067268,2.0596754731247873,0
2016-08-08 16:55:00,9.867276273598078,0.7816172618341322,0.029991339319639536,2.0596754731247873,0
2016-08-08 17:00:00,10.136229501101845,0.7708050730591861,0.028906429380945425,2.495872308889215,0
2016-08-08 17:05:00,10.44309931857267,0.7844061896232432,0.02955476486707833,2.5003797445636504,0
2016-08-08 17:10:00,10.275077441792881,0.798536710728228,0.03124591330653584,2.5003797445636504,0
2016-08-08 17:15:00,10.200546657951332,0.8020751727845681,0.03165498973724075,1.4525710942534336,0
2016-08-08 17:20:00,10.138257220933792,0.8113902070171795,0.033376583878293044,1.4887573699285492,0
2016-08-08 17:25:00,10.82771256325555,0.8509953277180484,0.042449705650299784,5.202220205604889,0
2016-08-08 17:30:00,11.113170031892048,0.849233224097717,0.04306071003068508,5.202220205604889,0
2016-08-08 17:35:00,10.869149424460051,0.8236624283564752,0.03862789375812149,4.454241339463223,0
2016-08-08 17:40:00,11.48102986500471,0.866746994671492,0.050468042217120465,4.454241339463223,0
2016-08-08 17:45:00,11.588680551341874,0.8802465198920589,0.055786460575464006,6.243320811123551,0
2016-08-08 17:50:00,11.540060523226556,0.8642776883086065,0.052620630348353604,6.243320811123551,0
2016-08-08 17:55:00,11.643423610031759,0.8611675918135222,0.05001771345141257,5.191845056253123,0
2016-08-08 18:00:00,11.332878080401363,0.8199917483208687,0.03886040768928241,3.7265368246180715,0
2016-08-08 18:05:00,11.235832854574033,0.7792969254030155,0.029957370311901432,3.0709871195293204,0
2016-08-08 18:10:00,10.661946039661153,0.7764324413381775,0.02967104508979156,2.279857336838084,0
2016-08-08 18:15:00,9.705392581995477,0.7755659363475378,0.030214775714451712,2.279857336838084,0
2016-08-08 18:20:00,9.66705372154304,0.7844995036819175,0.031143446269038255,3.706534527503276,0
2016-08-08 18:25:00,10.590648934207177,0.818824922050165,0.03826112069355263,4.215747671805139,0
2016-08-08 18:30:00,10.763417614505563,0.8102633165165956,0.0369325261306328,4.215747671805139,0
2016-08-08 18:35:00,10.854255772484354,0.8113201879363655,0.03619208327732132,3.84695716876418,0
2016-08-08 18:40:00,11.074225988667001,0.8128426097603365,0.036471280812816954,3.4368982660067804,0
2016-08-08 18:45:00,10.602308895002633,0.7852082458299594,0.03064247826774553,3.4368982660067804,0
2016-08-08 18:50:00,9.92128050609106,0.7836258333772802,0.030054234201863,2.0544120916220896,0
2016-08-08 18:55:00,9.381326995226095,0.7733753601088953,0.028827471626878338,1.9468474931189683,0
2016-08-08 19:00:00,10.297038307454105,0.7876015408256358,0.031368940268405004,4.534292827945992,0
2016-08-08 19:05:00,11.418554886045836,0.8244695187452293,0.04159093581759443,10.596507291625846,0
2016-08-08 19:10:00,12.422041789646949,0.8344023480283222,0.051577436325954996,22.737577105312837,0
2016-08-08 19:15:00,11.776686781112478,0.8290603656097627,0.04555854473295774,22.737577105312837,0
2016-08-08 19:20:00,10.551027963089862,0.8247646359576015,0.03571651507748656,4.371220583191281,0
2016-08-08 19:25:00,10.450886939256176,0.8060957071469069,0.03197011249712782,2.804901810188312,0
2016-08-08 19:30:00,9.93891774071471,0.7960282913668756,0.030520006620897405,2.652374012123863,0
2016-08-08 19:35:00,9.744073529653475,0.7981087625329806,0.031122638484152688,2.2382327291750723,0
2016-08-08 19:40:00,10.055182705026573,0.794935983332536,0.03031992680273945,2.074095416202733,0
2016-08-08 19:45:00,10.063638255351938,0.7894205216852954,0.03014509160349671,2.369342445593856,0
2016-08-08 19:50:00,9.716445332373597,0.7893921974348823,0.03096448651546746,2.369342445593856,0
2016-08-08 19:55:00,9.974653330341551,0.7900931243342844,0.030907773900778684,2.3536804251921755,0
2016-08-08 20:00:00,10.172762570362824,0.7931454983764864,0.031671378528985085,3.0745486252083203,0
2016-08-08 20:05:00,10.458040458082017,0.8483101776215631,0.04297739969590828,3.0745486252083203,0
2016-08-08 20:10:00,11.280440484088494,0.8876276828739925,0.05096375798876699,3.389000092525023,0
2016-08-08 20:15:00,12.658033323007704,0.8908671407334035,0.05144992268342723,3.389000092525023,0
2016-08-08 20:20:00,12.569907812635448,0.9003736245811005,0.053074324086068624,3.2654245259307424,0
2016-08-08 20:25:00,11.140130271317545,0.8776307879866392,0.04759059194632338,3.2654245259307424,0
2016-08-08 20:30:00,10.319319069652273,0.8490696565725528,0.04173959028470163,2.3372891907295323,0
2016-08-08 20:35:00,10.064898049420078,0.8449602473447311,0.04076330634412417,2.8771416164866515,0
2016-08-08 20:40:00,10.372523346313809,0.851467586084452,0.04073218850672907,4.752090301962402,0
2016-08-08 20:45:00,10.618674359425862,0.8646229342005196,0.04304739230883005,4.752090301962402,0
2016-08-08 20:50:00,10.857223241290416,0.8609450418137325,0.042125067728848754,4.0375687686390185,0
2016-08-08 20:55:00,10.557822155354216,0.8496323275074402,0.040269283929432693,3.3223827129178556,0
2016-08-08 21:00:00,10.068514611139763,0.8461664652678597,0.040838124291739684,3.475903211894184,0
2016-08-08 21:05:00,10.07557704824046,0.8339668179664818,0.038759681807669116,3.475903211894184,0
2016-08-08 21:10:00,10.030683774257634,0.8351316896867617,0.0403070668959087,1.9628118263267698,0
2016-08-08 21:15:00,10.146863159193838,0.832711506444448,0.039827796262186646,2.3639365758153503,0
2016-08-08 21:20:00,10.054900065441526,0.8090776875604613,0.03268177645907186,2.3639365758153503,0
2016-08-08 21:25:00,10.286025943000237,0.8288346787007961,0.036650801791496115,4.226698787380212,0
2016-08-08 21:30:00,10.407903773117472,0.8304316682747842,0.03735255220904216,4.226698787380212,0
2016-08-08 21:35:00,10.693195378692261,0.830926347651225,0.03736765130323263,2.528730061280929,0
2016-08-08 21:40:00,11.440121462203141,0.8309115744134367,0.03847014510691106,2.453567510358425,0
2016-08-08 21:45:00,11.315263460828874,0.8171945297317234,0.03623868686557345,3.32998852366162,0
2016-08-08 21:50:00,10.775784477583173,0.8212518261584068,0.03710938120463866,3.32998852366162,0
2016-08-08 21:55:00,11.122988198494856,0.8315347554720052,0.03971539378196487,3.714399066892858,1
2016-08-08 22:00:00,13.140958340530773,0.8643291513668961,0.0478697134491473,10.360884466864011,1
2016-08-08 22:05:00,13.267884023006754,0.8354568604483316,0.04072469408908053,11.55035579836149,1
2016-08-08 22:10:00,13.632047851147965,0.8106101440378802,0.033940480211535756,11.55035579836149,1
2016-08-08 22:15:00,13.187945690483806,0.8298376091537328,0.03852664251769804,7.084869169096653,1
2016-08-08 22:20:00,12.824334883538302,0.8352029266959812,0.03847865162164247,5.842676490224753,1
2016-08-08 22:25:00,13.661591703699528,0.841735374869154,0.03920725616612958,7.370500401074181,1
2016-08-08 22:30:00,12.65394407289282,0.8858832229148219,0.0514829599473368,7.370500401074181,1
2016-08-08 22:35:00,11.917339792231576,0.8787088053148511,0.05047284122861424,9.291858479413108,1
2016-08-08 22:40:00,15.459794286289073,0.8537200125862887,0.045111969796928594,20.94471601240188,1
2016-08-08 22:45:00,18.083113074157335,0.8525973501057402,0.04505216434824539,47.59833766839933,1
2016-08-08 22:50:00,26.357043621215997,0.8465047121686621,0.04366543826997618,48.842448743595035,1
2016-08-08 22:55:00,24.116107865350294,0.8706740763779552,0.049826332175995046,48.842448743595035,1
2016-08-08 23:00:00,12.085472155405785,0.8689522643752197,0.05113283379073671,8.867699630664735,1
2016-08-08 23:05:00,11.197422263268749,0.8303374033047308,0.04237260449671328,8.867699630664735,1
2016-08-08 23:10:00,10.621958023443806,0.8425757296736571,0.04338317989657213,5.282060277053226,1
2016-08-08 23:15:00,10.889635631410332,0.8505378605623614,0.04583338659940124,5.282060277053226,1
2016-08-08 23:20:00,11.33688999236533,0.8220542897755094,0.03830289821460926,3.444151146935084,1
2016-08-08 23:25:00,11.462073648614373,0.8230320414102138,0.03688742110390916,4.008367506504305,1
2016-08-08 23:30:00,11.269073114457616,0.8434548720266313,0.04187108058516674,4.398840301534781,1
2016-08-08 23:35:00,11.158680026109852,0.8542790762285892,0.04406898019855317,5.23117370459659,1
2016-08-08 23:40:00,10.769074769490416,0.8384900970190459,0.04028788501475318,5.23117370459659,1
2016-08-08 23:45:00,10.101760371371546,0.810961813352766,0.03563505301712638,4.495414497905685,1
2016-08-08 23:50:00,10.449514625437306,0.8514236800993257,0.045084203980263304,3.3315026303576167,1
2016-08-08 23:55:00,12.179736727608889,0.9129964300733049,0.058781913488356784,3.633721697811196,1
2016-08-09 00:00:00,11.442398825683805,0.8762384411167066,0.049319975709801275,5.414434565696827,1
2016-08-09 00:05:00,10.219373053568056,0.851764778700209,0.042584637094821035,5.414434565696827,0
2016-08-09 00:10:00,10.67636557094072,0.8779981979125426,0.048765263463443155,3.947548128169026,0
2016-08-09 00:15:00,10.42860486663114,0.8689439060144166,0.04616059553180324,1.645088714792952,0
2016-08-09 00:20:00,10.854134627322816,0.8859507202379546,0.053041126761786184,3.896596125901798,0
2016-08-09 00:25:00,10.951153820662801,0.9042988466285186,0.057024484854095656,4.251751241320853,0
2016-08-09 00:30:00,9.663604613651284,0.8183051185125259,0.037176747065182605,4.251751241320853,0
2016-08-09 00:35:00,10.79669172162285,0.8456415380175479,0.050403166809340094,4.897010585445651,0
2016-08-09 00:40:00,11.641827542150754,0.9090466953579759,0.07074969355649854,4.897010585445651,0
2016-08-09 00:45:00,10.207452798156675,0.8590673142629387,0.05439210544715117,4.334423624015213,0
2016-08-09 00:50:00,9.950981908899841,0.8162272307748337,0.0359595813803981,3.095462028385788,0
2016-08-09 00:55:00,10.412809927263552,0.7965578871116445,0.03098856556287084,2.37592963003529,0
2016-08-09 01:00:00,10.729589974520298,0.8193398852551396,0.037898433343665196,3.8035593698437307,0
2016-08-09 01:05:00,10.828973653988074,0.8097249711115506,0.03608004894453935,3.8035593698437307,0
2016-08-09 01:10:00,11.071739718372426,0.7924535409274991,0.031535610291130445,3.4033426258082553,0
2016-08-09 01:15:00,11.532372659282926,0.806849219404178,0.03387256444088838,3.4033426258082553,0
2016-08-09 01:20:00,11.624001655702893,0.800687501062713,0.033027793264903946,4.389808902231416,0
2016-08-09 01:25:00,12.038779522326182,0.8302646682173178,0.04138696312868333,4.591670226365225,0
2016-08-09 01:30:00,12.336669304587987,0.8251409091683899,0.04101580747599538,5.504573380806452,0
2016-08-09 01:35:00,11.749263468500763,0.7773510315587255,0.030449957924777903,5.504573380806452,0
2016-08-09 01:40:00,11.26298333250143,0.7689241524347381,0.028398295241372405,1.6909703163725227,0
2016-08-09 01:45:00,12.51288302940753,0.8286497593927243,0.03998576487779017,4.761117089735411,0
2016-08-09 01:50:00,14.178676240820403,0.892905224106284,0.05509597804322416,4.761117089735411,0
2016-08-09 01:55:00,13.282710723510874,0.8387517862597946,0.046651625626062676,3.709042676886719,0
2016-08-09 02:00:00,11.604097078147683,0.7632740720416146,0.029771726470296644,2.2317138915434875,0
2016-08-09 02:05:00,12.03203702029877,0.800273579118528,0.037102970688492845,6.649788465356574,0
2016-08-09 02:10:00,12.500178756735943,0.795426993532662,0.03685580394792387,6.649788465356574,0
2016-08-09 02:15:00,12.730531910110862,0.7873025193939329,0.03389023821874075,2.2159721059326722,0
2016-08-09 02:20:00,13.126151260540677,0.8095261572352443,0.0374697949821657,3.576689086805849,0
2016-08-09 02:25:00,13.251032786139328,0.799107712649236,0.03439420580605377,4.473023683636225,0
2016-08-09 02:30:00,12.821213059664368,0.7961866218967678,0.032844798638591785,6.169038632880718,0
2016-08-09 02:35:00,12.857212338701942,0.80292868638354,0.034156288968476715,6.169038632880718,0
2016-08-09 02:40:00,13.512926083199776,0.7982565321141806,0.033387274218376166,1.4690308102019831,0
2016-08-09 02:45:00,13.500757925454181,0.7775328935610297,0.029681490376631404,2.4602976703981576,0
2016-08-09 02:50:00,13.295011919610635,0.7654294161187517,0.028927477263405294,2.4602976703981576,0
2016-08-09 02:55:00,13.468851197073812,0.7807700389760341,0.032392774264654714,3.164440614063441,0
2016-08-09 03:00:00,13.346841951535477,0.7810915989286453,0.03217088870036569,5.89739809496021,0
2016-08-09 03:05:00,12.806413945319383,0.7633991339892781,0.02874240902730347,5.89739809496021,0
2016-08-09 03:10:00,13.582391723438786,0.7985146685174846,0.035022727519101536,2.5736691229075137,0
2016-08-09 03:15:00,14.239829823890261,0.7834532761545531,0.032307112593036584,3.282201655316954,0
2016-08-09 03:20:00,13.646084489448763,0.7455322927948959,0.025252614500357557,3.282201655316954,0
2016-08-09 03:25:00,13.0420978999879,0.7398678663001658,0.024798655609536042,2.015052033098079,0
2016-08-09 03:30:00,13.948037122643049,0.7959565532061645,0.03510258606766234,5.858443723965896,0
2016-08-09 03:35:00,14.340944052336724,0.7937211409068665,0.03476711718429634,5.858443723965896,0
2016-08-09 03:40:00,13.888494424010258,0.7624060260453529,0.028686342536912008,1.6082778517131993,0
2016-08-09 03:45:00,14.396026268609608,0.8144214019154008,0.03881501520761489,3.424244092054625,0
2016-08-09 03:50:00,15.237937495991215,0.8590126965944961,0.048052344799805635,3.424244092054625,0
2016-08-09 03:55:00,14.373776127218154,0.8426778327185378,0.04480564614636569,5.179284456821002,0
2016-08-09 04:00:00,12.483688673674903,0.7731243959190897,0.03280215100015736,5.179284456821002,0
2016-08-09 04:05:00,11.877946185842692,0.742272321432943,0.026989301938812448,1.998844613150581,0
2016-08-09 04:10:00,11.979575023950598,0.7372805204898838,0.02536543573322212,1.998844613150581,0
2016-08-09 04:15:00,12.554753675054311,0.7588749285514719,0.0290541266439711,2.6496807371892577,0
2016-08-09 04:20:00,12.58258201083006,0.7537630758768897,0.029410497167116984,3.5276593384961963,0
2016-08-09 04:25:00,12.858528209214999,0.7547808841789261,0.028656859743271666,3.5276593384961963,0
2016-08-09 04:30:00,13.089363299514343,0.815048495605817,0.0384632239642654,3.187705744040955,0
2016-08-09 04:35:00,12.470659796247805,0.7867120544176829,0.03472658296143238,2.8885079643366547,0
2016-08-09 04:40:00,13.603040903437295,0.7985317728497898,0.04140483598813695,16.694930856340285,0
2016-08-09 04:45:00,13.628939283102685,0.7946832380208524,0.040006245288689846,16.694930856340285,0
2016-08-09 04:50:00,12.69534173644895,0.7583631934753785,0.027946488291035028,16.13392002827233,0
2016-08-09 04:55:00,13.209826989536946,0.7780869943288915,0.03194747964179841,2.690182508581785,0
2016-08-09 05:00:00,12.531191542644162,0.7519635217694903,0.028637781373882197,2.690182508581785,0
2016-08-09 05:05:00,12.520966390622727,0.7719956738469342,0.033113070056082,3.7949134193535667,0
2016-08-09 05:10:00,14.111027698188854,0.7943714340496738,0.03472445551564854,3.7949134193535667,0
2016-08-09 05:15:00,14.098461658206745,0.7653989192458113,0.027940775614865288,5.813899849147098,0
2016-08-09 05:20:00,13.735930131440991,0.7563054485408974,0.02753526027145788,5.813899849147098,0
2016-08-09 05:25:00,13.777403249881292,0.7591648608620198,0.027770275428582968,3.4730428690515702,0
2016-08-09 05:30:00,13.785908783549,0.756024320446266,0.026874888066768264,2.5087961253162776,0
2016-08-09 05:35:00,14.161261056072414,0.7564159204765617,0.02600052525376423,2.259605397932541,0
2016-08-09 05:40:00,14.543098730191009,0.7612622389269637,0.0265028201895326,2.4774862446221504,0
2016-08-09 05:45:00,14.735604047185756,0.7743865222126639,0.030116687521203063,2.4774862446221504,0
2016-08-09 05:50:00,15.29551507856076,0.8126892249859419,0.038798039762977785,3.2227091304036235,0
2016-08-09 05:55:00,16.151457931911068,0.8455767208366847,0.04650484822928326,3.2227091304036235,0
2016-08-09 06:00:00,15.069633930772337,0.8139079948443676,0.04026861347272129,4.97900425480922,0
2016-08-09 06:05:00,13.533684236020003,0.7669072634585075,0.030498196478946582,4.97900425480922,0
2016-08-09 06:10:00,13.879635953027323,0.751820123781678,0.027100929698483628,3.065491440228112,0
2016-08-09 06:15:00,14.463276335155783,0.7639323437040293,0.02873785106591443,2.6410660572568396,0
2016-08-09 06:20:00,15.274977343036223,0.7899147369683446,0.03721151232831958,15.869544058818851,0
2016-08-09 06:25:00,14.944899566866244,0.7742211107779005,0.03367583248105053,15.869544058818851,0
2016-08-09 06:30:00,14.147730092007691,0.7580464564279018,0.02828054967951297,7.291117252314005,0
2016-08-09 06:35:00,14.142190745480093,0.7520567565452967,0.02760677487359341,7.291117252314005,0
2016-08-09 06:40:00,14.086763446107579,0.7890083993911687,0.034796951619243933,6.3096271777587605,0
2016-08-09 06:45:00,14.072670539417379,0.8240017554053459,0.04160752800061518,5.175522535787188,0
2016-08-09 06:50:00,13.502544621449527,0.7730264991162985,0.03138523898192776,3.7638831445094962,0
2016-08-09 06:55:00,13.190138998357293,0.7382898674802902,0.025938071042933098,2.3593966803398976,0
2016-08-09 07:00:00,13.275367519065849,0.7651205351211612,0.03044907312228498,5.098333389898963,0
2016-08-09 07:05:00,13.421590621100027,0.7885381167922322,0.035087965740384176,5.098333389898963,0
2016-08-09 07:10:00,13.074605607637768,0.7621158838977784,0.030944729384017645,5.758461262967479,0
2016-08-09 07:15:00,13.362740795042034,0.813566682432696,0.03993529263738007,5.758461262967479,0
2016-08-09 07:20:00,14.067657695268348,0.8085202941464432,0.03718428861492788,3.5528681969271974,0
2016-08-09 07:25:00,14.353122314930697,0.7622631489971898,0.027669811370615343,2.260629723775417,0
2016-08-09 07:30:00,14.127257641690997,0.7679758353355763,0.028809111154396133,6.449224549423885,0
2016-08-09 07:35:00,14.352224592304589,0.7995226165389816,0.03513645643560645,6.449224549423885,0
2016-08-09 07:40:00,14.567615265368962,0.8049564386975862,0.03685696987267341,2.5740160064705275,0
2016-08-09 07:45:00,14.271800042091417,0.8178476344076061,0.039620217566400676,3.42783105851232,0
2016-08-09 07:50:00,13.996233858978158,0.8202028472569677,0.03974819925238911,3.42783105851232,0
2016-08-09 07:55:00,13.643931897835383,0.7797139954883434,0.03144822885647135,6.070657797655482,0
2016-08-09 08:00:00,13.750472821397699,0.8570091942949204,0.04895750938670549,6.070657797655482,0
2016-08-09 08:05:00,12.999868433033447,0.8519835354924579,0.04948323720723884,3.7262093565804504,0
2016-08-09 08:10:00,12.426415207230605,0.8029335482433357,0.03661865098284918,3.7262093565804504,0
2016-08-09 08:15:00,12.779686735277071,0.8029902719124067,0.03549171805727906,5.496285146987285,0
2016-08-09 08:20:00,12.165438127303197,0.813082300699521,0.036694642387619505,5.496285146987285,0
2016-08-09 08:25:00,11.005157930317944,0.850712981316643,0.044386629067166346,4.68756485178471,0
2016-08-09 08:30:00,10.890298222965361,0.8732924276823135,0.05041495259537228,4.196446015610149,0
2016-08-09 08:35:00,11.363034684158567,0.8629898788954427,0.045988485953444694,7.421572322200343,0
2016-08-09 08:40:00,10.754486728981773,0.8435448481790557,0.04031106073545384,9.125925286673258,0
2016-08-09 08:45:00,9.658641931980137,0.8210300869940372,0.03538606160361847,9.125925286673258,0
2016-08-09 08:50:00,11.132077693932299,0.8052113177482475,0.0356693418525324,12.423648201110822,0
2016-08-09 08:55:00,11.35697747330519,0.8038181653324872,0.03680607187790011,12.479747447184915,0
2016-08-09 09:00:00,10.899664438190463,0.8355671744630492,0.045098733193655434,12.479747447184915,0
2016-08-09 09:05:00,11.046545190852973,0.8556509943381123,0.049500334371645624,9.537561908077912,0
2016-08-09 09:10:00,10.19383397585111,0.8342222636325085,0.04108357625174659,5.424731696090633,0
2016-08-09 09:15:00,10.429782780180968,0.8357839163224606,0.04078566359972679,4.967437965227168,0
2016-08-09 09:20:00,11.856081381242488,0.8536123280580208,0.04443481491517358,12.82304666792581,0
2016-08-09 09:25:00,12.302779986467339,0.8779911539025821,0.05001393630514289,12.82304666792581,0
2016-08-09 09:30:00,11.884887315345097,0.9032775033157076,0.059116202680712805,6.743859461411716,0
2016-08-09 09:35:00,11.752832600473036,0.9010411656696466,0.05899154686173116,6.743859461411716,0
2016-08-09 09:40:00,12.095321180482879,0.8571287337747766,0.05523164956733677,23.190873601743466,0
2016-08-09 09:45:00,12.198351346217345,0.8568801361208715,0.05468936203566137,23.190873601743466,0
2016-08-09 09:50:00,11.260460431173138,0.8611675470245149,0.04543917919759814,21.44606030610202,0
2016-08-09 09:55:00,10.697338245962893,0.8202355059700415,0.035995998795824186,3.5112962634742266,0
2016-08-09 10:00:00,10.44606821658277,0.7897062944486948,0.03046796315938411,4.268750296872435,0
2016-08-09 10:05:00,10.246320389688123,0.7767897478647294,0.028680676218275452,4.268750296872435,0
2016-08-09 10:10:00,10.2122065803853,0.7829430943839559,0.028690729737021213,1.404146756421312,0
2016-08-09 10:15:00,10.277197965244996,0.793226156331865,0.03074430641146967,1.404146756421312,0
2016-08-09 10:20:00,10.164359878322376,0.7880409351426843,0.031154230372459357,2.7292462613846653,0
2016-08-09 10:25:00,10.219467111663366,0.786665564439686,0.030993792874788557,2.8452187715305204,0
2016-08-09 10:30:00,10.547329178100489,0.8144935668808487,0.036224728441130206,2.8452187715305204,0
2016-08-09 10:35:00,10.906165517386025,0.8364444367447794,0.04145507409394695,6.047886418613755,0
2016-08-09 10:40:00,10.288435094757235,0.8102798690512467,0.03617712307323241,6.047886418613755,0
2016-08-09 10:45:00,10.366731603540874,0.8094743702017371,0.03476528167278433,4.497476836058737,0
2016-08-09 10:50:00,10.785437467498884,0.8251638075862988,0.0384984144708322,4.497476836058737,0
2016-08-09 10:55:00,10.567561526353234,0.8080555136007598,0.03501631931291252,2.9037478927913116,0
2016-08-09 11:00:00,10.767318910380935,0.8211904569361277,0.03620125425670253,2.8099253024650754,0
2016-08-09 11:05:00,16.300055298607127,0.8108216476606536,0.03425179887616385,31.659589133080587,1
2016-08-09 11:10:00,23.00233919460438,0.7868472722291957,0.029355059126729376,47.814460782523,1
2016-08-09 11:15:00,30.3906314241909,0.811803704552057,0.03486043107678979,57.232399365588975,1
2016-08-09 11:20:00,26.26510427610313,0.8366236804731768,0.04134996862594438,57.232399365588975,1
2016-08-09 11:25:00,13.762520344186068,0.8531455648633485,0.04315139327579836,43.94603795904727,1
2016-08-09 11:30:00,10.805264572337723,0.8333514768733845,0.03862844577581408,4.06083139228912,0
2016-08-09 11:35:00,10.221553131322525,0.8088966454682207,0.034377169265869964,3.3718048780461247,0
2016-08-09 11:40:00,10.967809000185479,0.8210235289611186,0.03661570272408789,3.437714878560489,1
2016-08-09 11:45:00,11.968487696998897,0.8232364072795945,0.03717066416401517,3.437714878560489,1
2016-08-09 11:50:00,11.36458813569416,0.8191040347432382,0.035790998434620566,2.7954493058505214,1
2016-08-09 11:55:00,10.132694834849868,0.8000267141982045,0.03252635457946362,2.923995693228395,0
2016-08-09 12:00:00,9.761423647103584,0.7928490279181226,0.03175799700588355,2.923995693228395,0
2016-08-09 12:05:00,9.966910053745417,0.786469702352484,0.029931598982865654,2.071076688174746,0
2016-08-09 12:10:00,10.55889650350259,0.7747803111897192,0.027975528136965955,1.9791026019026845,0
2016-08-09 12:15:00,11.204961112431514,0.7904321401115408,0.03145215514147105,3.2625921891668903,0
2016-08-09 12:20:00,10.902095276397244,0.7854979247507579,0.030064746931048845,3.2625921891668903,0
2016-08-09 12:25:00,10.29125576957339,0.7762590009173312,0.028414158637458487,1.9357935414795346,0
2016-08-09 12:30:00,10.303612686832803,0.7944342051269796,0.03170086780879675,2.693788053185343,0
2016-08-09 12:35:00,10.276430303015491,0.8015594520847603,0.032900471406216894,3.4977672983693564,0
2016-08-09 12:40:00,10.080562157950116,0.8031184520397345,0.033292614344106485,3.806573511536329,0
2016-08-09 12:45:00,10.127969289399763,0.8251852947706879,0.03711502860417394,3.806573511536329,0
2016-08-09 12:50:00,10.116211262253515,0.8249453163770645,0.0372188861277991,3.211884390750467,0
2016-08-09 12:55:00,9.927876398672268,0.805236477456091,0.03310340008056396,3.211884390750467,0
2016-08-09 13:00:00,9.906800839077755,0.7992152247380699,0.031803772771617736,1.8107403271338076,0
2016-08-09 13:05:00,9.693239082312228,0.8003358327097012,0.031787948648657,1.8107403271338076,0
2016-08-09 13:10:00,9.865286860425538,0.8095909999081103,0.032449608014976754,2.121356970131834,0
2016-08-09 13:15:00,10.429248579623613,0.8161199364625592,0.03323691541977638,2.9014744736522355,0
2016-08-09 13:20:00,10.18301313657711,0.8115715589793419,0.03242657416674017,2.9014744736522355,0
2016-08-09 13:25:00,10.074262274036162,0.8112044538967061,0.03311707303359467,2.460401775283844,0
2016-08-09 13:30:00,10.350849110683628,0.8067458382350204,0.032350551347726096,3.41579301369907,0
2016-08-09 13:35:00,9.919213112532919,0.7924442979696504,0.02929325004089182,3.41579301369907,0
2016-08-09 13:40:00,9.96476129261701,0.7946872970692426,0.029815436329219937,3.1812161151194305,0
2016-08-09 13:45:00,10.024925218749999,0.809437019666698,0.0319892987293815,3.1812161151194305,0
2016-08-09 13:50:00,9.934255766305041,0.8293585473562142,0.03655179533456944,3.171919769666274,0
2016-08-09 13:55:00,10.587552365428655,0.8571837368045938,0.04382705402701195,1.6455639950313201,0
2016-08-09 14:00:00,10.399602880211903,0.8489318822899484,0.041183420026056856,2.565395722299629,0
2016-08-09 14:05:00,10.01230773219857,0.8245656931285363,0.034912439209291365,2.565395722299629,0
2016-08-09 14:10:00,10.55743311747348,0.8025530092608595,0.031518573162516106,2.199714144252366,0
2016-08-09 14:15:00,10.625513652336819,0.7874268578057501,0.028623276322277857,1.8435566294332166,0
2016-08-09 14:20:00,10.0398756240654,0.7917235311827151,0.028834028151407724,1.7875364369209237,0
2016-08-09 14:25:00,10.017131609218243,0.7917180598927551,0.029824175263569154,2.068248507749691,0
2016-08-09 14:30:00,10.375144378974358,0.7826370786662971,0.02888245892773721,2.243245719079433,0
2016-08-09 14:35:00,10.483937164677872,0.780692878482356,0.028455934679270035,2.243245719079433,0
2016-08-09 14:40:00,10.271613627239283,0.7900014134988863,0.03015668095095162,2.078817593659409,0
2016-08-09 14:45:00,10.380699288741027,0.7957355984764978,0.031672462768993395,2.078817593659409,0
2016-08-09 14:50:00,10.367214520622666,0.8011896703402214,0.032936257559081895,1.6327672285317378,0
2016-08-09 14:55:00,9.989883212052451,0.8003507439835014,0.031168032299112546,1.4115792954842457,0
2016-08-09 15:00:00,9.815878451657255,0.7975229466387199,0.03090739465721548,1.4927965848316995,0
2016-08-09 15:05:00,9.71016513505115,0.808255509367843,0.03350850168640179,2.542795328099649,0
2016-08-09 15:10:00,9.812211131205132,0.8071534200862583,0.03283816491599644,3.0687737146013676,0
2016-08-09 15:15:00,9.808394476566635,0.7827688335629077,0.02957768432612547,3.371247987832702,0
2016-08-09 15:20:00,9.51807700865712,0.7862405579014641,0.029824814150191677,3.371247987832702,0
2016-08-09 15:25:00,9.389993558232147,0.8055293599109336,0.032408794545672276,1.6829650645825271,0
2016-08-09 15:30:00,9.916454136108415,0.8270882854358871,0.0378881867815347,3.049341322973034,0
2016-08-09 15:35:00,10.011879490686322,0.813291924276311,0.03582229842088548,3.5514684266404926,0
2016-08-09 15:40:00,9.656347476386149,0.7885214422555429,0.030109607391587873,3.5514684266404926,0
2016-08-09 15:45:00,9.677462884128765,0.8119301786301102,0.03494947259285347,3.341677637921841,0
2016-08-09 15:50:00,11.020576911478994,0.8447436024798468,0.05116988569316139,22.740762756828676,0
2016-08-09 15:55:00,11.254077247263885,0.8447700907990832,0.05051159500383308,22.740762756828676,0
2016-08-09 16:00:00,9.709881781380187,0.8265966117858798,0.03783836218759706,3.7037667758685107,0
2016-08-09 16:05:00,9.14242383676303,0.8116507604023211,0.03495190778304641,3.7037667758685107,0
2016-08-09 16:10:00,8.968475296361563,0.8009434738229939,0.031487789760239596,2.249874726043825,0
2016-08-09 16:15:00,9.65727703872495,0.8206766569352775,0.03463116832351375,4.6801707492498075,0
2016-08-09 16:20:00,10.338752740170797,0.8492860600465685,0.041123268574040375,4.6801707492498075,0
2016-08-09 16:25:00,10.16681630122747,0.8444291800747873,0.04071690365997773,3.396559009740922,0
2016-08-09 16:30:00,9.816742086455813,0.8195500743790833,0.03580226018212484,3.1302479540073436,0
2016-08-09 16:35:00,9.449264119348312,0.797822105936401,0.032557462883907685,3.1302479540073436,0
2016-08-09 16:40:00,9.18399274268989,0.7962046242070071,0.03178762013700419,2.040493526033476,0
2016-08-09 16:45:00,9.247449271773487,0.8264975598375205,0.03708212803540221,1.564695180174492,0
2016-08-09 16:50:00,9.34393023647246,0.8145743304178046,0.03496284336256129,1.8712389088457817,0
2016-08-09 16:55:00,9.089544248295299,0.7815469531527715,0.028050972697886277,1.8712389088457817,0
2016-08-09 17:00:00,9.134118963534997,0.8039722587307523,0.03514278867648539,3.7396668620464513,0
2016-08-09 17:05:00,9.412012286485927,0.811660551067711,0.03828880996095423,3.7396668620464513,0
2016-08-09 17:10:00,9.50052340509665,0.7954282760081735,0.032981274336845966,1.9179369321131066,0
2016-08-09 17:15:00,9.212412027842195,0.7836002423678486,0.029813642489588305,3.000131316407091,0
2016-08-09 17:20:00,9.4947781287899,0.8000067107805309,0.0334258968575695,3.000131316407091,0
2016-08-09 17:25:00,10.50967092601321,0.8221340666902633,0.03767572279629542,5.380467960563829,0
2016-08-09 17:30:00,10.502433398751736,0.7989946035875282,0.0334186300473306,5.380467960563829,0
2016-08-09 17:35:00,10.100142719862035,0.7865742311528524,0.03139266181198964,2.770955409661074,0
2016-08-09 17:40:00,9.941336911186715,0.7798924469103758,0.030505593640016725,2.770955409661074,0
2016-08-09 17:45:00,9.733604499115957,0.7689406732438197,0.029480676858936305,2.158615790035892,0
2016-08-09 17:50:00,9.745486366641975,0.802532964514238,0.03602636731237831,2.5232542789540036,0
2016-08-09 17:55:00,9.686349819110006,0.800838052177427,0.03499502171609149,2.5232542789540036,0
2016-08-09 18:00:00,10.130070757400059,0.7767769130849429,0.029639389794001703,2.471931009754077,0
2016-08-09 18:05:00,10.374072103267174,0.7810611501016469,0.030528764552708577,2.471931009754077,0
2016-08-09 18:10:00,10.191003290081227,0.7776326224647947,0.02962594793259215,2.1874757498369477,0
2016-08-09 18:15:00,10.356283996220395,0.8014647746584509,0.03342800656191659,2.355359406544155,0
2016-08-09 18:20:00,10.654753591705404,0.8212277654984219,0.03729221974864587,4.111757956089285,0
2016-08-09 18:25:00,10.963108763597798,0.8308410012544688,0.03969712115455422,5.136360591933724,0
2016-08-09 18:30:00,11.050207020618469,0.8430921878472153,0.04208965696948267,5.136360591933724,0
2016-08-09 18:35:00,11.658743010855417,0.8301711113827617,0.038634800773746765,2.4473804962330497,0
2016-08-09 18:40:00,12.26536259817853,0.8258391013512857,0.03755302917480042,6.853140508941084,0
2016-08-09 18:45:00,10.948124943305166,0.8205142945651881,0.03782277678830019,6.853140508941084,0
2016-08-09 18:50:00,10.02328644845213,0.8176879680853828,0.03689443524759539,2.559321878799946,0
2016-08-09 18:55:00,10.178265933421429,0.8077360342099291,0.03536547806466823,2.559321878799946,0
2016-08-09 19:00:00,10.285975939050946,0.7855382740798512,0.032996742643860905,2.141789978617915,0
2016-08-09 19:05:00,10.398266573084445,0.7959902835072447,0.03353783072377444,2.0774745766612943,0
2016-08-09 19:10:00,9.697262596408954,0.7829629287155753,0.03114444656284806,2.0207311367044736,0
2016-08-09 19:15:00,9.539274092798362,0.7696702084396732,0.029976505337295678,2.185794599513024,0
2016-08-09 19:20:00,10.211013279740422,0.8009700485101211,0.034163699351712984,2.5484570105929665,0
2016-08-09 19:25:00,10.494812509524317,0.8146174350929274,0.03557507092975806,3.10031305335253,0
2016-08-09 19:30:00,10.6503422826827,0.8275273414595183,0.04392133757200609,9.567031572597683,0
2016-08-09 19:35:00,10.466265662078127,0.8313092099741792,0.04523703798908606,9.567031572597683,0
2016-08-09 19:40:00,10.080441906427607,0.8232084933802759,0.037986724608530927,1.9890651981832144,0
2016-08-09 19:45:00,10.042389354348678,0.8202013014134018,0.03733726553094005,2.0153811777306982,0
2016-08-09 19:50:00,10.254370435900086,0.8360793668943067,0.03977801026337005,2.0153811777306982,0
2016-08-09 19:55:00,10.538807397835674,0.8474972331777093,0.04072135774002865,2.4528827847792787,0
2016-08-09 20:00:00,10.616843631429205,0.8396988970681537,0.03971310043280751,2.4528827847792787,0
2016-08-09 20:05:00,10.872511978289326,0.844330826265967,0.042172144302421374,2.435304156177919,0
2016-08-09 20:10:00,10.799905116237628,0.842656178194397,0.04285755312176549,2.668962245851743,0
2016-08-09 20:15:00,10.750162089907443,0.8300466554831746,0.038749135993994516,2.668962245851743,0
2016-08-09 20:20:00,10.755406166300117,0.8323439467357088,0.03847307042794197,1.2539507526250604,0
2016-08-09 20:25:00,10.36030844288895,0.8377067536972493,0.039936982527420256,1.2539507526250604,0
2016-08-09 20:30:00,10.010905178425242,0.8278201103074403,0.03782811702136786,1.9164468079396562,0
2016-08-09 20:35:00,10.234248501192772,0.8343421425974789,0.038188963453735306,2.938041146166337,0
2016-08-09 20:40:00,10.66734914910743,0.8459307433160195,0.039913824982611416,2.938041146166337,0
2016-08-09 20:45:00,9.900011172551244,0.8241605555030385,0.03595999130576492,2.4005391291437883,0
2016-08-09 20:50:00,9.029950286522771,0.7940297219428655,0.029502907600336702,1.7366525598140272,0
2016-08-09 20:55:00,9.182425343747841,0.7963376984338969,0.02982582724332189,1.7366525598140272,0
2016-08-09 21:00:00,9.536846762072376,0.8133568102898585,0.03445235243990213,2.817859464514145,0
2016-08-09 21:05:00,10.013525492034566,0.8321062645868,0.03836095218027034,3.9076018378555353,0
2016-08-09 21:10:00,10.4144418966042,0.8234777488561168,0.03509123129079416,3.9076018378555353,0
2016-08-09 21:15:00,10.062479977795167,0.7965224759752001,0.030106997618485003,1.7521314899933977,0
2016-08-09 21:20:00,9.905344180563885,0.7990834521405445,0.030564925450018616,1.7521314899933977,0
2016-08-09 21:25:00,10.12249531958594,0.7983848038742775,0.030951659235076905,1.1798666333282346,0
2016-08-09 21:30:00,10.093152789373466,0.7881391706134644,0.030634653246324334,2.8677267775898825,0
2016-08-09 21:35:00,10.181467385170604,0.7984811326353112,0.03210645058809522,2.8677267775898825,0
2016-08-09 21:40:00,10.321396664787226,0.799171564293518,0.03138898944998587,3.31483031274694,0
2016-08-09 21:45:00,10.039871786055064,0.7923591699905479,0.03029046046545859,3.31483031274694,0
2016-08-09 21:50:00,9.855364865984278,0.7983005045065942,0.030596336406279852,2.2698838751598753,0
2016-08-09 21:55:00,10.252891802560374,0.8156309387146695,0.03267607208336178,1.1949675597489982,0
2016-08-09 22:00:00,10.196176423033279,0.8070964364041736,0.03198419748730561,1.1949675597489982,0
2016-08-09 22:05:00,10.056625570874903,0.795114613953237,0.02982134855971083,1.9951286603710794,0
2016-08-09 22:10:00,10.292589073482299,0.797179596069589,0.03102763168423197,1.9951286603710794,0
2016-08-09 22:15:00,10.126869451721802,0.8005996043159211,0.03248801043699443,3.0487347810844776,0
2016-08-09 22:20:00,9.64845066132926,0.7982138833429472,0.031279992503752095,3.0487347810844776,0
2016-08-09 22:25:00,9.588399227270294,0.799027655141073,0.03074478646203361,2.515975660914508,0
2016-08-09 22:30:00,11.03525938294599,0.8663987299551419,0.04652247785840835,4.761043057056563,0
2016-08-09 22:35:00,11.158023743414065,0.8742117833479592,0.04947390024974405,4.761043057056563,0
2016-08-09 22:40:00,10.123186991891599,0.8166158531901178,0.035035438632732153,3.865693873606231,0
2016-08-09 22:45:00,10.381947368059453,0.8137615611955265,0.03355515767758003,3.865693873606231,0
2016-08-09 22:50:00,10.890989556889979,0.8239728098021633,0.03848625648692288,8.796308450993076,0
2016-08-09 22:55:00,11.049670135609693,0.807794561258298,0.036069941313686155,8.796308450993076,0
2016-08-09 23:00:00,10.711448753345767,0.8044871719777481,0.03250344450461885,2.760556698796134,0
2016-08-09 23:05:00,10.495714615425253,0.822174745208095,0.036350612794135304,2.6822550996342605,0
2016-08-09 23:10:00,10.893351131744923,0.825315293534021,0.037976855994770256,2.5352682105236206,0
2016-08-09 23:15:00,11.307020629076417,0.8161527922115004,0.03641925083492221,2.4042747868542285,0
2016-08-09 23:20:00,11.275575521365884,0.8029492282720994,0.03372246387927372,3.184660045915224,0
2016-08-09 23:25:00,11.65189920076182,0.8014729486969979,0.032516555747396404,3.184660045915224,0
2016-08-09 23:30:00,11.641171372601704,0.8025950248786571,0.032860903632097,3.425528787284077,0
2016-08-09 23:35:00,11.203308888229946,0.8036296666209569,0.03302222886499127,3.425528787284077,0
2016-08-09 23:40:00,11.67848518438258,0.8021908496208899,0.032785104220315754,2.839188588792143,0
2016-08-09 23:45:00,11.730697561195747,0.8179414354273684,0.03524949246170142,2.959486061149938,0
2016-08-09 23:50:00,11.379281247740561,0.8422154203612746,0.03975496628078295,2.959486061149938,0
2016-08-09 23:55:00,11.295026384544297,0.840271346125017,0.04020875176959695,2.3026251708947556,0
2016-08-10 00:00:00,10.926712206007576,0.8190352588671888,0.036316655845834454,3.4688368199998294,0
2016-08-10 00:05:00,10.812940112508539,0.8098609272092325,0.03385815214974901,3.4688368199998294,0
2016-08-10 00:10:00,11.035736532200335,0.829316488439676,0.038545730350192,1.223369954878204,0
2016-08-10 00:15:00,11.237151818488877,0.8324915460317258,0.03990496818084345,1.5559059168075056,0
2016-08-10 00:20:00,11.295767660023822,0.8187079801901644,0.03599946260899588,1.7537137565607976,0
2016-08-10 00:25:00,11.259848055456725,0.8155803132501203,0.03488236954900705,1.7537137565607976,0
2016-08-10 00:30:00,11.762221156314855,0.8088567508023445,0.034226720746513034,2.1941797996239987,0
2016-08-10 00:35:00,11.948515442675548,0.8081502922059416,0.034673203134446086,3.0109620180136973,0
2016-08-10 00:40:00,12.012003233293532,0.8000807133038198,0.03396470685627592,3.193782600231277,0
2016-08-10 00:45:00,12.120189663721368,0.8159745414051547,0.03676693402118679,3.193782600231277,0
2016-08-10 00:50:00,11.601271790252012,0.8194039724435662,0.03610227684786334,1.4088315650626169,0
2016-08-10 00:55:00,11.402359637199257,0.8004957790968004,0.03299631520024415,1.6469774475344872,0
2016-08-10 01:00:00,11.683766269805862,0.795126902320705,0.033295832849959524,2.102483194313609,0
2016-08-10 01:05:00,11.796632273648651,0.7841185952694287,0.03139862334894227,2.623578863056773,0
2016-08-10 01:10:00,12.326942545715477,0.7757686111457393,0.030284900691053652,2.9534784453946266,0
2016-08-10 01:15:00,12.794302800382532,0.7829364807379038,0.031155586947635167,3.359316487884978,0
2016-08-10 01:20:00,12.360905598943196,0.791754048555528,0.031866967973744546,3.359316487884978,0
2016-08-10 01:25:00,12.267972258454218,0.7775233743909302,0.030312621099878135,2.561435612809436,0
2016-08-10 01:30:00,12.389473561453606,0.770457744553269,0.028965042057763207,2.6048393714314826,0
2016-08-10 01:35:00,12.7245691996679,0.7659480721479202,0.028501914312353056,2.6048393714314826,0
2016-08-10 01:40:00,13.72488772520525,0.775819978954222,0.03828629727293151,15.859339546088373,0
2016-08-10 01:45:00,13.682336273676242,0.7615291121853781,0.03558461622242689,15.859339546088373,0
2016-08-10 01:50:00,12.893023527280292,0.7342104792300663,0.02315583833657164,1.7259297051369566,0
2016-08-10 01:55:00,12.867425590261274,0.7457450736904863,0.02500131174754951,2.360481012750737,0
2016-08-10 02:00:00,12.53015977855458,0.7434407696224923,0.024557354665714355,3.0189905843939076,0
2016-08-10 02:05:00,12.604175233269547,0.7349869216502852,0.02369754310626842,3.0189905843939076,0
2016-08-10 02:10:00,12.930583496793915,0.7295113812652364,0.02322834785135356,3.4147472122443268,0
2016-08-10 02:15:00,12.629103962673799,0.7196314464273754,0.022156780952064643,3.4147472122443268,0
2016-08-10 02:20:00,12.570023360618245,0.7313362908742802,0.023678905035056756,2.011830899869025,0
2016-08-10 02:25:00,12.800732109629845,0.744678195486138,0.02503658778145767,3.029065333912713,0
2016-08-10 02:30:00,12.780154551660726,0.7329399299640379,0.024265824542517758,3.029065333912713,0
2016-08-10 02:35:00,12.86148104469402,0.736666792110923,0.02524405252501022,1.9937875204351327,0
2016-08-10 02:40:00,13.087477660044906,0.7427289817646896,0.025658922133373195,1.4685147967040888,0
2016-08-10 02:45:00,12.926124052908921,0.7350846273796059,0.02420730972788325,2.4820497920183833,0
2016-08-10 02:50:00,12.695114283368587,0.7320315052595846,0.02393605861766444,2.9326861946106533,0
2016-08-10 02:55:00,12.47638435671124,0.7327695340403624,0.023991798267170985,2.9326861946106533,0
2016-08-10 03:00:00,11.561287974707621,0.7277168640328647,0.023707646770873815,2.4040783527042806,0
2016-08-10 03:05:00,11.259788040414593,0.717909980245109,0.022716703916680486,2.4040783527042806,0
2016-08-10 03:10:00,11.611037526051684,0.7142788869906076,0.02209643922925727,2.0207235021970877,0
2016-08-10 03:15:00,11.598865821295817,0.7019193993968831,0.020801659587676113,2.0207235021970877,0
2016-08-10 03:20:00,11.763230853381248,0.7061334440454523,0.021663795780675132,1.6644601095370848,0
2016-08-10 03:25:00,11.748376838300176,0.7139792100936895,0.022119689542836257,1.7675611322892886,0
2016-08-10 03:30:00,11.899490543536807,0.7153721947347311,0.02216485781471354,1.9029113800014879,0
2016-08-10 03:35:00,12.277700967699491,0.7141403402695314,0.022090462201853844,1.9029113800014879,0
2016-08-10 03:40:00,12.497384699460985,0.7158664273425143,0.021898920518400464,2.736137617974877,0
2016-08-10 03:45:00,12.417945597103914,0.720003810542307,0.022477852622876694,2.736137617974877,0
2016-08-10 03:50:00,12.299011382816037,0.7137156776832125,0.021539461887370596,2.225164924592134,0
2016-08-10 03:55:00,12.370721551094592,0.7033736397801549,0.02080229472354047,1.9040401014155344,0
2016-08-10 04:00:00,12.25712003873472,0.7096787667260476,0.02273294958265431,2.6150924326567715,0
2016-08-10 04:05:00,12.18054751666278,0.7209090476324496,0.024109428883036958,2.6150924326567715,0
2016-08-10 04:10:00,12.317178716681163,0.7080431549450343,0.02216033739196216,2.601858001690752,0
2016-08-10 04:15:00,12.623471089967225,0.7025096653684146,0.021336388646667037,2.601858001690752,0
2016-08-10 04:20:00,12.657012566357956,0.7153522388076574,0.023167907711157006,2.431302678535888,0
2016-08-10 04:25:00,12.880071170551949,0.720022796749445,0.023488954086870358,2.431302678535888,0
2016-08-10 04:30:00,13.200513705048744,0.7210666533426898,0.023149620291307065,3.2515221937430425,0
2016-08-10 04:35:00,12.85783096543904,0.7220495586741071,0.022851234154460102,3.2515221937430425,0
2016-08-10 04:40:00,12.823897058169944,0.7188447531591554,0.021765238036441804,2.1417216575467815,0
2016-08-10 04:45:00,13.321682434118202,0.7340426939187317,0.02524972269951876,2.1417216575467815,0
2016-08-10 04:50:00,13.780269269349938,0.7513414864211708,0.028633496079631317,1.7692870830646408,0
2016-08-10 04:55:00,13.479926943460603,0.7428078460815792,0.026878073672690118,2.7004580124941264,0
2016-08-10 05:00:00,12.754017749725715,0.7429408358875268,0.02801243812487906,8.2030889701235,0
2016-08-10 05:05:00,12.827956812948125,0.7405451530916745,0.027228023371812467,8.2030889701235,0
2016-08-10 05:10:00,13.262415246812898,0.7259696753282917,0.022889740167727702,5.664234038896371,0
2016-08-10 05:15:00,13.129499096522983,0.7390410983903579,0.023757942341699465,2.4050233026230368,0
2016-08-10 05:20:00,13.248949119074709,0.7411139327125214,0.02407058351195574,2.4050233026230368,0
2016-08-10 05:25:00,13.880698495216055,0.7414267487713401,0.024827531873820745,1.9170712790502382,0
2016-08-10 05:30:00,13.182164827205787,0.776037300244953,0.029778751689098593,2.139463088844521,0
2016-08-10 05:35:00,12.144586461371762,0.8092308977413274,0.034072084152942994,2.139463088844521,0
2016-08-10 05:40:00,11.9624844928053,0.8124014460317728,0.034872198746841776,1.589643043374036,0
2016-08-10 05:45:00,12.020625290437442,0.8022864167873943,0.033368470944575436,1.589643043374036,0
2016-08-10 05:50:00,12.294344314218254,0.7786201544063254,0.030447895615790303,4.2695327175678806,0
2016-08-10 05:55:00,12.440670142187228,0.7517504038846529,0.0271355573372911,4.2695327175678806,0
2016-08-10 06:00:00,11.906073912095525,0.7604378111197221,0.027361141730900557,2.3610985773049324,0
2016-08-10 06:05:00,11.648183083574263,0.7732251418325458,0.028835284701457502,2.3610985773049324,0
2016-08-10 06:10:00,12.358289076439672,0.7611837707523076,0.028036932478834937,2.834467975304522,0
2016-08-10 06:15:00,12.368761655854149,0.7598459129049173,0.027889928920935874,2.834467975304522,0
2016-08-10 06:20:00,12.197265547359759,0.802965323484354,0.03386792223436284,1.9988689123857781,0
2016-08-10 06:25:00,12.71465024974708,0.8489887193132473,0.04231657822923089,1.9988689123857781,0
2016-08-10 06:30:00,13.18975746597936,0.849870937684262,0.04252203244053061,3.4604671124985376,0
2016-08-10 06:35:00,12.625088027461123,0.8256574532381711,0.03703273659442851,3.4604671124985376,0
2016-08-10 06:40:00,12.730706695904495,0.7662498132622878,0.027626381900488862,2.8438699190774908,0
2016-08-10 06:45:00,13.410844042057542,0.7186799919573243,0.02090583799129294,2.53337373917713,0
2016-08-10 06:50:00,13.39639997920924,0.7134875086286225,0.02013786550780702,2.410479860054289,0
2016-08-10 06:55:00,13.707001180143113,0.7192265702743746,0.021217047865359336,2.410479860054289,0
2016-08-10 07:00:00,13.36472034537098,0.7304110207171562,0.023598159203587214,3.488372819416048,0
2016-08-10 07:05:00,13.319800939703754,0.7310653498799049,0.023036887621876626,3.488372819416048,0
2016-08-10 07:10:00,13.913285773181395,0.726835881231982,0.021212302755712214,1.7225611677298376,0
2016-08-10 07:15:00,13.460422380881335,0.7263195820418625,0.021368220055351793,2.2222371186360683,0
2016-08-10 07:20:00,13.247162931247825,0.7354328531502679,0.023264635733271203,2.2222371186360683,0
2016-08-10 07:25:00,13.165275090413042,0.7327296246491446,0.023453226301710647,1.5819053308120905,0
2016-08-10 07:30:00,12.639142158973566,0.7183625496594221,0.022212694779171493,1.645031047745451,0
2016-08-10 07:35:00,13.02943914737331,0.7201627799361023,0.022265430005039492,2.3269371219330464,0
2016-08-10 07:40:00,13.394281335067621,0.7324814092421248,0.02421140411163357,2.3269371219330464,0
2016-08-10 07:45:00,13.376612731417225,0.7396030833683267,0.025643422481465727,2.5630115126237056,0
2016-08-10 07:50:00,13.601140939286077,0.7365170916717334,0.02441457141776757,2.5630115126237056,0
2016-08-10 07:55:00,13.607189419059889,0.7444586126119859,0.02619518942137756,1.5456729034818972,0
2016-08-10 08:00:00,13.435529609221465,0.8077554805698545,0.04004276166519978,9.021457182719143,0
2016-08-10 08:05:00,12.572425172950839,0.8026025260130225,0.03942568489864134,9.021457182719143,0
2016-08-10 08:10:00,11.369506731753889,0.7462760486295403,0.02750681810651211,2.7297470902858865,0
2016-08-10 08:15:00,10.78643615401947,0.757733729940776,0.028934202183154935,2.5605116094469555,0
2016-08-10 08:20:00,10.055628105258851,0.7481655099991975,0.02702766750180951,2.230191503344505,0
2016-08-10 08:25:00,10.398260197692611,0.7660795148279937,0.02930360984819188,3.1574069870558885,0
2016-08-10 08:30:00,10.77313082144749,0.7995272359537967,0.033554094571301686,3.283684626485373,0
2016-08-10 08:35:00,10.316667746973938,0.7829299807247802,0.030170601276225596,3.283684626485373,0
2016-08-10 08:40:00,9.871752460218925,0.7567895695731497,0.027498311075545245,1.2114025397339583,0
2016-08-10 08:45:00,9.669911072213257,0.7499840572046372,0.02682549289878003,1.1984332738133827,0
2016-08-10 08:50:00,9.527259805014669,0.7610747318658254,0.027102909780906632,1.4715858271672781,0
2016-08-10 08:55:00,9.2317494959789,0.7729385522269256,0.02922863971058483,2.467278450203044,0
2016-08-10 09:00:00,9.33857944822159,0.7917304742146306,0.03239969428793023,3.3875674885906837,0
2016-08-10 09:05:00,8.971667512621348,0.7974573561519419,0.032841074414855384,3.3875674885906837,0
2016-08-10 09:10:00,8.960722359260586,0.8098627356832222,0.03596460384344006,2.4934878190143865,0
2016-08-10 09:15:00,10.641760522665285,0.8410978634766761,0.05070200508536858,19.163599127649604,0
2016-08-10 09:20:00,10.463770839203898,0.8091428139363142,0.0437537629377596,19.402989986397667,0
2016-08-10 09:25:00,9.382327358872411,0.7680037520835914,0.026796418445144448,19.402989986397667,0
2016-08-10 09:30:00,9.708175691226538,0.7706881359171075,0.027739564194677768,2.2316315550381,0
2016-08-10 09:35:00,9.79040350200087,0.7778479257024761,0.030606126120242806,3.4133283158610905,0
2016-08-10 09:40:00,11.129064344906737,0.8073760268369827,0.04329358552934655,17.871409447401597,0
2016-08-10 09:45:00,11.180747375428236,0.8350478495245703,0.04701439226154578,17.871409447401597,0
2016-08-10 09:50:00,10.161861003313346,0.8579490703095978,0.044807307621590575,2.6276858509490277,0
2016-08-10 09:55:00,10.432829621762172,0.8677779888888617,0.04715340189515366,1.990768747771178,0
2016-08-10 10:00:00,10.380502122758362,0.8177835778976446,0.036852810074613565,1.866821621026047,0
2016-08-10 10:05:00,10.00467990026373,0.7727784419958974,0.02829822575631129,1.823636660222809,0
2016-08-10 10:10:00,10.017146629069595,0.7759038934876071,0.029024497414594598,2.5757834442153373,0
2016-08-10 10:15:00,10.046688718103267,0.7796609928249942,0.029945638331974517,2.5757834442153373,0
2016-08-10 10:20:00,10.25589621098838,0.8056894413731933,0.03569223035318497,2.3042664905303614,0
2016-08-10 10:25:00,10.471971569805152,0.8107532947254685,0.03642722737612487,2.3042664905303614,0
2016-08-10 10:30:00,10.095145150831124,0.7786426050023469,0.029715456265924395,2.2764571716327784,0
2016-08-10 10:35:00,10.10451523891495,0.7764554383846585,0.029210059127756916,3.5329671760664376,0
2016-08-10 10:40:00,10.162500832451357,0.7689179682655249,0.02849668461335685,3.5329671760664376,0
2016-08-10 10:45:00,10.23503847120767,0.7857529132097234,0.0315002638011823,3.3264449638073725,0
2016-08-10 10:50:00,10.362558033600788,0.8103001096885702,0.03553448474342809,3.3264449638073725,0
2016-08-10 10:55:00,10.537033031067693,0.8438760945067041,0.04269609919146947,2.3858703461039052,0
2016-08-10 11:00:00,11.044382513385772,0.8632519450338954,0.04615275295713254,1.8754982428414837,0
2016-08-10 11:05:00,10.85685545498547,0.8360788563132884,0.04019387875035458,3.951346056426628,0
2016-08-10 11:10:00,10.475861392601967,0.824754442820882,0.03955630106436779,6.550164414194096,0
2016-08-10 11:15:00,9.941189515087434,0.7846784880763901,0.03264190909136595,6.550164414194096,0
2016-08-10 11:20:00,10.230277306901064,0.8054548492440825,0.0354791037377416,3.07773483782136,0
2016-08-10 11:25:00,10.480573478562935,0.8007809995158811,0.035045150289819235,3.07773483782136,0
2016-08-10 11:30:00,9.890042895646246,0.7407307560527061,0.02502827243653883,2.2354064899447463,0
2016-08-10 11:35:00,10.439771628601779,0.7863360642493986,0.03259661025727635,3.172572676441394,0
2016-08-10 11:40:00,10.473441383650444,0.7980840343608586,0.0336512984722289,3.172572676441394,0
2016-08-10 11:45:00,10.179830795558862,0.7954338881991584,0.03382490092353137,1.977208705969201,0
2016-08-10 11:50:00,10.609399996256107,0.8514587872265557,0.04541887603572548,1.977208705969201,0
2016-08-10 11:55:00,11.094489959865788,0.8735668005051618,0.050061033640919975,2.773638119164253,0
2016-08-10 12:00:00,11.13947601422653,0.8541367928098471,0.04478235752295401,2.773638119164253,0
2016-08-10 12:05:00,11.62733662418167,0.8584231343236783,0.044176741924500953,9.05200741483275,0
2016-08-10 12:10:00,11.818535439956076,0.8936783295850925,0.052018864804477184,9.05200741483275,0
2016-08-10 12:15:00,10.97529240114029,0.9073225586195897,0.05591920230598647,3.4512541167179402,0
2016-08-10 12:20:00,12.021258312734743,0.8963785034305134,0.051605294164407976,3.9737266911053926,0
2016-08-10 12:25:00,13.885704892911388,0.9018113439709816,0.053099358825263156,3.9737266911053926,0
2016-08-10 12:30:00,13.443941645503184,0.9004168957525698,0.05304489909052186,2.5306557669926684,0
2016-08-10 12:35:00,12.34619922391235,0.8897211313141534,0.04873654081256462,1.9262313117118441,0
2016-08-10 12:40:00,11.897746942308473,0.8970891458092046,0.05040787065270891,3.3199111239143937,0
2016-08-10 12:45:00,11.650677093136744,0.88933419761912,0.049885815079320384,3.3199111239143937,0
2016-08-10 12:50:00,11.664608123081722,0.892431264038258,0.052061949184874265,1.976080391308292,0
2016-08-10 12:55:00,11.33138235510604,0.8933247524478232,0.05253185049850765,1.976080391308292,0
2016-08-10 13:00:00,11.523379042876282,0.8845664122580155,0.05051557828388078,5.501559880282941,0
2016-08-10 13:05:00,11.611489728352662,0.8959998143956626,0.05346638043861353,5.501559880282941,0
2016-08-10 13:10:00,11.251551590502462,0.8895615733177248,0.052184536800349145,2.46085283060868,0
2016-08-10 13:15:00,11.44194820290637,0.8807563028907202,0.04910010298626538,1.546367491047663,0
2016-08-10 13:20:00,11.803670803481424,0.888357977496228,0.05078527135905375,2.4287181273883283,0
2016-08-10 13:25:00,11.902000217869448,0.8918565742279809,0.05262323912348539,5.883778100986655,0
2016-08-10 13:30:00,11.533677283086078,0.8853675518199754,0.0512078229024988,5.883778100986655,0
2016-08-10 13:35:00,11.420807153406212,0.8849822210228313,0.049988340867637204,1.3047228574942489,0
2016-08-10 13:40:00,11.542899670892462,0.8983044657223191,0.05214646014751242,3.4122340750002835,0
2016-08-10 13:45:00,12.040018153849362,0.8971215560972704,0.05276789861396354,4.789116527798914,0
2016-08-10 13:50:00,12.362550397143035,0.8810914682327899,0.04898056129979868,4.789116527798914,0
2016-08-10 13:55:00,11.758186875743855,0.8792455967452304,0.04830271394975138,3.367421855352343,0
2016-08-10 14:00:00,11.8508107121607,0.877770298295044,0.047334429287795465,3.367421855352343,0
2016-08-10 14:05:00,11.905467598265707,0.8848234587296515,0.04881808691845002,2.482525659533119,0
2016-08-10 14:10:00,11.492928997379492,0.8991912081344103,0.053267974780940266,1.3266473472534295,0
2016-08-10 14:15:00,11.614952105944298,0.8951569813411557,0.05288825368115644,1.2650339255091991,0
2016-08-10 14:20:00,11.975235094143148,0.8855575739806696,0.05095080729843343,2.263100185177073,0
2016-08-10 14:25:00,12.259308193614793,0.8842625072699632,0.04833453792605391,2.263100185177073,0
2016-08-10 14:30:00,12.370784623665788,0.8866789654551038,0.04750917181618587,1.0283765158760414,0
2016-08-10 14:35:00,12.026369026922,0.8884286720572709,0.05022677735320193,1.5763528414993828,0
2016-08-10 14:40:00,11.394961031517614,0.8956946073820918,0.05348490637220484,1.736116405164571,0
2016-08-10 14:45:00,11.053323009490688,0.9041756630506798,0.055822560177597055,1.736116405164571,0
2016-08-10 14:50:00,10.991582485424875,0.8975936772218118,0.05334655307243943,1.1806653485925815,0
2016-08-10 14:55:00,11.146261757266926,0.8892679565910735,0.05021023297395559,2.2377118368466786,0
2016-08-10 15:00:00,12.050328567286224,0.9109573910677322,0.05571818648398889,3.543067989999866,0
2016-08-10 15:05:00,11.664970455807987,0.9207443399308175,0.05958059846424215,3.543067989999866,0
2016-08-10 15:10:00,9.971968083198671,0.8459539398498748,0.04354487046316303,1.3549274326677048,0
2016-08-10 15:15:00,9.32132608231068,0.7739765694914241,0.027757531561704997,1.1057441546237825,0
2016-08-10 15:20:00,9.424047754329745,0.7867715116191907,0.029173444438703615,1.4823382458617378,0
2016-08-10 15:25:00,9.607118311145651,0.7837426465968294,0.028687270257060315,1.884948942513377,0
2016-08-10 15:30:00,9.432440668147308,0.7807010972839385,0.029985834465502396,2.6456833576266416,0
2016-08-10 15:35:00,9.534149253031249,0.8244988776447226,0.03816043345489302,2.6456833576266416,0
2016-08-10 15:40:00,9.449562171499679,0.8529413113784836,0.04300092265958323,1.904979762823884,0
2016-08-10 15:45:00,9.622555570651734,0.839016103482112,0.03993249273203896,2.329072486474357,0
2016-08-10 15:50:00,9.738723385265843,0.824203659432714,0.03753521421897826,2.329072486474357,0
2016-08-10 15:55:00,9.588583202936878,0.8455455948752131,0.0423664174359181,1.6215719494952772,0
2016-08-10 16:00:00,10.130531074639599,0.882293252238772,0.04987649086492476,2.1290351818486366,0
2016-08-10 16:05:00,10.139584105860717,0.8738961450271827,0.04783057100862798,2.1290351818486366,0
2016-08-10 16:10:00,9.46458897500834,0.8415342143656183,0.04124445408503559,1.7166040847089106,0
2016-08-10 16:15:00,9.640347776773186,0.8464807282430837,0.04277232767100209,3.3443093962877573,0
2016-08-10 16:20:00,11.781178684184212,0.9068351812915896,0.06727800042378687,3.8957273196220368,0
2016-08-10 16:25:00,14.09517018660974,0.9666810036607582,0.09821065934572092,3.8957273196220368,0
2016-08-10 16:30:00,14.61169819453903,0.981232294167147,0.10786147795399943,1.5748150830241237,0
2016-08-10 16:35:00,14.316420974822321,0.982302421050361,0.10926263941424257,1.5748150830241237,0
2016-08-10 16:40:00,14.007297152195505,0.9821709181549956,0.10853949151731442,1.9866635160875705,0
2016-08-10 16:45:00,13.547719798729329,0.9767289435515276,0.09840148090739603,1.9866635160875705,0
2016-08-10 16:50:00,12.90878769327531,0.9706224565835129,0.08870657129586437,1.8937601814708644,0
2016-08-10 16:55:00,11.888141125025793,0.9295662079862209,0.07142964822558377,3.838276131820082,0
2016-08-10 17:00:00,11.034104738373449,0.8735045614313217,0.05491540609807029,11.048716871080481,0
2016-08-10 17:05:00,25.608588148927993,0.8661290207452857,0.10333161673035215,217.56371625133028,0
2016-08-10 17:10:00,25.59283911539146,0.8622794114785768,0.09651588363987482,217.56371625133028,0
2016-08-10 17:15:00,10.522110758180023,0.8533466301544417,0.040993863709951076,3.6409489336021945,0
2016-08-10 17:20:00,10.594014728478367,0.8558383376679005,0.04077001315504051,2.60938743171728,0
2016-08-10 17:25:00,10.970931496121327,0.8479256365380279,0.03997410198713229,3.6930745527208533,0
2016-08-10 17:30:00,11.075605073422667,0.8569899223338855,0.04318659325029251,3.6930745527208533,0
2016-08-10 17:35:00,12.094525982351671,0.8833485407940762,0.056056043967333345,13.884646221001832,0
2016-08-10 17:40:00,11.561552994226254,0.8719567224841223,0.05303992215991621,13.884646221001832,0
2016-08-10 17:45:00,10.024242626652967,0.8405281138050947,0.039374298838503186,2.611288683642785,0
2016-08-10 17:50:00,10.599143269581313,0.8664782548835389,0.04570990269425005,2.9100332522761736,0
2016-08-10 17:55:00,10.526527064618833,0.8781379632935846,0.04719259533601097,2.9100332522761736,0
2016-08-10 18:00:00,9.665790230670954,0.8383922452597449,0.03928898933574617,2.1858459119790665,0
2016-08-10 18:05:00,9.68992462589189,0.8286572826463913,0.0384129587272161,2.339035868781091,0
2016-08-10 18:10:00,9.828978521848294,0.8363183199566067,0.039300015229492,2.339035868781091,0
2016-08-10 18:15:00,10.068040618515273,0.8267892773391351,0.037589657668516074,3.033719874721756,0
2016-08-10 18:20:00,10.459293429090438,0.8180903482864537,0.03592940079277139,3.033719874721756,0
2016-08-10 18:25:00,10.790811058107579,0.8233227352683167,0.03636314950345966,2.037333268622047,0
2016-08-10 18:30:00,10.95415021706514,0.8212287134245879,0.03539301688767178,1.578175299600217,0
2016-08-10 18:35:00,10.729418960358922,0.8149564111487423,0.03474963878301186,1.4991330902536604,0
2016-08-10 18:40:00,10.907369194444907,0.8256864336942829,0.036612456647411466,1.7028236280065354,0
2016-08-10 18:45:00,11.194663163932521,0.828732238792884,0.03611376605169362,1.7646653492374487,0
2016-08-10 18:50:00,10.665439846470473,0.8184211226333693,0.03455761434008087,1.7646653492374487,0
2016-08-10 18:55:00,10.32425623560133,0.8300365288451769,0.037861248275702516,2.210167484469067,0
2016-08-10 19:00:00,10.72634881879708,0.8258906203556526,0.03748682306807995,2.210167484469067,0
2016-08-10 19:05:00,10.584369063923283,0.8007202337418906,0.03343756595589595,2.375580688528048,0
2016-08-10 19:10:00,10.197548197950145,0.8169889176524621,0.03688381353400585,2.375580688528048,0
2016-08-10 19:15:00,10.266485479433054,0.8343965475154252,0.040610763770621006,3.648063886285981,0
2016-08-10 19:20:00,10.481496531645803,0.8207095212844928,0.03676143027311182,3.648063886285981,0
2016-08-10 19:25:00,10.920317731446321,0.8170787553194044,0.033481631213819064,2.52222037284565,0
2016-08-10 19:30:00,11.001161216319463,0.8136733064970201,0.033259047071878725,2.52222037284565,0
2016-08-10 19:35:00,10.582775253640104,0.81146570787784,0.034312136304521186,1.6917816265263315,0
2016-08-10 19:40:00,10.569667810857478,0.8313911539657807,0.03847247846243648,1.3128976818710696,0
2016-08-10 19:45:00,11.101170701808861,0.8704231172283317,0.0463580431490825,0.8484963770529528,0
2016-08-10 19:50:00,10.961883007269048,0.8517491395314232,0.04388052605322062,2.3175734120999905,0
2016-08-10 19:55:00,10.397510226860579,0.8062887939841413,0.03482362727580655,3.673585876073726,0
2016-08-10 20:00:00,10.42203918648011,0.8189105186281698,0.036458777152009986,3.9485728830735654,0
2016-08-10 20:05:00,10.855250035230863,0.851307739342495,0.043085222680452596,3.9485728830735654,0
2016-08-10 20:10:00,10.551718353785926,0.8486248712889743,0.04226009119777611,3.018905811927572,0
2016-08-10 20:15:00,10.261473496153695,0.8353235018804013,0.03878678123907088,3.7013062209941516,0
2016-08-10 20:20:00,10.602162326900443,0.8386455826353953,0.03887064892073338,3.7013062209941516,0
2016-08-10 20:25:00,10.2521767031391,0.8311983946613444,0.03745063228013433,1.3928494402764302,0
2016-08-10 20:30:00,9.872869797363686,0.823527608278899,0.036394694782558204,2.1992870210774678,0
2016-08-10 20:35:00,9.660768434756239,0.8045429762313155,0.032630602138640656,2.1992870210774678,0
2016-08-10 20:40:00,9.62911796912355,0.7982619717933327,0.031619443820585055,3.073826544873949,0
2016-08-10 20:45:00,9.802859014379711,0.7941474679199112,0.03151557787670546,3.073826544873949,0
2016-08-10 20:50:00,10.860407922976124,0.8115425369999287,0.04030532556894005,18.117334816919136,0
2016-08-10 20:55:00,11.021835411528308,0.8234538080995042,0.041816458807904765,18.117334816919136,0
2016-08-10 21:00:00,9.605579439371905,0.7932986664730886,0.03050144818746563,15.290727892434855,0
2016-08-10 21:05:00,9.184854169004463,0.7799198846208114,0.028148155640219046,2.3527194364799944,0
2016-08-10 21:10:00,9.180032050712601,0.7813100041083573,0.028003738454067957,1.046470549277497,0
2016-08-10 21:15:00,9.504342019160056,0.7938610390477201,0.029747312370308143,0.6978619123232582,0
2016-08-10 21:20:00,10.077328998008657,0.8107692735193918,0.0324570484304266,2.410539739177445,0
2016-08-10 21:25:00,10.164441674251353,0.8132522703798831,0.033494536011368446,2.410539739177445,0
2016-08-10 21:30:00,10.140558668289142,0.8081161154004438,0.032822273747487044,3.016798281013927,0
2016-08-10 21:35:00,10.304440486070288,0.808248165983491,0.03122624796013241,3.016798281013927,0
2016-08-10 21:40:00,10.279326949266183,0.8056626899870225,0.030168232338301283,2.1020354491004323,0
2016-08-10 21:45:00,10.906285304161026,0.8197737227740223,0.037854884773895356,14.864687781415356,0
2016-08-10 21:50:00,11.029727580296898,0.8308053508670832,0.0410053199688759,14.864687781415356,0
2016-08-10 21:55:00,10.992985119779465,0.8745027273907976,0.048172785250350784,1.5798248054437918,0
2016-08-10 22:00:00,11.103044189379432,0.8933439233408396,0.05298018205629662,3.0143119550426665,0
2016-08-10 22:05:00,10.455982811984477,0.8324090506795597,0.03902169458377671,3.0143119550426665,0
2016-08-10 22:10:00,10.502910944246175,0.8153744188037394,0.03453760810092206,3.0597542426715254,0
2016-08-10 22:15:00,10.18938578932371,0.7991134168420995,0.031755232107344336,4.83641434027015,0
2016-08-10 22:20:00,9.919086594425261,0.7892198643593312,0.028094209480811722,4.83641434027015,0
2016-08-10 22:25:00,10.48946841205146,0.819489785458302,0.03392788665368478,4.660035822309825,0
2016-08-10 22:30:00,11.62367878704262,0.8779783019240622,0.05026445283326535,4.660035822309825,0
2016-08-10 22:35:00,11.23583587904218,0.8667010236033875,0.04853613687754056,4.039389475235517,0
2016-08-10 22:40:00,9.91324829117774,0.8049857067756705,0.03344540463908322,3.873286378426533,0
2016-08-10 22:45:00,10.18312155108809,0.8128452290529335,0.03397420976936564,2.6805167271994703,0
2016-08-10 22:50:00,10.746345294241866,0.8255942727427807,0.03595138935111637,2.6805167271994703,0
2016-08-10 22:55:00,10.642136587651057,0.833292959202805,0.03791375594115419,2.473157156004987,0
2016-08-10 23:00:00,11.359127076561965,0.8743470164373821,0.048018548504139766,2.284580780203036,0
2016-08-10 23:05:00,11.498668078756376,0.9070226870524882,0.05631333931344603,2.284580780203036,0
2016-08-10 23:10:00,10.300401726363926,0.8710613147228252,0.047096888989686454,1.925475623003866,0
2016-08-10 23:15:00,10.10053862417268,0.8411316090015551,0.03873391794537731,2.4242615861710646,0
2016-08-10 23:20:00,10.46144525170458,0.8423845179764037,0.037891269590182006,2.4242615861710646,0
2016-08-10 23:25:00,10.69362192967537,0.8414797179209831,0.03693735106498301,2.519071871435204,0
2016-08-10 23:30:00,10.434110914405462,0.8480393161713815,0.040023363059848674,2.519071871435204,0
2016-08-10 23:35:00,10.177237760534066,0.8385009625581662,0.03878553891996767,2.421292497137227,0
2016-08-10 23:40:00,10.916311319103999,0.8541253780119015,0.042763817144659134,3.4593510201204802,0
2016-08-10 23:45:00,11.250502457072617,0.8805823162264517,0.0475282423003356,3.4593510201204802,0
2016-08-10 23:50:00,10.591378959551125,0.8578740880364661,0.04098851055738632,3.3277049512972074,0
2016-08-10 23:55:00,10.249764993787453,0.8477133498787249,0.03947637674530476,1.5110271518954397,0
2016-08-11 00:00:00,10.10324967784296,0.8430583975702959,0.0402992099236805,1.5110271518954397,0
2016-08-11 00:05:00,10.082637012893208,0.8296491533157474,0.03829881469465012,1.4003213339834342,0
2016-08-11 00:10:00,10.198398387634807,0.8234657778749128,0.03545511696303704,4.402553687551592,0
2016-08-11 00:15:00,10.462910911746278,0.8367359440571092,0.03760283332145087,4.402553687551592,0
2016-08-11 00:20:00,10.558684417248127,0.8462343906011389,0.03936779365928263,2.502311401367152,0
2016-08-11 00:25:00,10.740944418893685,0.8539457994589112,0.040467275375583436,2.502311401367152,0
2016-08-11 00:30:00,11.999252718589615,0.8751233197447066,0.04496680994213268,4.76548663196002,0
2016-08-11 00:35:00,12.407120856032742,0.8769462457497793,0.045211469380536086,4.76548663196002,0
2016-08-11 00:40:00,11.705085505947405,0.8545616545154509,0.03998258503941426,3.311664279989717,0
2016-08-11 00:45:00,11.035223479895294,0.828879620121407,0.03539164192317145,2.6068803579798874,0
2016-08-11 00:50:00,10.57263124941067,0.8261409785844698,0.03532500219633593,4.069761965757761,0
2016-08-11 00:55:00,10.487464514067403,0.821719451414154,0.0349039173178461,4.069761965757761,0
2016-08-11 01:00:00,10.16978115066166,0.8207135372213614,0.03551253602870942,3.4160504759211485,0
2016-08-11 01:05:00,10.263474448366688,0.8319803236058178,0.03676421789531743,2.790251128691413,0
2016-08-11 01:10:00,10.727050022656332,0.8417866531792331,0.03790769422228096,3.1947349026794907,0
2016-08-11 01:15:00,11.500675488894421,0.8616340015935254,0.04259484624430672,3.1947349026794907,0
2016-08-11 01:20:00,11.673552803260437,0.865958873599251,0.044605999982138635,1.7010549046395993,0
2016-08-11 01:25:00,11.405547180343635,0.8493778651688181,0.04099004446466177,2.7280960764902775,0
2016-08-11 01:30:00,11.606779689131566,0.8537057285026348,0.04175649704174973,4.522894852320962,0
2016-08-11 01:35:00,11.87401420342365,0.8424172537948676,0.03999002866900947,4.522894852320962,0
2016-08-11 01:40:00,11.601806219794067,0.8064289179494676,0.033479456113590905,2.386317838349501,0
2016-08-11 01:45:00,11.149328635264755,0.7967302895207187,0.0317580962001345,2.386317838349501,0
2016-08-11 01:50:00,11.821877339314247,0.8239784387470388,0.03696739850849869,4.653560657810734,0
2016-08-11 01:55:00,12.203632751176192,0.829282548533951,0.04019328872990848,5.673275348990566,0
2016-08-11 02:00:00,11.179755483764504,0.7903536097069793,0.03324311966712096,5.673275348990566,0
2016-08-11 02:05:00,10.476309048440758,0.7593469436742928,0.02728063858155321,2.8145054071592557,0
2016-08-11 02:10:00,10.882750035629723,0.746646074671891,0.026741222795997045,2.5391034402091583,0
2016-08-11 02:15:00,10.97742201803406,0.7368615999459389,0.02567789591788634,2.5391034402091583,0
2016-08-11 02:20:00,11.38895722949639,0.7550243731631536,0.02597639183585107,2.372112742473221,0
2016-08-11 02:25:00,11.424290237778573,0.7728003385321572,0.027860601721458423,3.433221773774921,0
2016-08-11 02:30:00,11.467239958297444,0.7773585583837288,0.03156265318162256,7.6692355292115435,0
2016-08-11 02:35:00,11.841651382460896,0.7793389135642421,0.03153215257676229,7.6692355292115435,0
2016-08-11 02:40:00,11.670591174238584,0.7652696079220673,0.027628708515427768,3.019417866355309,0
2016-08-11 02:45:00,11.739919965500366,0.7563981659656615,0.02658436781500013,3.019417866355309,0
2016-08-11 02:50:00,11.77039575537828,0.7525702410266667,0.026047441134954885,2.5719484651850406,0
2016-08-11 02:55:00,12.188137072776216,0.7782401565655089,0.03086899550973741,2.7732876611384167,0
2016-08-11 03:00:00,12.387362365780481,0.8240141381108119,0.03924823815376836,2.7732876611384167,0
2016-08-11 03:05:00,12.084025166651049,0.8064242376709275,0.03577893117774139,2.557247992159299,0
2016-08-11 03:10:00,11.712371857544959,0.7636071466052792,0.027741929173424697,2.0425246605339495,0
2016-08-11 03:15:00,11.916373446658639,0.7626140202581656,0.02680673283229204,2.1779219766445763,0
2016-08-11 03:20:00,12.876405335504629,0.770616579758879,0.027581258386690382,3.38987745335671,0
2016-08-11 03:25:00,12.910602035660272,0.7524794710181966,0.025571673968461196,3.8984659732246363,0
2016-08-11 03:30:00,12.728927361557528,0.7480222199608002,0.02602721009228947,4.2783571056849405,0
2016-08-11 03:35:00,13.632464622921765,0.7851573589992306,0.03130992640264684,4.2783571056849405,0
2016-08-11 03:40:00,13.937299888071589,0.7789125485130883,0.03011793482462689,2.725960251517976,0
2016-08-11 03:45:00,13.794018641579044,0.771714870247467,0.029934894220830743,2.70511633527873,0
2016-08-11 03:50:00,14.091328118373847,0.7845485857712395,0.03126468504040775,2.70511633527873,0
2016-08-11 03:55:00,14.761217358797925,0.8052934345493589,0.03538550982382666,2.657786838512576,0
2016-08-11 04:00:00,14.45521583418982,0.8198751906402858,0.03985739238489165,2.657786838512576,0
2016-08-11 04:05:00,14.109882841011492,0.8169072664783692,0.03891722428931491,5.342258287111927,0
2016-08-11 04:10:00,15.12480285610159,0.8599796659333653,0.04355994309686792,5.342258287111927,0
2016-08-11 04:15:00,16.155976759827748,0.8720076057638007,0.04570737109907318,1.9754961576838856,0
2016-08-11 04:20:00,16.416823064109376,0.848809444490277,0.04437133367518364,3.2256442719388807,0
2016-08-11 04:25:00,16.13565481643757,0.8506737275527883,0.0450076644748699,4.946137241601784,0
2016-08-11 04:30:00,15.75468171951941,0.8409984694585095,0.04348789007237454,4.946137241601784,0
2016-08-11 04:35:00,16.2041051029783,0.8062325332317776,0.0372282229167509,2.209104283563694,0
2016-08-11 04:40:00,16.091624390695188,0.7709648517118848,0.030046625619853513,2.0848237484736107,0
2016-08-11 04:45:00,15.259415699458973,0.745751080721305,0.024774675294849564,2.2943204588126944,0
2016-08-11 04:50:00,15.332395755259483,0.7381072552226451,0.022926945334127154,3.214201898279415,0
2016-08-11 04:55:00,14.79995138181387,0.7491158809771348,0.024947716318651746,3.7767710947913824,0
2016-08-11 05:00:00,13.732101144240579,0.7462621173951838,0.025221268500646127,4.816704064090064,0
2016-08-11 05:05:00,13.762029409755224,0.7484240911453983,0.026210809533208496,4.816704064090064,0
2016-08-11 05:10:00,14.377563064855476,0.7662126499008561,0.029329306690437235,3.1278868242538524,0
2016-08-11 05:15:00,14.161236850707557,0.7584754416347961,0.027384818352318784,1.98441719114196,0
2016-08-11 05:20:00,14.064506428851832,0.7503375872591227,0.026448733510592164,4.259560555910989,0
2016-08-11 05:25:00,14.222779726210726,0.7629126964774144,0.029234670595080524,4.259560555910989,0
2016-08-11 05:30:00,13.976952533852245,0.7996010520171617,0.03490014158725633,3.4507934501059876,0
2016-08-11 05:35:00,14.059842909110358,0.8122378605001886,0.03768495141679687,3.4507934501059876,0
2016-08-11 05:40:00,14.432003709994603,0.7702614158801462,0.030481731609770406,2.080986477045928,0
2016-08-11 05:45:00,14.844153896763387,0.7623567043451405,0.0290859267887027,2.3971752787129526,0
2016-08-11 05:50:00,15.062360930046122,0.7658947343091773,0.02894443025850484,2.4840829876706323,0
2016-08-11 05:55:00,14.895398152090507,0.7472992020355518,0.024206604402914306,2.755326422790639,0
2016-08-11 06:00:00,14.041721892682526,0.7316207943741143,0.022546843744872126,3.1777942347838275,0
2016-08-11 06:05:00,13.931428841549248,0.7271361068299034,0.022493253328155802,3.1777942347838275,0
2016-08-11 06:10:00,14.515659366499985,0.7277339502532201,0.02178277011161927,2.2067908655110333,0
2016-08-11 06:15:00,14.683669808365021,0.7245187269649787,0.0209044424125146,1.6940434293396072,0
2016-08-11 06:20:00,14.625735051197335,0.7290511939864535,0.02181860742259338,1.4355552630863169,0
2016-08-11 06:25:00,14.254799799264552,0.7212889596952072,0.021093097171210724,3.0550054823519566,0
2016-08-11 06:30:00,15.53803251550408,0.7545622406404167,0.030896015145336946,13.884427108747026,0
2016-08-11 06:35:00,15.901959229516752,0.7674619526868904,0.032744378713331704,13.884427108747026,0
2016-08-11 06:40:00,14.992305514810207,0.7366878709377234,0.024252465439599823,6.9566733662739715,0
2016-08-11 06:45:00,14.552736569915456,0.7261611315645848,0.022946964217458038,2.5125629873139896,0
2016-08-11 06:50:00,13.87520566378723,0.7206744364069306,0.02174263413780144,2.3166423072760316,0
2016-08-11 06:55:00,13.811684734680583,0.7476777992449943,0.029429076239977862,12.211037908136163,0
2016-08-11 07:00:00,13.183856686102569,0.7608599077599849,0.03256916124161336,12.211037908136163,0
2016-08-11 07:05:00,13.099600632554138,0.8044706273727241,0.03754655532429038,3.1829552467333575,0
2016-08-11 07:10:00,14.161355688860258,0.8284358966948784,0.04192020505553734,3.1829552467333575,0
2016-08-11 07:15:00,14.293453472779358,0.7754007700293168,0.03168527695456894,2.757307600735245,0
2016-08-11 07:20:00,14.308883084796957,0.7376118086324234,0.023622863820012475,2.757307600735245,0
2016-08-11 07:25:00,14.26916499654754,0.731646881014044,0.023965042520327353,2.3707402473435906,0
2016-08-11 07:30:00,14.21690999772205,0.7653723539262867,0.030373688166492736,4.163962649821278,0
2016-08-11 07:35:00,14.170221574669394,0.7657461769656227,0.03008698990207016,4.163962649821278,0
2016-08-11 07:40:00,13.687852288872127,0.7358487936633333,0.024814913894265142,4.2551617592175495,0
2016-08-11 07:45:00,12.971420665267084,0.7272103951184818,0.02313833268360649,4.2551617592175495,0
2016-08-11 07:50:00,12.385881011805118,0.7349655977402401,0.024197501349148793,5.168712246678244,0
2016-08-11 07:55:00,12.384621157603306,0.7349285677175015,0.02506080084276448,5.168712246678244,0
2016-08-11 08:00:00,11.4990817438809,0.7313419464361157,0.024427172752805135,3.683754961232867,0
2016-08-11 08:05:00,10.955817233581426,0.7568940958054609,0.028118408404556632,2.7778771320632005,0
2016-08-11 08:10:00,11.077907202598437,0.7487874823277794,0.02755072634391751,1.9691318497673982,0
2016-08-11 08:15:00,10.64036230001486,0.721979549504359,0.022870344485200745,1.6444190737501347,0
2016-08-11 08:20:00,10.496100181901067,0.7248445699816009,0.02326660847294263,2.0750415596160665,0
2016-08-11 08:25:00,10.697876015624036,0.7603137141830695,0.03033323084773069,4.184205983036483,0
2016-08-11 08:30:00,10.742982863518339,0.7764463922362606,0.032750213385945276,4.184205983036483,0
2016-08-11 08:35:00,10.591123956651268,0.7602096650545176,0.029032904447378514,1.5697924620864645,0
2016-08-11 08:40:00,10.662847072566839,0.7654800326330768,0.03018323064277626,7.3958889473945995,0
2016-08-11 08:45:00,10.710669635210865,0.8020619859518627,0.03451177645135563,7.3958889473945995,0
2016-08-11 08:50:00,10.589070172012445,0.8306669213320247,0.03776564652732948,2.5988698702416597,0
2016-08-11 08:55:00,10.075116655586434,0.8243149865008809,0.038048542396158055,2.5988698702416597,0
2016-08-11 09:00:00,9.816798933465751,0.8316254973080425,0.03881959530008219,3.442318239116955,0
2016-08-11 09:05:00,9.792673832918407,0.8496864094158116,0.04081310017907315,3.442318239116955,0
2016-08-11 09:10:00,9.854652084847977,0.8505413898305336,0.04141498273773663,1.593240518077806,0
2016-08-11 09:15:00,10.407827410346668,0.8723994165042227,0.046671642607216554,2.2230060773051816,0
2016-08-11 09:20:00,10.272831543484667,0.8772439467220892,0.047337871910789225,2.2948082857008956,0
2016-08-11 09:25:00,9.790196641881346,0.8472552137111495,0.04137447990659362,2.2948082857008956,0
2016-08-11 09:30:00,9.773741523139858,0.8381734988519801,0.040526501070646044,1.9902646958730394,0
2016-08-11 09:35:00,10.932205321733289,0.8516924663243384,0.04227706320704197,7.362309619234525,0
2016-08-11 09:40:00,11.376138001771398,0.8569482726742068,0.04249993931021219,7.362309619234525,0
2016-08-11 09:45:00,10.707159358210118,0.8344799595929321,0.03828381944619148,2.4832470946182914,0
2016-08-11 09:50:00,10.512003138195102,0.836812437440782,0.03941564379587183,2.4832470946182914,0
2016-08-11 09:55:00,10.43709196447849,0.84833191438979,0.04169052292493556,2.3239678626588587,0
2016-08-11 10:00:00,10.226782152451584,0.8312729068861635,0.03853476872043765,2.713751993926575,0
2016-08-11 10:05:00,9.94202530642514,0.8294986498183908,0.03800340464433642,2.713751993926575,0
2016-08-11 10:10:00,10.023206243784763,0.8421338753553095,0.04025010536245,2.8575423450056854,0
2016-08-11 10:15:00,10.83132727389808,0.880076468049375,0.05155824899127874,2.8575423450056854,0
2016-08-11 10:20:00,10.942377428153522,0.884233013266032,0.0540502399270778,1.8166110420341877,0
2016-08-11 10:25:00,10.174567335119264,0.8223895301327339,0.03871424965619548,3.4880967335850763,0
2016-08-11 10:30:00,10.176287423612958,0.7983722287761166,0.032970013609199364,3.4880967335850763,0
2016-08-11 10:35:00,10.072383765572585,0.8008127595852915,0.03397974672968436,1.8359595887141809,0
2016-08-11 10:40:00,9.44476696056164,0.7831669436228796,0.03136588165232798,1.8359595887141809,0
2016-08-11 10:45:00,9.75584591362177,0.7878205993953445,0.03191853655077891,2.6954407484102543,0
2016-08-11 10:50:00,11.066889478112907,0.8421239785670002,0.041410359392438485,8.82920823245747,0
2016-08-11 10:55:00,10.464678867153378,0.8277226600621712,0.03899507792590477,8.82920823245747,0
2016-08-11 11:00:00,9.625954509528722,0.7849187954474353,0.030676405798144662,1.3838742532146493,0
2016-08-11 11:05:00,9.820684742592782,0.7843305736328418,0.030346881916166246,1.8361660559930972,0
2016-08-11 11:10:00,9.190365677520717,0.7594665209199054,0.026662478364928643,1.9515478127889014,0
2016-08-11 11:15:00,8.875429383220371,0.7530455703943179,0.025947261068567446,1.9515478127889014,0
2016-08-11 11:20:00,9.130645155301119,0.7717931236359299,0.029421682524372154,2.6572099534287488,0
2016-08-11 11:25:00,9.746203747206199,0.7938809508985429,0.031883201167588575,3.315824163965694,0
2016-08-11 11:30:00,9.50365738785308,0.7824837473764108,0.029291157371605748,3.315824163965694,0
2016-08-11 11:35:00,9.430814118869595,0.8152515289963711,0.03658440715097254,3.5029811627315226,0
2016-08-11 11:40:00,10.051483050293118,0.868431361658014,0.04559505657577679,3.5029811627315226,0
2016-08-11 11:45:00,9.753837644753288,0.8554761571556174,0.04329680357885193,3.2643321253141537,0
2016-08-11 11:50:00,9.356718864851922,0.825456148818621,0.038802698844787056,1.6235900407576402,0
2016-08-11 11:55:00,9.517239439316803,0.8175801271876344,0.037960032964266345,2.9108491933527487,0
2016-08-11 12:00:00,10.261006670355773,0.8581555002181557,0.04440598398951319,2.9108491933527487,0
2016-08-11 12:05:00,11.060839202548864,0.8884578863340022,0.04954685909663265,2.0109206659178183,0
2016-08-11 12:10:00,11.181594739790423,0.9120091427950002,0.057138152543674436,2.0130489230918456,0
2016-08-11 12:15:00,10.627645420834078,0.8888847002144511,0.0515711376628686,2.3091121147850218,0
2016-08-11 12:20:00,10.804575762447103,0.855975708510152,0.04064335798053179,3.0724332644715595,0
2016-08-11 12:25:00,11.328617617147147,0.8675063376767396,0.04194767684628526,3.0724332644715595,0
2016-08-11 12:30:00,10.873688932152698,0.8642687614218398,0.04321577724645236,2.439100643811105,0
2016-08-11 12:35:00,11.114360015416825,0.8852418161650216,0.05156733181841446,2.3582877089572754,0
2016-08-11 12:40:00,12.04715688708556,0.9040004790595964,0.05632573140407704,3.680143131157417,0
2016-08-11 12:45:00,11.22632586106979,0.8674092035943657,0.04678165260570689,3.680143131157417,0
2016-08-11 12:50:00,10.164737571202647,0.8413857848475879,0.040138038038429184,2.733028505327419,0
2016-08-11 12:55:00,10.217705302538254,0.8514545058100829,0.040603971342406064,2.733028505327419,0
2016-08-11 13:00:00,10.826280858270136,0.8621033097488576,0.04228238700034221,3.651460621354611,0
2016-08-11 13:05:00,11.19420625744388,0.8740530001778842,0.04528109639698622,3.651460621354611,0
2016-08-11 13:10:00,11.042072308165691,0.8830143850949906,0.047574629970130004,2.6314511190509937,0
2016-08-11 13:15:00,11.746455603329492,0.9117094940495504,0.0583871008409648,2.289773324090693,0
2016-08-11 13:20:00,11.533878334798073,0.8925073811662283,0.05362640409411716,2.0779024676351763,0
2016-08-11 13:25:00,10.677873211964016,0.8448635204816103,0.039451202563116225,1.8477066479801052,0
2016-08-11 13:30:00,10.53267418868668,0.8333919134169467,0.03840646929828502,1.7999728835345346,0
2016-08-11 13:35:00,10.351606236515932,0.8370352577133873,0.03839206925318011,3.074260214389369,0
2016-08-11 13:40:00,10.717429509073312,0.8725491911879841,0.04563647473153467,3.074260214389369,0
2016-08-11 13:45:00,11.094915968873998,0.8944367358424673,0.05019218075558738,2.219868692472886,0
2016-08-11 13:50:00,10.970295280936792,0.8938202226015994,0.050014293144802865,2.2473727394849603,0
2016-08-11 13:55:00,10.422436097594261,0.8765996697470076,0.04754469414726514,2.2473727394849603,0
2016-08-11 14:00:00,10.348472370253479,0.8544331163277782,0.04269618653377292,2.7637280562682256,0
2016-08-11 14:05:00,10.249970322940861,0.8593861748249862,0.04333874400342193,3.060169491498738,0
2016-08-11 14:10:00,9.810220804915925,0.860529840415872,0.04278961803450571,3.060169491498738,0
2016-08-11 14:15:00,9.877819062030495,0.8604975239410866,0.04289212464122967,1.3548599696769996,0
2016-08-11 14:20:00,9.947527584751676,0.8595167751850781,0.04286633524581936,2.037494449612073,0
2016-08-11 14:25:00,10.827596984531928,0.9007463821507256,0.05725509321949953,2.9266677064963753,0
2016-08-11 14:30:00,10.703013783808485,0.8827053274278988,0.05483200653744445,2.9266677064963753,0
2016-08-11 14:35:00,10.310542157243153,0.8350605601342107,0.039712967610423866,2.4554553116602715,0
2016-08-11 14:40:00,10.362344347465248,0.8238121131395263,0.0377046942520252,2.250567829268578,0
2016-08-11 14:45:00,9.959825362545908,0.8128901823097917,0.034732889455354396,2.250567829268578,0
2016-08-11 14:50:00,10.517897670183917,0.8471383102096275,0.04032176362080981,1.6240863094366949,0
2016-08-11 14:55:00,10.771146294625751,0.8806772080915056,0.049339046048974586,2.107219337530728,0
2016-08-11 15:00:00,10.433507889150409,0.902631898161501,0.05651684356968273,2.107219337530728,0
2016-08-11 15:05:00,9.888694045748366,0.8891723908975916,0.05165354173655058,2.8594923670179226,0
2016-08-11 15:10:00,9.686112390905347,0.8705485893628893,0.04655740951484866,2.8594923670179226,0
2016-08-11 15:15:00,10.361713207561644,0.8909732073545092,0.05107015925112801,2.77260438044452,0
2016-08-11 15:20:00,11.24487888701795,0.9190775359911657,0.05677052964732667,2.515347999539955,0
2016-08-11 15:25:00,11.331028302270957,0.8949323436763025,0.050040723710162424,2.515347999539955,0
2016-08-11 15:30:00,11.016594570674329,0.8781987914577216,0.04531548028491749,2.3626104942528756,0
2016-08-11 15:35:00,10.855698845561694,0.8792964166767658,0.04636200796433626,2.4429637571800695,0
2016-08-11 15:40:00,10.226627317856899,0.8727606653680636,0.04548511154312122,2.4429637571800695,0
2016-08-11 15:45:00,10.428651357344807,0.9041507395516327,0.056488888774633005,3.5029981539143855,0
2016-08-11 15:50:00,10.493791659245998,0.8997972871948006,0.05630746963391642,3.5029981539143855,0
2016-08-11 15:55:00,9.975287450868837,0.8796880283533801,0.04881816263880019,2.2801493220147675,0
2016-08-11 16:00:00,10.176901959629635,0.8687068445524669,0.04671148475341832,3.9599091831493407,0
2016-08-11 16:05:00,9.913729936259177,0.8406349302428234,0.04058340425221247,3.9599091831493407,0
2016-08-11 16:10:00,10.411724989921954,0.8602090113386206,0.049114670048361085,13.131724288851135,0
2016-08-11 16:15:00,10.530925143212144,0.8619687351253724,0.05054408538843467,13.131724288851135,0
2016-08-11 16:20:00,9.818341333959316,0.8517914206264611,0.04324081602980375,2.4048242949755707,0
2016-08-11 16:25:00,10.52278293595457,0.896979604629668,0.05522861466513349,2.2255406140063054,0
2016-08-11 16:30:00,10.486462080504094,0.8964978201431868,0.05417843188378456,2.2255406140063054,0
2016-08-11 16:35:00,10.254083943262,0.8575109226559882,0.04086993815841235,1.9917414744311477,0
2016-08-11 16:40:00,10.649389551900017,0.856183209346852,0.03873065152165416,1.624377159920073,0
2016-08-11 16:45:00,10.557025864056822,0.85295443787568,0.03743602580114497,1.3531756171835827,0
2016-08-11 16:50:00,10.60814232619589,0.857318755409182,0.040117696248687315,1.1118596149168198,0
2016-08-11 16:55:00,10.708617104385045,0.8597410532053655,0.042380958162295826,3.4033900630863845,0
2016-08-11 17:00:00,10.412798141731102,0.8371006985105081,0.0379664757672043,3.4033900630863845,0
2016-08-11 17:05:00,10.160050461013267,0.8432065589303428,0.03899504084062038,1.4685181480578062,0
2016-08-11 17:10:00,10.283559030611483,0.8540808181105674,0.042054428277089835,2.3382539422029796,0
2016-08-11 17:15:00,10.271372271588714,0.8327892945663313,0.03845920971207235,2.3382539422029796,0
2016-08-11 17:20:00,10.628511658070327,0.8630025164554863,0.04545902438519116,1.9740788942018883,0
2016-08-11 17:25:00,11.158433722808544,0.9159162703623198,0.05997255831024926,2.3037289340803486,0
2016-08-11 17:30:00,11.121785377636476,0.9130124529779391,0.05934877845521669,2.3037289340803486,0
2016-08-11 17:35:00,11.099794989714445,0.8991301338230113,0.05395684258207466,4.132307374835673,0
2016-08-11 17:40:00,11.587053931485789,0.8913514479613524,0.05376637476371393,4.132307374835673,0
2016-08-11 17:45:00,10.972065644581164,0.8603743862708616,0.04524264013331637,3.950028620211689,0
2016-08-11 17:50:00,10.000778154112309,0.8387290282046788,0.03778134312582705,0.6721384661379609,0
2016-08-11 17:55:00,10.062263525337984,0.8355731279251761,0.03754279086532976,1.3142460326997079,0
2016-08-11 18:00:00,10.20885198310166,0.8229099632038516,0.036529370086340454,1.8717615277739332,0
2016-08-11 18:05:00,10.88223621537339,0.8421932116743844,0.041171640866525624,4.702610962769086,0
2016-08-11 18:10:00,11.603138913315814,0.8862139770612839,0.05084678196452965,5.867651507712861,0
2016-08-11 18:15:00,11.544808444874096,0.8651492200551364,0.04705631279715716,5.867651507712861,0
2016-08-11 18:20:00,11.643941046929672,0.8477577533760823,0.043220470723130774,3.54239057121568,0
2016-08-11 18:25:00,11.249169446222956,0.8474863956751536,0.041779104837246034,3.529782088247368,0
2016-08-11 18:30:00,10.184476118688771,0.8180496246930408,0.03598912661776578,2.432445922399132,0
2016-08-11 18:35:00,10.279651140466976,0.823417436347466,0.037755871128514876,3.0482724838673922,0
2016-08-11 18:40:00,10.728508376595233,0.8538755267262249,0.043092727832554155,3.0482724838673922,0
2016-08-11 18:45:00,10.490691023543757,0.8452257071365604,0.04123882258537382,2.150808655596461,0
2016-08-11 18:50:00,10.537345484071663,0.8301097804675002,0.03748512018638153,2.839762307740619,0
2016-08-11 18:55:00,10.285400076628436,0.8288299206142108,0.03813691470823632,2.839762307740619,0
2016-08-11 19:00:00,10.075776478481288,0.8173971919329193,0.0366386226713346,1.8830209805345726,0
2016-08-11 19:05:00,10.474375728184215,0.81075473766358,0.03517259972625552,1.8830209805345726,0
2016-08-11 19:10:00,11.303752546544905,0.845324358206246,0.04173813983844426,2.2288672358172423,0
2016-08-11 19:15:00,11.642003580284221,0.867748276582849,0.04603186075559494,2.2288672358172423,0
2016-08-11 19:20:00,11.172592293551197,0.8304423484269389,0.03775622824987353,1.7207503173671224,0
2016-08-11 19:25:00,11.30347998130541,0.8380615373748751,0.037395075187257334,2.450649441994054,0
2016-08-11 19:30:00,11.005312591243229,0.8523024909208285,0.0405158817064389,3.231572004375005,0
2016-08-11 19:35:00,11.938175552191641,0.8764877501401351,0.0486262043428228,3.231572004375005,0
2016-08-11 19:40:00,12.631440651202231,0.8810992456090019,0.051032280960091304,3.4532690121949217,0
2016-08-11 19:45:00,11.321512077574273,0.8410266616511223,0.041544485064769224,3.4532690121949217,0
2016-08-11 19:50:00,10.711586857937085,0.8257283019167854,0.03749615626604392,3.4148597969516734,0
2016-08-11 19:55:00,11.00350759637048,0.8388341086184541,0.0402888458328773,2.610616913030244,0
2016-08-11 20:00:00,11.303343978101598,0.8760719117815149,0.05000487031561853,2.610616913030244,0
2016-08-11 20:05:00,10.652382953189386,0.8416416007770466,0.043156342385039,2.5748336569490635,0
2016-08-11 20:10:00,10.27620175996971,0.8069756872971666,0.03250678088972148,2.5748336569490635,0
2016-08-11 20:15:00,11.338983167956217,0.852046314899875,0.04131096120832573,2.125993424930282,0
2016-08-11 20:20:00,11.815573118854445,0.8495066240244071,0.04186546964482526,2.7989956832991,0
2016-08-11 20:25:00,11.319076832409205,0.8015728433858788,0.03245213910246655,2.7989956832991,0
2016-08-11 20:30:00,11.082899721555894,0.834658023498021,0.04064269327295317,2.596295123826302,0
2016-08-11 20:35:00,11.065922227659126,0.8338316937182153,0.03924304841637163,2.596295123826302,0
2016-08-11 20:40:00,11.835533645988278,0.8537642398045502,0.04497913702174089,2.0381766743180925,0
2016-08-11 20:45:00,11.460312944265755,0.8589985973235305,0.04585309385949733,2.5646652799513583,0
2016-08-11 20:50:00,10.716737073673333,0.7938527885913721,0.0285873190666519,2.5646652799513583,0
2016-08-11 20:55:00,11.09897701258372,0.8017228161199442,0.03048314746421572,1.6492379971880047,0
2016-08-11 21:00:00,11.45046361520806,0.8682253830688322,0.050472485980175265,1.7212617700454045,0
2016-08-11 21:05:00,11.69532833860313,0.8790503370205953,0.052954560821003874,3.5552893372737016,0
2016-08-11 21:10:00,11.19355862947657,0.8094245750010061,0.03266710828565144,3.5552893372737016,0
2016-08-11 21:15:00,11.585272088164881,0.7857315784964966,0.028226372729665456,4.303760364335694,0
2016-08-11 21:20:00,12.66606028830724,0.78125222923549,0.028409519843434327,4.303760364335694,0
2016-08-11 21:25:00,13.301992985824086,0.8428904537390076,0.04276499559417467,3.2505151094481146,0
2016-08-11 21:30:00,12.823188963432452,0.890213726553258,0.052881130681906176,3.086693356054967,0
2016-08-11 21:35:00,12.236354552707766,0.8324171335968151,0.039538398340088377,3.0365519300186876,0
2016-08-11 21:40:00,12.039070084453574,0.80143091400527,0.03124112562861218,2.6673554513449105,0
2016-08-11 21:45:00,11.416044732843892,0.8212147337024273,0.035171884813593,2.5992798882478896,0
2016-08-11 21:50:00,11.280891307580774,0.8145381585206682,0.034071321808799446,2.7414330746984534,0
2016-08-11 21:55:00,11.3480032173936,0.8002300654925055,0.03012440292590409,2.7414330746984534,0
2016-08-11 22:00:00,11.479379884811262,0.815481455297004,0.033557805178448544,3.309167539135832,0
2016-08-11 22:05:00,11.393492168237966,0.8313088147612067,0.03736502760484839,3.309167539135832,0
2016-08-11 22:10:00,10.97307051144922,0.8358021488305754,0.03787802785631907,2.4378760016872616,0
2016-08-11 22:15:00,11.020113469804215,0.8435920900808692,0.039235541341860566,2.4378760016872616,0
2016-08-11 22:20:00,11.547373162413288,0.8398930097974948,0.03900837869296678,3.192485085621747,0
2016-08-11 22:25:00,11.718167961422136,0.8243886836753545,0.03463875190140094,3.192485085621747,0
2016-08-11 22:30:00,12.74031489640679,0.864184603897759,0.04514766537624839,3.1374331725652778,0
2016-08-11 22:35:00,12.922798903783137,0.8619298569941296,0.0457638583040174,2.8741217600674203,0
2016-08-11 22:40:00,11.985404790791346,0.831183633799765,0.03651348732771098,2.1244794576439654,0
2016-08-11 22:45:00,11.85359314717046,0.8460699295240909,0.04008454709881531,8.167251500676322,0
2016-08-11 22:50:00,11.462535953436808,0.8200404080811499,0.03455849259464723,8.167251500676322,0
2016-08-11 22:55:00,10.906722524748865,0.7989585134156124,0.0291889729080664,2.340455713982556,0
2016-08-11 23:00:00,10.771032675746984,0.8192883426239459,0.03254064937276699,2.0112086275892245,0
2016-08-11 23:05:00,10.480083800535354,0.82455166609036,0.03421314584750889,2.0112086275892245,0
2016-08-11 23:10:00,10.521920938634391,0.8431742178514552,0.040186761111475885,3.038876714571177,0
2016-08-11 23:15:00,11.795670265439401,0.9018356835613078,0.05768417474054201,3.038876714571177,0
2016-08-11 23:20:00,11.449927090452103,0.8817725830643589,0.052219912572785396,2.336507879957162,0
2016-08-11 23:25:00,10.240482102363943,0.8293771639288217,0.03486295009567941,2.2663719749833913,0
2016-08-11 23:30:00,11.392522219522666,0.8331355164970643,0.03535993554496049,6.175751068770488,0
2016-08-11 23:35:00,11.526594423275032,0.8236424236934332,0.034411987821539286,11.107597017122611,0
2016-08-11 23:40:00,10.096107764134096,0.8124835744554845,0.032374007278410125,11.107597017122611,0
2016-08-11 23:45:00,9.925438066988272,0.8324179897507658,0.036256757321615055,1.9599412438323718,0
2016-08-11 23:50:00,10.917919602684638,0.8817160874050223,0.050360134518015055,1.9599412438323718,0
2016-08-11 23:55:00,11.824037295365898,0.9021524209516308,0.0562031598740174,8.220475089236546,0
2016-08-12 00:00:00,12.470333636797992,0.8870483850534717,0.04997060460109504,8.220475089236546,0
2016-08-12 00:05:00,13.084945931217158,0.8892673962265005,0.04923893156217203,6.1839892560813885,0
2016-08-12 00:10:00,13.782420493222864,0.8971723845933106,0.059543848656531374,19.635055486063507,0
2016-08-12 00:15:00,12.713102888233143,0.887473259947558,0.058143382166932524,19.635055486063507,0
2016-08-12 00:20:00,11.271960009682827,0.8677940521396512,0.047410725835188336,7.0298199941609685,0
2016-08-12 00:25:00,10.988347689075914,0.8445430454948144,0.04238926689620685,7.0298199941609685,0
2016-08-12 00:30:00,10.298802021913062,0.8285172017702727,0.03698526767354216,1.7165154868636214,0
2016-08-12 00:35:00,10.680074350195117,0.8538032419963368,0.043093465478211954,1.7165154868636214,0
2016-08-12 00:40:00,11.470466852137935,0.8752580004334286,0.050347978691905125,3.1950818608711917,0
2016-08-12 00:45:00,11.041916787898085,0.855780927449336,0.044762684928514165,3.754829743528133,0
2016-08-12 00:50:00,10.287787697867412,0.8310732269963206,0.03687114903782627,3.754829743528133,0
2016-08-12 00:55:00,10.376292647290182,0.8263003462916302,0.03588164021518248,2.9295565866429616,0
2016-08-12 01:00:00,10.33578468402853,0.8286179823824262,0.036168306817879345,2.1979713011589546,0
2016-08-12 01:05:00,10.149498503163382,0.8368740997837052,0.0376162279326373,2.1979713011589546,0
2016-08-12 01:10:00,10.052696169782404,0.8296883132290341,0.036629029067248894,2.4343887623338016,0
2016-08-12 01:15:00,9.686974035689751,0.8082516706659311,0.033611633065144975,3.2474020862739326,0
2016-08-12 01:20:00,9.825233505275147,0.803258844642179,0.03278482192637959,3.2474020862739326,0
2016-08-12 01:25:00,10.49006938545034,0.7907953627908866,0.03087358572395275,2.748159150263502,0
2016-08-12 01:30:00,10.66648717482466,0.767946255074763,0.027946810988650518,2.360686626398078,0
2016-08-12 01:35:00,10.830507319611451,0.7794953981361215,0.029139262099846252,2.360686626398078,0
2016-08-12 01:40:00,11.085686362336261,0.7730509934766492,0.02845583853605609,3.3162199083466466,0
2016-08-12 01:45:00,10.84910610741745,0.7702014661902853,0.02855812420361033,3.3162199083466466,0
2016-08-12 01:50:00,10.660256784881408,0.781471707685679,0.029740326506357606,2.53379690712659,0
2016-08-12 01:55:00,11.136863142128577,0.760732613272338,0.0270900247532198,3.7400364274387314,0
2016-08-12 02:00:00,11.4286901916302,0.7562910963944793,0.026777601538539236,5.328043502287673,0
2016-08-12 02:05:00,11.368126199122578,0.7590988181730186,0.02730425590049655,5.328043502287673,0
2016-08-12 02:10:00,11.576272128319491,0.7501368576156018,0.02685965902729328,2.485795292602615,0
2016-08-12 02:15:00,11.817673725304743,0.7507245502365504,0.027759638002856402,2.485795292602615,0
2016-08-12 02:20:00,12.193126143173526,0.7976708001440094,0.03813857522433102,4.568598500022962,0
2016-08-12 02:25:00,12.097192150041296,0.8068642712597117,0.03912709720473868,4.568598500022962,0
2016-08-12 02:30:00,12.126342923093139,0.7935035263628725,0.03270450201239407,3.7323633473241933,0
2016-08-12 02:35:00,13.008873561133115,0.8245363551321602,0.037727407474499736,3.508382063869189,0
2016-08-12 02:40:00,13.333395853161715,0.8350576295073967,0.040124365788501246,3.508382063869189,0
2016-08-12 02:45:00,13.3326783082134,0.8242590094381949,0.0384807141571212,3.2834821856699907,0
2016-08-12 02:50:00,13.497770441487631,0.8074229814167805,0.035868076945411206,3.2834821856699907,0
2016-08-12 02:55:00,13.255843416212016,0.7720301767387969,0.02945096567928122,3.308510856866391,0
2016-08-12 03:00:00,12.991043738943409,0.7824772373823509,0.032120026290923524,3.416811640122949,0
2016-08-12 03:05:00,13.247399068289667,0.7967788112776784,0.03489233094109105,3.416811640122949,0
2016-08-12 03:10:00,13.92760015423759,0.7676810080135177,0.029204843232659344,3.0691652908588134,0
2016-08-12 03:15:00,14.243575440034117,0.7496954121496693,0.02606389128459327,1.6958953277234787,0
2016-08-12 03:20:00,14.082475825907064,0.7390621178688076,0.024009859350412124,2.2681964480295385,0
2016-08-12 03:25:00,13.967291204554368,0.7531737963426471,0.02690533310188331,2.2681964480295385,0
2016-08-12 03:30:00,14.130006879507292,0.7578331313038487,0.028713689017319882,9.167901738301332,0
2016-08-12 03:35:00,14.78138685102115,0.7684352958933736,0.032292362637718466,10.909750614055362,0
2016-08-12 03:40:00,15.253413118945138,0.7914988479411089,0.034841142122180147,10.909750614055362,0
2016-08-12 03:45:00,15.051419167865953,0.7899204999323621,0.03210171292375776,1.0442074786912539,0
2016-08-12 03:50:00,14.76184444544972,0.788915832267914,0.03280798523838031,4.333696891540146,0
2016-08-12 03:55:00,14.08288296053667,0.7720673257818229,0.03048085220340086,5.0969195149754185,0
2016-08-12 04:00:00,12.760345713640564,0.7374350579650825,0.025228193889751747,5.0969195149754185,0
2016-08-12 04:05:00,12.542571071895948,0.7275655063977808,0.023723268590563288,3.1230228540101628,0
2016-08-12 04:10:00,13.350579294694478,0.7467525341162733,0.0261114285726261,2.662380112698198,0
2016-08-12 04:15:00,13.73341050843753,0.746042781920853,0.025533823770840996,1.611562691000047,0
2016-08-12 04:20:00,13.796221140017332,0.7403725237761674,0.024311059351397976,3.5430836009414772,0
2016-08-12 04:25:00,14.056567617947556,0.7475824132788105,0.02563252212082729,3.701527663740253,0
2016-08-12 04:30:00,13.9551295525202,0.7417499563500173,0.02444646642323982,3.701527663740253,0
2016-08-12 04:35:00,13.94755387063043,0.744447325536816,0.02365922519817229,2.8945721015817645,0
2016-08-12 04:40:00,14.351134675966188,0.745297818832676,0.024098693221821572,2.8945721015817645,0
2016-08-12 04:45:00,14.381349944478618,0.7361511955804054,0.02320548903406503,3.388008597306151,0
2016-08-12 04:50:00,14.502466952791229,0.7563947130479185,0.02585629740099817,3.962706301620445,0
2016-08-12 04:55:00,14.353220533444471,0.7709232904756046,0.02785904124620995,3.962706301620445,0
2016-08-12 05:00:00,13.728101142139474,0.7482791883073802,0.024949626610415682,3.7136915554023497,0
2016-08-12 05:05:00,13.813653138192421,0.7330723552915781,0.023219140655585273,3.4214124837754896,0
2016-08-12 05:10:00,14.127458143968088,0.7310898277054656,0.02299681743382338,2.3440948744049708,0
2016-08-12 05:15:00,13.8125188772781,0.7435334180797011,0.024397601688504033,4.184102780454127,0
2016-08-12 05:20:00,13.586432825040271,0.7381942891433262,0.023483482193289114,4.184102780454127,0
2016-08-12 05:25:00,13.755308828683932,0.7263600807376349,0.021952055747364287,3.7321347062954024,0
2016-08-12 05:30:00,13.732291403097284,0.7392267611751546,0.024213979072712274,2.5398949256099743,0
2016-08-12 05:35:00,13.898850748358532,0.7451153231086927,0.02523994575876167,2.5334425264476708,0
2016-08-12 05:40:00,14.62318806487192,0.7472670352286973,0.02484912483915351,3.4599186730524805,0
2016-08-12 05:45:00,14.968504883840868,0.7506162623798512,0.025920309628336673,3.4599186730524805,0
2016-08-12 05:50:00,14.725091668179203,0.7455892351626552,0.024806439736049363,3.2007108220817218,0
2016-08-12 05:55:00,14.421365324920828,0.7462779034699631,0.024167020058264443,3.2007108220817218,0
2016-08-12 06:00:00,13.730974476909912,0.745399035158514,0.02489532223936963,4.250861035070539,0
2016-08-12 06:05:00,13.670465834917177,0.7391940873083938,0.024837163284246223,4.250861035070539,0
2016-08-12 06:10:00,14.206541105641842,0.7393976354444187,0.02417677662262227,2.373052767187939,0
2016-08-12 06:15:00,14.536421224724217,0.7347819993892641,0.02311430998433893,3.2609760047746685,0
2016-08-12 06:20:00,14.759618559721485,0.7324929204393493,0.023529951661169016,3.625758708155842,0
2016-08-12 06:25:00,14.11657797315392,0.7236296360221759,0.02213607323622785,3.625758708155842,0
2016-08-12 06:30:00,13.727928637695843,0.7257515016510536,0.023090755411729717,3.415309347737664,0
2016-08-12 06:35:00,13.932522473936913,0.7369707365101492,0.025663335816777506,3.6664058512907776,0
2016-08-12 06:40:00,13.852725127750057,0.7284818518104179,0.02349843131008709,3.6664058512907776,0
2016-08-12 06:45:00,13.667563844747168,0.7193427723809074,0.021256701851572087,3.3986779823988926,0
2016-08-12 06:50:00,13.752416477966927,0.7287826938487448,0.023901814610141476,3.4792043379611366,0
2016-08-12 06:55:00,13.44759065638966,0.7298663265962766,0.02374272399339156,3.4792043379611366,0
2016-08-12 07:00:00,12.475002963902543,0.7048402819665724,0.019814951649251,4.087541675642196,0
2016-08-12 07:05:00,12.226697701395944,0.7073459255350902,0.02034143915157817,4.087541675642196,0
2016-08-12 07:10:00,12.577461380734306,0.7366251840742175,0.02449288718319011,2.1491735246623858,0
2016-08-12 07:15:00,12.43576690833778,0.7491365442543212,0.027046985690198883,2.5982738386635256,0
2016-08-12 07:20:00,12.550614679950666,0.7453820264890874,0.025470425027185706,3.428650115683883,0
2016-08-12 07:25:00,12.783822731531856,0.7419119157929119,0.023971976116599732,3.428650115683883,0
2016-08-12 07:30:00,12.621911397410049,0.7439778817464668,0.024775223272668616,2.100472195233827,0
2016-08-12 07:35:00,12.589802312559524,0.7526943926115495,0.02695841277890861,2.83866226657628,0
2016-08-12 07:40:00,13.024828709187858,0.7730111325607637,0.030480105231917166,2.83866226657628,0
2016-08-12 07:45:00,13.02196572193194,0.7864702276788559,0.03200658940936737,2.3186727326183783,0
2016-08-12 07:50:00,12.158712336761642,0.7685636195791052,0.027968114792649323,2.3186727326183783,0
2016-08-12 07:55:00,11.994536846238983,0.7527372688423117,0.025284873650365258,5.705481191797682,0
2016-08-12 08:00:00,11.589215604238182,0.7611795843058282,0.027105751648669664,5.705481191797682,0
2016-08-12 08:05:00,10.407779674912424,0.7662106962368034,0.028282305427236816,2.734944596244457,0
2016-08-12 08:10:00,10.138442798821178,0.7501203004407981,0.02632961406287605,2.706803056692177,0
2016-08-12 08:15:00,10.507147155797337,0.7350479353321197,0.02395405961583786,1.944773740479471,0
2016-08-12 08:20:00,11.180326560416596,0.7629831008133684,0.03379240807820062,10.939236936366644,0
2016-08-12 08:25:00,10.982750713426755,0.7611134779250655,0.03432026400146952,10.939236936366644,0
2016-08-12 08:30:00,10.303508356135886,0.7294346933720608,0.024123991234689713,3.1508652607200145,0
2016-08-12 08:35:00,10.320158520446444,0.731757413887272,0.02471584462099633,4.69185054833024,0
2016-08-12 08:40:00,10.231025675690548,0.7355983862745513,0.02540413816652868,4.69185054833024,0
2016-08-12 08:45:00,10.060709878780987,0.7371590857545438,0.02473730855298231,3.3262516112186504,0
2016-08-12 08:50:00,9.722134646681035,0.7551741619105354,0.0269678168300092,2.4165118857772394,0
2016-08-12 08:55:00,9.563118327197213,0.764595604114055,0.028561947012723778,2.4165118857772394,0
2016-08-12 09:00:00,9.763106666219056,0.7863604350384132,0.03211821681802461,4.2142539154159815,0
2016-08-12 09:05:00,9.445126342180227,0.782188692860979,0.03136018518008066,4.2142539154159815,0
2016-08-12 09:10:00,9.208297754898087,0.7576722383469567,0.026695186905978118,2.052616339765203,0
2016-08-12 09:15:00,9.322875923664844,0.7804266239490232,0.02978700669065209,1.5278041198887453,0
2016-08-12 09:20:00,9.507052023662018,0.8030211278290974,0.0337381385660873,4.77831234821285,0
2016-08-12 09:25:00,9.664560732868747,0.8054697756078933,0.0329407837088058,4.77831234821285,0
2016-08-12 09:30:00,9.639812574532394,0.7977452702619449,0.03149323882693603,2.4712902808215684,0
2016-08-12 09:35:00,9.74187652694398,0.8178528599067738,0.03688041950960915,2.570670338251444,0
2016-08-12 09:40:00,9.495227707266059,0.8032947179783283,0.03440448989921971,2.570670338251444,0
2016-08-12 09:45:00,9.34961140585402,0.7703843774605658,0.027843460614559102,2.210824060783081,0
2016-08-12 09:50:00,10.192200162377679,0.7998378865986306,0.03261902995875446,3.0116419973610378,0
2016-08-12 09:55:00,10.911883398882171,0.8423072714417869,0.04223986611577731,6.038029896534084,0
2016-08-12 10:00:00,10.484533325018024,0.830794523281037,0.04002282206249298,6.038029896534084,0
2016-08-12 10:05:00,9.817859442402284,0.7994149134977282,0.032261439183355445,4.862037974148105,0
2016-08-12 10:10:00,9.844523235743932,0.8063641398324501,0.034457521186605736,2.870711676038053,0
2016-08-12 10:15:00,10.553147956306878,0.8118345475617664,0.03571920630204283,2.7139080154076525,0
2016-08-12 10:20:00,11.273446478424706,0.8145410740402073,0.035457503705987395,5.657768723236382,0
2016-08-12 10:25:00,11.369418681634013,0.813555613440242,0.03552255732463832,5.657768723236382,0
2016-08-12 10:30:00,10.94565287829612,0.8161003656495404,0.03786860989967557,4.511951559515682,0
2016-08-12 10:35:00,10.367809064783362,0.8265378374016238,0.03982539279658493,4.092762406337248,0
2016-08-12 10:40:00,9.980275005613086,0.8252731719378587,0.03909586028605484,3.243067546834311,0
2016-08-12 10:45:00,9.593458690847656,0.7963339348586191,0.033000796776140304,3.243067546834311,0
2016-08-12 10:50:00,9.568521112034508,0.7860385504166865,0.03072468265779237,1.9067956873398306,0
2016-08-12 10:55:00,9.796514319702831,0.8004174466889827,0.03349185103754065,1.9067956873398306,0
2016-08-12 11:00:00,9.792586989779055,0.797975055388196,0.03267529264529021,1.2494021768166628,0
2016-08-12 11:05:00,9.68681802985866,0.7979313374590774,0.0331133752734256,2.30281589490432,0
2016-08-12 11:10:00,9.455858439753065,0.7981065976211895,0.03181558522202492,2.30281589490432,0
2016-08-12 11:15:00,9.905377300757564,0.8068759949614492,0.033402484490053244,3.4427895054768323,0
2016-08-12 11:20:00,10.068762022992226,0.8130469051093735,0.03541642133132989,3.4427895054768323,0
2016-08-12 11:25:00,9.61536761309308,0.7937510869322403,0.03277720288441386,2.7754296090528077,0
2016-08-12 11:30:00,9.676936984240097,0.7973993814777873,0.0336211471051606,2.7903017177719396,0
2016-08-12 11:35:00,9.611839026798485,0.7964596178378479,0.032653843533601276,3.405921872279426,0
2016-08-12 11:40:00,9.188861647817376,0.7933866923470362,0.032119272560210195,3.405921872279426,0
2016-08-12 11:45:00,8.97337318463477,0.7901061688959128,0.03239032943968061,2.3358212156794163,0
2016-08-12 11:50:00,9.227147549237124,0.7808781127224722,0.030567152882686095,1.5740579190829416,0
2016-08-12 11:55:00,9.516723945741228,0.784880658516834,0.029919220817334575,3.0818371692180886,0
2016-08-12 12:00:00,9.907365247382563,0.7864051595743883,0.028783464519594758,3.2224391604045115,0
2016-08-12 12:05:00,10.145527189940179,0.7946341297069128,0.030034847385860243,4.024775622770757,0
2016-08-12 12:10:00,9.647389809733557,0.7866051211463859,0.030434926425398967,4.024775622770757,0
2016-08-12 12:15:00,9.33948580718809,0.7797949412425298,0.029529112926444508,3.1379353528328955,0
2016-08-12 12:20:00,8.970742303688077,0.7697854473298588,0.02806887952688859,2.6461048355626575,0
2016-08-12 12:25:00,8.955656206263312,0.7699731272489317,0.02757487269400081,1.5521879794317839,0
2016-08-12 12:30:00,9.748226669830327,0.7965016788079469,0.031249649815540688,1.5521879794317839,0
2016-08-12 12:35:00,9.76263157004891,0.8200042781824586,0.03590065158865075,1.6884045103401273,0
2016-08-12 12:40:00,9.746838415998475,0.827934682592822,0.03860042483990831,2.0310339439042786,0
2016-08-12 12:45:00,9.726817239498715,0.8369449697339786,0.04108622302234596,2.0310339439042786,0
2016-08-12 12:50:00,9.73939297156636,0.8565108977673557,0.04527017807618633,3.7171331716383866,0
2016-08-12 12:55:00,10.190155701685963,0.868716415306729,0.047421918661298,3.7171331716383866,0
2016-08-12 13:00:00,10.136267541363662,0.8622670987474561,0.044593341462622275,3.286170174775396,0
2016-08-12 13:05:00,9.92655898195331,0.8478108470817637,0.04188297457167215,3.1852653088024394,0
2016-08-12 13:10:00,10.993979533213734,0.868789808924616,0.045184501315131395,2.6840123164872653,0
2016-08-12 13:15:00,12.064615948731635,0.9001448559379057,0.0492520359941834,2.6840123164872653,0
2016-08-12 13:20:00,11.902068443229606,0.8999118119063768,0.04929741192337899,1.6617708329036245,0
2016-08-12 13:25:00,11.688950588287678,0.8980345086855691,0.04925497504232411,3.6890149820287603,0
2016-08-12 13:30:00,11.236502648959723,0.9049228386919221,0.05151298619737778,3.6890149820287603,0
2016-08-12 13:35:00,11.005785262077442,0.9058040340978092,0.05206232961026488,1.590669077454367,0
2016-08-12 13:40:00,11.022824023068088,0.8993480371774941,0.05078357769890614,1.9590725926714545,0
2016-08-12 13:45:00,10.705498004533387,0.9026680124383772,0.051925502987087126,1.9590725926714545,0
2016-08-12 13:50:00,10.712577047568832,0.9084490435664764,0.052889167625981656,3.197455111655717,0
2016-08-12 13:55:00,10.865585912329013,0.9084265803405039,0.053221134650183265,3.197455111655717,0
2016-08-12 14:00:00,10.710320023703627,0.9089880893468996,0.05349857129884179,3.0322870785020495,0
2016-08-12 14:05:00,10.719065480978102,0.9137620513480975,0.05504887964731655,1.8797277847808571,0
2016-08-12 14:10:00,10.631510621734465,0.9208822961240999,0.05755544689340233,1.218775942727519,0
2016-08-12 14:15:00,10.892990137498249,0.914864590897432,0.05601314817030935,2.0959196328433296,0
2016-08-12 14:20:00,11.29807863112851,0.9068262153206954,0.05400501698669593,2.0959196328433296,0
2016-08-12 14:25:00,10.926960145220004,0.9132461573794922,0.05536026113211092,2.8597792121099532,0
2016-08-12 14:30:00,11.156655591391964,0.9128349211530976,0.0542353590823614,2.8597792121099532,0
2016-08-12 14:35:00,10.366685879486173,0.8476723378689315,0.04243651828122795,3.1657641316822116,0
2016-08-12 14:40:00,9.825950013139396,0.8018773634283858,0.03429713746838757,3.1657641316822116,0
2016-08-12 14:45:00,10.390554770445913,0.8355898798371376,0.040653363688624315,2.9249991101749377,0
2016-08-12 14:50:00,9.923704638267267,0.8389282301655447,0.04099971177164251,2.9249991101749377,0
2016-08-12 14:55:00,10.072460498573811,0.8314162946044876,0.03822910742635556,1.85509465537928,0
2016-08-12 15:00:00,10.3296272986111,0.824609324254644,0.036012677033520644,1.3869663787555244,0
2016-08-12 15:05:00,10.272700057791686,0.8341942802381702,0.04030101817538528,4.01366124597936,0
2016-08-12 15:10:00,10.62378130943281,0.837900506821326,0.042328707084075774,4.01366124597936,0
2016-08-12 15:15:00,11.000888932356741,0.8238026191344661,0.03759361861117736,1.4573439731634084,0
2016-08-12 15:20:00,11.039936070150278,0.8436391126287008,0.04155363511086121,3.668298535884627,0
2016-08-12 15:25:00,11.113015851507821,0.8472260777666214,0.042526643887470406,3.668298535884627,0
2016-08-12 15:30:00,11.139029707194435,0.8514591601582112,0.04375012977874816,2.9124943136672465,0
2016-08-12 15:35:00,10.657198603512011,0.8703970817581534,0.04827113482355061,1.9115644373197718,0
2016-08-12 15:40:00,10.366039387030797,0.8309042179804065,0.04022594542540191,1.9115644373197718,0
2016-08-12 15:45:00,10.33219881738802,0.7979352915696192,0.03298373614259513,1.5467330248784659,0
2016-08-12 15:50:00,9.83683048930973,0.7977068940922494,0.03277077014145776,1.4573665574310468,0
2016-08-12 15:55:00,9.188859799527862,0.7793437353999427,0.02882597716964102,1.8148264713655191,0
2016-08-12 16:00:00,9.142982218578686,0.7909796600801133,0.030611982393011754,3.586436737051381,0
2016-08-12 16:05:00,9.216212330802296,0.795495401432195,0.031077060444112597,3.586436737051381,0
2016-08-12 16:10:00,8.99324086962012,0.7815377151534926,0.02813883766470442,2.4405348149190598,0
2016-08-12 16:15:00,9.418102071816538,0.8008601190806187,0.03271754084005282,3.5569672993797465,0
2016-08-12 16:20:00,9.56400105663705,0.8031731747875865,0.03359629324432828,3.5569672993797465,0
2016-08-12 16:25:00,9.24670090463641,0.7902271940852423,0.0308164086577939,2.13297176764901,0
2016-08-12 16:30:00,11.669552389380925,0.8542964476525876,0.06414702464856145,13.366709475656068,0
2016-08-12 16:35:00,11.659468789009392,0.8513103748001429,0.06267683943111531,13.366709475656068,0
2016-08-12 16:40:00,9.037511475077569,0.7806144896849834,0.027335439897790293,2.909809278922067,0
2016-08-12 16:45:00,9.133830955587136,0.7924743735563677,0.029973236588940085,4.085886568115606,0
2016-08-12 16:50:00,9.58121058338237,0.8252823406115317,0.037822290626273916,4.959823516803542,0
2016-08-12 16:55:00,9.401691702353734,0.8217088586275807,0.037390810115979896,4.959823516803542,0
2016-08-12 17:00:00,9.480947904981187,0.8188388833669145,0.035219202491978296,2.367212587448091,0
2016-08-12 17:05:00,9.62548135052691,0.8351103670115564,0.03768419493587773,1.5841423462032391,0
2016-08-12 17:10:00,9.311686249581683,0.8466672436584709,0.04052878601040034,2.572450892854115,0
2016-08-12 17:15:00,9.70004799736763,0.8504580437109458,0.04220694608836854,3.077801345738855,0
2016-08-12 17:20:00,10.166794975496437,0.8485483051216965,0.042048872321836524,3.077801345738855,0
2016-08-12 17:25:00,10.362338533583209,0.8616587960979167,0.04556986564032691,7.063595335502697,0
2016-08-12 17:30:00,10.124208216034658,0.8600682877336787,0.04582284498973023,7.063595335502697,0
2016-08-12 17:35:00,9.814142131032382,0.8503939653391671,0.042893466767375224,2.0859174042143587,0
2016-08-12 17:40:00,9.872339490278724,0.8518285910215404,0.042660983028719915,2.0859174042143587,0
2016-08-12 17:45:00,10.246795851050825,0.8643516408681059,0.045725731436328125,6.3689736940198465,0
2016-08-12 17:50:00,12.536809620245311,0.9078064684689473,0.056486697361009794,6.3689736940198465,0
2016-08-12 17:55:00,13.945785418316907,0.9411634469532998,0.06415373504421129,4.0314150003660805,0
2016-08-12 18:00:00,12.873386872803959,0.9186358063017969,0.05667109576921209,5.3575519648618055,0
2016-08-12 18:05:00,12.3468772280101,0.8988184236159262,0.050120096764318056,5.3575519648618055,0
2016-08-12 18:10:00,13.133988230927901,0.918580846467896,0.05798091700267242,3.516864572479853,0
2016-08-12 18:15:00,12.917081761687601,0.9015248127809683,0.05596074977190794,6.831620371481831,0
2016-08-12 18:20:00,11.547586185765375,0.8505118680192263,0.041541631307104795,6.831620371481831,0
2016-08-12 18:25:00,11.082861761221547,0.8364268396418162,0.03798321944962309,2.4592098210965894,0
2016-08-12 18:30:00,10.57455890552676,0.8325146756821143,0.03817727606710659,2.4592098210965894,0
2016-08-12 18:35:00,10.48253354854298,0.8270918705032988,0.03667236485662311,2.2201650691842834,0
2016-08-12 18:40:00,11.007056158749583,0.8317144944249417,0.037718133275092804,2.2201650691842834,0
2016-08-12 18:45:00,10.685114435126826,0.8331999248049469,0.03854234775265854,1.9020688465710482,0
2016-08-12 18:50:00,10.952536812770452,0.8544146094324983,0.04280015074089101,7.036194501342404,0
2016-08-12 18:55:00,10.999628257547478,0.8516434679467368,0.041902033389481196,7.036194501342404,0
2016-08-12 19:00:00,10.496374442143765,0.8241186718608532,0.03571228958486447,1.1897103365753157,0
2016-08-12 19:05:00,10.60310209829208,0.8302434075658314,0.038872570894775915,2.487547224212751,0
2016-08-12 19:10:00,10.280346925288407,0.8374425620746512,0.04135171737593713,2.487547224212751,0
2016-08-12 19:15:00,10.595423215864722,0.839750647996539,0.04086241250715972,1.5488704611127069,0
2016-08-12 19:20:00,10.847016294797813,0.8345846063050543,0.03821348457576501,5.070376240073192,0
2016-08-12 19:25:00,10.433312068416285,0.8315207892583254,0.03631163504955801,5.070376240073192,0
2016-08-12 19:30:00,10.529079309299695,0.8442662329832307,0.04100111956727128,7.594790085325335,0
2016-08-12 19:35:00,11.326983080737971,0.8546849517290253,0.043694006880431326,13.646564010498656,0
2016-08-12 19:40:00,11.195146733911645,0.84746709693069,0.040722377618489444,13.646564010498656,0
2016-08-12 19:45:00,10.68590384278119,0.8525653301798394,0.042373126792858935,3.1699991610779175,0
2016-08-12 19:50:00,10.311085237360633,0.8550419458806672,0.043885741800755454,2.6316966845349588,0
2016-08-12 19:55:00,9.868877875874563,0.8313156590942538,0.03892705513200557,2.222143677532846,0
2016-08-12 20:00:00,10.351793926101289,0.8352610947616552,0.04083033803473558,4.0230760937641135,0
2016-08-12 20:05:00,10.540757198216427,0.8395739260533046,0.041573489766827024,4.0230760937641135,0
2016-08-12 20:10:00,10.277251192031823,0.830980623250043,0.03858446029709607,2.642763114278611,0
2016-08-12 20:15:00,10.037555762432635,0.8284328556403299,0.0389102151790065,2.693343364560698,0
2016-08-12 20:20:00,10.201651997862694,0.8389387166822477,0.04017569587376764,2.693343364560698,0
2016-08-12 20:25:00,10.25056863813028,0.8502540870232932,0.041674094667828517,2.6051791354596125,0
2016-08-12 20:30:00,10.461426557962927,0.8509730906853998,0.04103899540021806,2.6051791354596125,0
2016-08-12 20:35:00,10.713217179636874,0.861452519371078,0.04145388089696571,3.484798486126265,0
2016-08-12 20:40:00,10.39473958038479,0.8592100463338104,0.04148189169908167,3.484798486126265,0
2016-08-12 20:45:00,10.351022669672648,0.843062772899284,0.03949610064787477,3.0472118540822986,0
2016-08-12 20:50:00,10.62494365025106,0.841401609015651,0.03898955309976465,3.6016052724678116,0
2016-08-12 20:55:00,10.737453354232159,0.8503352693728207,0.040257237582169834,3.6016052724678116,0
2016-08-12 21:00:00,10.373645243667507,0.8496589250585715,0.04103444473786312,2.601856436781006,0
2016-08-12 21:05:00,10.480114633656,0.8373483133576117,0.03936469891800717,3.2466379084373873,0
2016-08-12 21:10:00,10.851273441925418,0.8276556086351903,0.03741658036310995,3.2466379084373873,0
2016-08-12 21:15:00,10.82779437105767,0.8246531877016269,0.03674707996878308,1.8478225886154303,0
2016-08-12 21:20:00,11.11459725024918,0.8413059424063145,0.039096779012267005,1.6182128603944097,0
2016-08-12 21:25:00,11.3600289889422,0.8393099851073506,0.038523546008841815,1.5564519101647079,0
2016-08-12 21:30:00,11.43356157087521,0.8260819262300616,0.038524038093433625,8.380497729710756,0
2016-08-12 21:35:00,11.530603716913152,0.8347272594876551,0.038769780227534814,8.380497729710756,0
2016-08-12 21:40:00,11.698208028200987,0.8338778852966916,0.034920688227684696,2.981310106164246,0
2016-08-12 21:45:00,11.938743442694328,0.8236311061730004,0.03344491011859256,2.981310106164246,0
2016-08-12 21:50:00,13.632470420980226,0.8748978337193491,0.05279537472596156,3.4889698901691215,0
2016-08-12 21:55:00,15.389028448382206,0.9488603542040897,0.0779248867874847,3.4889698901691215,0
2016-08-12 22:00:00,15.046591457550809,0.9716921844963462,0.091522840007441,2.8821546569260477,0
2016-08-12 22:05:00,13.412915821579983,0.9185565917315334,0.07600131847956651,3.532124380476235,0
2016-08-12 22:10:00,11.648689822571589,0.8201138322700389,0.04084945518891139,3.532124380476235,0
2016-08-12 22:15:00,10.899813892717699,0.7795957952918715,0.028923597693568136,2.6632862535162127,0
2016-08-12 22:20:00,11.227219561705846,0.802020084773276,0.03266719311517933,3.2885246973220497,0
2016-08-12 22:25:00,11.365718263114498,0.8126611803970377,0.03387651623825008,3.2885246973220497,0
2016-08-12 22:30:00,12.211398169994009,0.8512117301328207,0.04307135862739117,3.0952691241080172,0
2016-08-12 22:35:00,12.469846024002631,0.8729017972001224,0.047649050661462786,3.553240940199536,0
2016-08-12 22:40:00,11.117850366481012,0.8137384475215974,0.03458888981102302,3.68195922520525,0
2016-08-12 22:45:00,11.066563331119614,0.7917188319497998,0.03061323709926169,3.68195922520525,0
2016-08-12 22:50:00,11.685174605355009,0.8284310866511446,0.03881833217132142,6.432665020477367,0
2016-08-12 22:55:00,11.310088566703508,0.835491077989626,0.03897564593920135,6.432665020477367,0
2016-08-12 23:00:00,10.782365754162866,0.8230061691945793,0.03471250341644075,4.6229884839496656,0
2016-08-12 23:05:00,10.776031109042801,0.838396166906708,0.038321161439350014,4.6229884839496656,0
2016-08-12 23:10:00,10.754888981732389,0.8401269074687512,0.038613171294542926,2.5869257822584104,0
2016-08-12 23:15:00,10.649467357399178,0.835284911439501,0.03762193467726667,2.1188164444361948,0
2016-08-12 23:20:00,10.707234888870296,0.8304926182322547,0.037011662227518234,1.6942416201736556,0
2016-08-12 23:25:00,11.05958154468462,0.8260421026181193,0.03600697304414018,1.0342562361912813,0
2016-08-12 23:30:00,11.340827612855062,0.822422933209241,0.035632160587991915,1.1030186676960294,0
2016-08-12 23:35:00,11.409431380315445,0.8188350221200419,0.03533743796716043,2.890795875533637,0
2016-08-12 23:40:00,11.264585513270385,0.8133153635495376,0.033382363208246175,2.890795875533637,0
2016-08-12 23:45:00,11.319628607482612,0.8079541141350977,0.03213931484933054,3.9387229168723197,0
2016-08-12 23:50:00,11.407499130465144,0.8005522041384963,0.030814364033700463,3.9387229168723197,0
2016-08-12 23:55:00,11.001314679055572,0.7986239488693612,0.03034320972492479,3.602680708849357,0
2016-08-13 00:00:00,10.649767087040637,0.7964621114916337,0.030773969709548467,2.6691826773903586,0
2016-08-13 00:05:00,10.874748715295762,0.805165363181846,0.03338702367851932,2.9289137054334082,0
2016-08-13 00:10:00,11.602403680046939,0.8368258694078272,0.039097737021008064,2.9289137054334082,0
2016-08-13 00:15:00,11.673060900098681,0.8164894357136077,0.035079610374013345,2.028933439133545,0
2016-08-13 00:20:00,11.32826006324822,0.7852777395558705,0.029374317375199122,2.1706754266492045,0
2016-08-13 00:25:00,11.354290659757865,0.793029027672363,0.030088117800765056,3.6714128712958933,0
2016-08-13 00:30:00,11.581429055181733,0.7932487347401852,0.03067859769172026,5.201637748554315,0
2016-08-13 00:35:00,11.885263154399173,0.8051711299623634,0.03378054333078573,5.201637748554315,0
2016-08-13 00:40:00,11.845569527319451,0.8131409032396572,0.034457694568644406,3.3338341734448127,0
2016-08-13 00:45:00,11.644077839220465,0.7967225863973699,0.031193110565537984,2.7899304538094696,0
2016-08-13 00:50:00,11.651241117106025,0.7881353518819465,0.02999234872085535,3.09092333417557,0
2016-08-13 00:55:00,11.816835040847533,0.8006747754816969,0.03321962575863633,3.09092333417557,0
2016-08-13 01:00:00,11.698105087571506,0.7923238233003709,0.032164583167028866,3.4555701184769663,0
2016-08-13 01:05:00,11.216485053348304,0.775718927631774,0.028348772963234885,3.4555701184769663,0
2016-08-13 01:10:00,11.761048009378474,0.7910790385231627,0.0306968588809625,2.3753623319822563,0
2016-08-13 01:15:00,12.33887698672729,0.8044577089584458,0.031811311985494216,2.4832006234102058,0
2016-08-13 01:20:00,11.644589840036565,0.7949342564404791,0.029543902474478106,2.722886874957638,0
2016-08-13 01:25:00,11.584008186956257,0.7774325478358033,0.027847189766249215,2.722886874957638,0
2016-08-13 01:30:00,12.489192247160771,0.7879967802925442,0.029808133152350768,3.426469944533679,0
2016-08-13 01:35:00,13.160046177418085,0.8003143064205713,0.03133664203614238,3.426469944533679,0
2016-08-13 01:40:00,13.141840054965622,0.7905615840581824,0.030179830143416287,4.780958403989345,0
2016-08-13 01:45:00,12.813798909836738,0.8173019051337321,0.0358026162971559,4.780958403989345,0
2016-08-13 01:50:00,12.714979106377921,0.8160110330812815,0.03554848297657421,3.6965409535976597,0
2016-08-13 01:55:00,12.76294463384752,0.7875292500892381,0.029434621444403074,2.6061152722189616,0
2016-08-13 02:00:00,12.366254483547104,0.77619006528377,0.02793644690778091,3.1868679297981424,0
2016-08-13 02:05:00,12.527465004648496,0.7860174447152272,0.03429545255210956,10.890124842498073,0
2016-08-13 02:10:00,12.972974237077835,0.7969465644839359,0.03587309672405017,10.890124842498073,0
2016-08-13 02:15:00,13.30736158828455,0.7714924262356344,0.027641538064433435,7.058945743809805,0
2016-08-13 02:20:00,13.560661677428623,0.7588175757724713,0.025684558385178878,3.059005916107056,0
2016-08-13 02:25:00,13.137455392697865,0.759175490479924,0.026276765060336854,2.9317958232024557,0
2016-08-13 02:30:00,13.263140495693657,0.7594610124547925,0.026439442447426853,3.18984527142563,0
2016-08-13 02:35:00,13.618399671933915,0.7574173819897244,0.026135323695459144,3.18984527142563,0
2016-08-13 02:40:00,13.75321648073311,0.7569053443433027,0.025969411468639413,1.6798545163886607,0
2016-08-13 02:45:00,14.112066342032483,0.7518288063889829,0.02497037933242375,2.4035886993052773,0
2016-08-13 02:50:00,14.226266033631356,0.7495826041939183,0.025030381323856887,2.4035886993052773,0
2016-08-13 02:55:00,14.469467580063021,0.766626679789451,0.027587616307947694,4.01368689677045,0
2016-08-13 03:00:00,14.326006192975402,0.769247488836488,0.027682316579684195,4.376458317417666,0
2016-08-13 03:05:00,13.577975397049357,0.7657036251798519,0.026662144774314316,4.376458317417666,0
2016-08-13 03:10:00,13.431622198846412,0.7631630347899819,0.026170159525089377,3.645488684396969,0
2016-08-13 03:15:00,13.866612493839355,0.7504299025427604,0.024663804310315857,3.180477270139378,0
2016-08-13 03:20:00,14.082760648174752,0.7610703047700771,0.02627052128797871,2.3112910094907386,0
2016-08-13 03:25:00,13.94008471113185,0.771304301758625,0.02764184790327189,2.3112910094907386,0
2016-08-13 03:30:00,13.745079179726005,0.7627281136333867,0.02662988664634487,2.8894089611740315,0
2016-08-13 03:35:00,13.527530904406333,0.7538023796045266,0.025627636356928503,4.302927797926822,0
2016-08-13 03:40:00,13.627280206388116,0.7528523072415765,0.025045875032761407,4.302927797926822,0
2016-08-13 03:45:00,14.41134240932474,0.7674162308626121,0.027139540035550885,2.883875288708219,0
2016-08-13 03:50:00,14.703908664585185,0.7656410764487633,0.02746395976362126,2.664377074032477,0
2016-08-13 03:55:00,14.45569148087446,0.7583982438373735,0.02591891719924714,2.664377074032477,0
2016-08-13 04:00:00,14.030652768461916,0.7553839058082928,0.025359099592166274,2.3158681400755774,0
2016-08-13 04:05:00,13.919317008574478,0.7564964440746517,0.026166948475830832,2.3158681400755774,0
2016-08-13 04:10:00,14.319997867695738,0.76163297608554,0.026855375342245226,2.9648054108334936,0
2016-08-13 04:15:00,14.436320594107181,0.7633563900479553,0.02774356821663589,2.9648054108334936,0
2016-08-13 04:20:00,14.682749473372315,0.7587932156335684,0.02708264759155519,3.471985318386973,0
2016-08-13 04:25:00,14.91016535120147,0.7542593595849346,0.02529776526923907,3.471985318386973,0
2016-08-13 04:30:00,14.98842955921683,0.7635083020049811,0.027396417106532595,4.124063158122837,0
2016-08-13 04:35:00,15.006323796154925,0.7617591140277798,0.02775691525187548,4.124063158122837,0
2016-08-13 04:40:00,14.978676726510184,0.7582304400111012,0.025912998288672322,3.4943374133844127,0
2016-08-13 04:45:00,14.89363834631738,0.7574129168370194,0.02541206451812699,3.4943374133844127,0
2016-08-13 04:50:00,15.081804965174708,0.7658422679481041,0.027626537901891145,2.765033504834567,0
2016-08-13 04:55:00,15.028830374630392,0.7724413235148856,0.029240906441554,2.765033504834567,0
2016-08-13 05:00:00,13.84912815837497,0.7653244855102304,0.028629645996033258,4.534315020326414,0
2016-08-13 05:05:00,13.646868490984858,0.7777504104651428,0.030528753165402128,4.770084268537708,0
2016-08-13 05:10:00,14.588276805859701,0.776479976491576,0.029511311523430762,4.770084268537708,0
2016-08-13 05:15:00,15.853086302662277,0.7925996106087898,0.03548942036166272,15.736924247484598,0
2016-08-13 05:20:00,15.589205697270476,0.7913555238474314,0.03543990272655352,15.736924247484598,0
2016-08-13 05:25:00,14.69427071009611,0.7602330685347725,0.02628818278388496,1.8070584999769195,0
2016-08-13 05:30:00,14.755469242309534,0.7787783741386245,0.02870874288144129,2.274530008745063,0
2016-08-13 05:35:00,14.532493587980408,0.7736822907505378,0.02837962605817506,2.274530008745063,0
2016-08-13 05:40:00,15.017882923937515,0.7604104102043416,0.025959820052409138,3.2650041727915036,0
2016-08-13 05:45:00,15.243901813300033,0.7606611147958754,0.025348065701071253,3.2650041727915036,0
2016-08-13 05:50:00,15.448197930154194,0.754461618918233,0.02494074567444855,2.3910986166698356,0
2016-08-13 05:55:00,15.689403236415933,0.7560084516949889,0.025379272914838193,2.899682290249375,0
2016-08-13 06:00:00,14.68406564502483,0.7495497938663607,0.02460699429794405,4.8610400729597725,0
2016-08-13 06:05:00,14.271421436799779,0.7504057792936892,0.024686227768268596,4.8610400729597725,0
2016-08-13 06:10:00,14.993818187803864,0.7547430790731976,0.024683546013020797,2.036422773591862,0
2016-08-13 06:15:00,15.440262851507631,0.7481107129435831,0.02356206954756308,1.9347439901140189,0
2016-08-13 06:20:00,15.131490217602842,0.7425295560560028,0.02321260919290683,3.879120141695393,0
2016-08-13 06:25:00,14.08809485332298,0.7402004663487497,0.024431101146834163,3.879120141695393,0
2016-08-13 06:30:00,13.692096800507603,0.7313404860851125,0.023462211636217874,3.5440475904118465,0
2016-08-13 06:35:00,14.186265055029901,0.7204518895703385,0.020870738246565143,3.5440475904118465,0
2016-08-13 06:40:00,14.790171199958152,0.740244006024698,0.023672416000005886,2.742462201489167,0
2016-08-13 06:45:00,14.076432504818063,0.7492048890208434,0.024883151415648893,2.742462201489167,0
2016-08-13 06:50:00,14.023736592094437,0.7410773598072445,0.023395474144435983,2.833022196513082,0
2016-08-13 06:55:00,15.248318363213084,0.7542314969481186,0.025854704973571164,2.833022196513082,0
2016-08-13 07:00:00,14.654008940800134,0.738575609246382,0.024584374074455632,4.766215870929808,0
2016-08-13 07:05:00,13.615997233109642,0.7176081024549852,0.021027042957609886,4.766215870929808,0
2016-08-13 07:10:00,13.894008731886288,0.7237605303100574,0.020757121092269935,2.7908432645269037,0
2016-08-13 07:15:00,14.1370251836521,0.7243229482717132,0.020867583183844438,2.7908432645269037,0
2016-08-13 07:20:00,14.386565788573822,0.72439697172474,0.021317478551300173,2.379778743512906,0
2016-08-13 07:25:00,14.603458584881162,0.7280789707660891,0.022008808188099575,2.379778743512906,0
2016-08-13 07:30:00,13.799898418394282,0.7307521746476026,0.02295339093900057,1.8066634433236457,0
2016-08-13 07:35:00,13.643088397235724,0.7294803068055156,0.02295546281180205,1.8066634433236457,0
2016-08-13 07:40:00,13.965761785213042,0.7311632522400742,0.022833322761261435,2.113102247501639,0
2016-08-13 07:45:00,13.738366172445328,0.7333122857054251,0.022257793420586914,2.2931822895559653,0
2016-08-13 07:50:00,14.103503734580903,0.7308312191993362,0.02224204794620511,3.819298774368272,0
2016-08-13 07:55:00,14.410171994863893,0.7272399624402986,0.022386998956404922,3.819298774368272,0
2016-08-13 08:00:00,13.758272806841788,0.720532527032413,0.021230849518113527,2.1968460513462458,0
2016-08-13 08:05:00,13.613568942381672,0.7252551462321182,0.023675754976115577,2.1968460513462458,0
2016-08-13 08:10:00,13.691504121964133,0.7223674974940206,0.023792727983010457,2.727959955749934,0
2016-08-13 08:15:00,13.879124640527559,0.7225033893647153,0.021911082532681165,2.727959955749934,0
2016-08-13 08:20:00,13.554313976005398,0.7415998157759852,0.02381488632145631,2.1851501517463245,0
2016-08-13 08:25:00,12.835390390924115,0.7624763153219516,0.02761448525222978,2.1851501517463245,0
2016-08-13 08:30:00,13.049095430132457,0.754606966759031,0.026742392412220893,1.5729626281501334,0
2016-08-13 08:35:00,13.119124514483548,0.7307036779529451,0.02293066122281882,3.6130734353712315,0
2016-08-13 08:40:00,12.513117509531675,0.741181472043499,0.025001774541206688,3.6130734353712315,0
2016-08-13 08:45:00,12.391105816913036,0.7407346452631121,0.024292709063393175,2.3549289140245273,0
2016-08-13 08:50:00,13.027184222690286,0.7322459460356445,0.02168192715248325,2.8953545235925,0
2016-08-13 08:55:00,13.156265923595026,0.7372260989102771,0.022577852167457738,4.024199686827466,0
2016-08-13 09:00:00,12.288122149412096,0.7293489150830466,0.02253594697967314,4.024199686827466,0
2016-08-13 09:05:00,11.836353373909756,0.7306320442771077,0.023831057528269636,2.836719640069818,0
2016-08-13 09:10:00,12.307778145306278,0.7373976907970783,0.024833210765391696,2.352410905578061,0
2016-08-13 09:15:00,12.52401228271884,0.7290754973057663,0.02302098716651571,3.2660218063808983,0
2016-08-13 09:20:00,12.735478859896629,0.723594235778182,0.02206331928210792,3.3107569036477393,0
2016-08-13 09:25:00,12.79209231732336,0.7321744762231248,0.02385715511664061,3.3107569036477393,0
2016-08-13 09:30:00,12.221331388187947,0.7301984544065809,0.02416783811159385,2.8845734669197443,0
2016-08-13 09:35:00,11.923328741982974,0.7395332569469175,0.025772501102696584,2.8845734669197443,0
2016-08-13 09:40:00,12.080447404230252,0.7484641649232442,0.026506972601812267,2.108271709302916,0
2016-08-13 09:45:00,11.908571919222533,0.7360731606048554,0.024704929324978097,2.4921604092781893,0
2016-08-13 09:50:00,11.862579061483617,0.7231776502058308,0.022899724596345684,2.4921604092781893,0
2016-08-13 09:55:00,12.142475511702605,0.7406747082225756,0.024935187286952647,2.4108761899687985,0
2016-08-13 10:00:00,11.518644188558786,0.8040356193424364,0.03412439930472227,2.6629121330820293,0
2016-08-13 10:05:00,10.888678880790785,0.7923106511433518,0.03271159536052373,2.6629121330820293,0
2016-08-13 10:10:00,11.059123378461868,0.7401765225931997,0.02469252678270416,1.725794220821665,0
2016-08-13 10:15:00,11.02141858886451,0.7409241645118698,0.02547763714593044,1.6992379784439129,0
2016-08-13 10:20:00,11.141713997465715,0.7526863720706916,0.02788617080513851,3.9851403996055392,0
2016-08-13 10:25:00,11.610975607710268,0.7703974590404405,0.030355897328084597,3.9851403996055392,0
2016-08-13 10:30:00,11.04035672924894,0.7670174163228625,0.02916744917071202,2.1683493650387216,0
2016-08-13 10:35:00,10.949468450310114,0.7487354004855331,0.024947204424356693,3.297520766556742,0
2016-08-13 10:40:00,11.918041782118369,0.7528145366965551,0.025186116882154042,3.297520766556742,0
2016-08-13 10:45:00,12.243446743778176,0.755924011295756,0.026256353717357832,2.5230365038348377,0
2016-08-13 10:50:00,12.384499791910129,0.7497348855122745,0.026218832158390003,2.975086279944441,0
2016-08-13 10:55:00,12.176931590247378,0.752620117482245,0.026442437726859697,2.975086279944441,0
2016-08-13 11:00:00,11.365747106166737,0.7516724603272813,0.025670405629970472,4.275787039266116,0
2016-08-13 11:05:00,10.845282872136659,0.7482368673759447,0.024901912567648333,4.275787039266116,0
2016-08-13 11:10:00,10.73214677583751,0.746170526154308,0.025888172392822928,3.2685348322334935,0
2016-08-13 11:15:00,10.676020063760186,0.7364833685511544,0.02562022843396084,3.008996832502337,0
2016-08-13 11:20:00,10.862757325041382,0.7423510265307591,0.025668180777521792,2.383361083359299,0
2016-08-13 11:25:00,11.517162615454886,0.7725541672631888,0.037195828747617045,19.038768169775835,0
2016-08-13 11:30:00,11.330532059126119,0.7750680341337688,0.03699954937385767,19.038768169775835,0
2016-08-13 11:35:00,11.146959359340414,0.7645054025622913,0.027461946613724576,18.790901521289623,0
2016-08-13 11:40:00,11.923022796641918,0.7608483552623392,0.027407932337519668,6.77258391110711,0
2016-08-13 11:45:00,12.247281272859116,0.7760304457836411,0.03185647732264822,6.77258391110711,0
2016-08-13 11:50:00,12.506172669008782,0.8068573778995387,0.03688127720374767,4.5755241724750935,0
2016-08-13 11:55:00,13.596975888876571,0.8186622716991971,0.04453542946310572,20.396872674315564,0
2016-08-13 12:00:00,12.06564469068677,0.7965033115565536,0.04045958939740811,20.396872674315564,0
2016-08-13 12:05:00,10.016519718529924,0.7533830949797293,0.025693898823828165,3.5909741047979495,0
2016-08-13 12:10:00,10.728914619933741,0.7515837510228593,0.026141596882290057,3.886443039585113,0
2016-08-13 12:15:00,11.616596968609084,0.7607313285429582,0.027729522329758883,3.886443039585113,0
2016-08-13 12:20:00,12.578676320270322,0.7639425478920632,0.027410164435340355,2.3739986432539557,0
2016-08-13 12:25:00,12.186728031545535,0.7675255258698893,0.027641836425814543,2.3739986432539557,0
2016-08-13 12:30:00,11.557257800152078,0.7690090065632895,0.028271919863416196,4.2361370407529755,0
2016-08-13 12:35:00,12.584964801655968,0.7928316770811392,0.03512345112832731,7.110563618532782,0
2016-08-13 12:40:00,12.25486496897529,0.8187537365872353,0.03770213721244549,7.110563618532782,0
2016-08-13 12:45:00,11.256286685656113,0.8041122185179044,0.03237540065765106,2.1542874369371634,0
2016-08-13 12:50:00,12.235884884885618,0.7833258222838219,0.03045954414383852,2.9706317023721738,0
2016-08-13 12:55:00,12.298985195717012,0.7672156311757434,0.02845133176440437,2.9706317023721738,0
2016-08-13 13:00:00,11.375548276897575,0.7537837053348555,0.026469941192630336,3.3878869154678886,0
2016-08-13 13:05:00,11.526091850614572,0.7688914162963938,0.028519615672096314,3.3878869154678886,0
2016-08-13 13:10:00,12.2375420875031,0.7706300038539025,0.028713741538085053,2.3359278503659104,0
2016-08-13 13:15:00,12.61246921515703,0.7544881488384431,0.02566484380082961,2.3359278503659104,0
2016-08-13 13:20:00,12.447148259119562,0.7447090324688912,0.02418107724683213,3.5441927558108364,0
2016-08-13 13:25:00,12.600138623419042,0.757581673384645,0.02567705831165326,3.5441927558108364,0
2016-08-13 13:30:00,12.642232561317277,0.7661693267637664,0.026390958380796394,2.196866654876188,0
2016-08-13 13:35:00,12.124525132441025,0.7586469231547147,0.026006518331971363,2.196866654876188,0
2016-08-13 13:40:00,12.300174007188819,0.7641942244629432,0.027820945103510897,1.9924766865010912,0
2016-08-13 13:45:00,12.855463333941364,0.7935733834953418,0.03233464082080386,2.5470709957980318,0
2016-08-13 13:50:00,12.366941472256126,0.8016985327011624,0.033811057064925806,2.5470709957980318,0
2016-08-13 13:55:00,12.673704890987361,0.7821027929587235,0.03132901477222626,3.8064621168280612,0
2016-08-13 14:00:00,13.560043240847557,0.7971267012999039,0.03290878220498185,4.374298905790554,0
2016-08-13 14:05:00,13.439728451207571,0.7996705657712915,0.03322645081574162,4.374298905790554,0
2016-08-13 14:10:00,13.623235807617501,0.774377319314441,0.029925600557307197,1.6141541269232538,0
2016-08-13 14:15:00,13.521640252013402,0.7726048990956973,0.030565191420586613,2.4123570136097885,0
2016-08-13 14:20:00,13.319417741805058,0.7792297897880515,0.03168107304705221,2.4123570136097885,0
2016-08-13 14:25:00,13.310613744089295,0.7776108118955259,0.030305704726808973,1.635401794460702,0
2016-08-13 14:30:00,12.835937410872594,0.7896772036529374,0.03210763660798445,1.3697193974335569,0
2016-08-13 14:35:00,12.888100816773512,0.7875521396724405,0.032302242535526125,2.862946699882067,0
2016-08-13 14:40:00,12.77379346797056,0.7765296748658996,0.03128565552875026,2.862946699882067,0
2016-08-13 14:45:00,12.303882519257865,0.7984871204508922,0.0350136801548135,2.240281914363112,0
2016-08-13 14:50:00,12.9434118169544,0.8089700057108997,0.035429447315227576,3.125177383283241,0
2016-08-13 14:55:00,13.392595764817944,0.7999364761828535,0.03323266045940616,3.125177383283241,0
2016-08-13 15:00:00,12.797104400931971,0.8031644097978234,0.034542904931095776,1.680628655954314,0
2016-08-13 15:05:00,12.121949974531692,0.8285582280755888,0.039366153437336855,3.803991453367139,0
2016-08-13 15:10:00,11.461304420307634,0.8659525200507476,0.04646046430202191,3.803991453367139,0
2016-08-13 15:15:00,10.729126178985288,0.8814531476119989,0.04947233165920042,2.964384429302508,0
2016-08-13 15:20:00,10.767558945830643,0.8695362827627837,0.0467733771648764,2.227974307656391,0
2016-08-13 15:25:00,10.96117161336955,0.8681350282845116,0.046223296763938326,2.227974307656391,0
2016-08-13 15:30:00,10.770961195858561,0.8735436958416807,0.04714283927138819,3.6442794383076875,0
2016-08-13 15:35:00,10.722748875947461,0.8710120472134568,0.04682080401081412,3.6442794383076875,0
2016-08-13 15:40:00,10.792641435379936,0.8711204823572279,0.046418111386223794,1.8469857339461486,0
2016-08-13 15:45:00,11.084186849238971,0.8667885569141927,0.0456128680610635,1.8469857339461486,0
2016-08-13 15:50:00,11.21425924453644,0.8657050277556027,0.046013961192218046,1.3932058904883073,0
2016-08-13 15:55:00,10.699125805727746,0.872143035484497,0.04747454112818496,1.8956901386436373,0
2016-08-13 16:00:00,10.258506458015892,0.8847677206648288,0.04929123891581063,2.5448217045989843,0
2016-08-13 16:05:00,10.58186626017385,0.8880136528881638,0.048650209934467836,2.5448217045989843,0
2016-08-13 16:10:00,10.908598502202022,0.8974531501977119,0.05311500674600368,8.211257757347107,0
2016-08-13 16:15:00,10.445984306329922,0.899613475740378,0.054669375034147746,8.211257757347107,0
2016-08-13 16:20:00,10.150558239925589,0.8963969492158613,0.051820445439573405,4.119723898756674,0
2016-08-13 16:25:00,10.112553808299884,0.8708076980564552,0.04668833474129394,4.119723898756674,0
2016-08-13 16:30:00,9.866010479935715,0.8329021213991379,0.039082456316057314,1.6126549519283684,0
2016-08-13 16:35:00,9.963807540176301,0.8405069517517021,0.04067821797059131,1.6126549519283684,0
2016-08-13 16:40:00,10.251047941737294,0.8376463717944178,0.040945334183704704,1.7053061415639128,0
2016-08-13 16:45:00,10.33830143893504,0.8254363755704329,0.03902494005146175,2.2778861758696185,0
2016-08-13 16:50:00,10.186982954579676,0.8278561845627579,0.039120267828255825,2.8340126129520793,0
2016-08-13 16:55:00,10.006246831955526,0.8314071484610438,0.0392475591216349,2.8340126129520793,0
2016-08-13 17:00:00,9.904977384486767,0.8573585989785169,0.04387468094278964,3.430943353481942,0
2016-08-13 17:05:00,9.755966112780687,0.8675219761498727,0.045447709698842924,3.430943353481942,0
2016-08-13 17:10:00,9.673063198785728,0.8397286725780002,0.04075247023560746,2.8148459758216537,0
2016-08-13 17:15:00,9.88342583465843,0.8418209854745266,0.041721388072804275,1.5524952641721959,0
2016-08-13 17:20:00,10.100567281631388,0.8609901280599404,0.044497679694222816,2.2511155481577134,0
2016-08-13 17:25:00,10.041935898519032,0.8644383988561231,0.04461665675050523,2.6711170015064702,0
2016-08-13 17:30:00,10.118550632916934,0.8543552514795925,0.04297717233013988,2.6711170015064702,0
2016-08-13 17:35:00,9.960796180656981,0.8455218343738745,0.04154904274525567,1.1748902685451135,0
2016-08-13 17:40:00,9.558315356766514,0.8458595167701424,0.04256399248429553,1.6635636503918263,0
2016-08-13 17:45:00,10.285804621474288,0.8649565777521615,0.051668443575729264,9.72833680772569,0
2016-08-13 17:50:00,10.373290394082257,0.8770746308887765,0.05343966390785505,9.72833680772569,0
2016-08-13 17:55:00,10.042139812084043,0.8815513882572321,0.049533590997966434,4.205807594536887,0
2016-08-13 18:00:00,10.059620116399667,0.8768602281987953,0.047728430706199,4.205807594536887,0
2016-08-13 18:05:00,9.424365113730165,0.8317772572352442,0.03791469617652002,4.159243217286988,0
2016-08-13 18:10:00,8.926789455928393,0.7967450218420361,0.03172695510279137,2.2073418678087786,0
2016-08-13 18:15:00,8.782272822596987,0.7698424555405519,0.02796715930767612,1.7162620525234666,0
2016-08-13 18:20:00,9.32252442239205,0.7849662306976797,0.030917650706643963,3.0583063992690964,0
2016-08-13 18:25:00,9.692332686785374,0.8151555430277486,0.036072409552414426,3.3015546063921692,0
2016-08-13 18:30:00,9.227035420862116,0.7945372899370868,0.03186944468471804,3.3015546063921692,0
2016-08-13 18:35:00,8.915300594930532,0.7813767218005885,0.029663825833536512,5.939298464349668,0
2016-08-13 18:40:00,9.285222620622745,0.8045392091154305,0.03499768654054863,5.939298464349668,0
2016-08-13 18:45:00,10.260607712396881,0.8483084647774456,0.04699345555631264,7.594087825446501,0
2016-08-13 18:50:00,9.980462889478272,0.8262292131758244,0.04195540255734699,7.594087825446501,0
2016-08-13 18:55:00,9.093666470956569,0.7890918098008225,0.03130969485704259,3.379489708397188,0
2016-08-13 19:00:00,9.14228679832175,0.8043105890874532,0.034957747954008356,1.8865326593292604,0
2016-08-13 19:05:00,9.025421734752024,0.7960540686540373,0.033061991365309074,2.4948621307192296,0
2016-08-13 19:10:00,9.189671579994704,0.8066194647810697,0.03450607219536485,2.4948621307192296,0
2016-08-13 19:15:00,9.454981456163727,0.8362641284364456,0.03983643561173279,1.932194516712882,0
2016-08-13 19:20:00,9.574099766978668,0.8396858285045745,0.04066091425148605,1.5135789433258342,0
2016-08-13 19:25:00,9.684098659084153,0.8346091302849233,0.03951829712406495,1.5506918465981756,0
2016-08-13 19:30:00,10.045690861155736,0.8508242378561378,0.044486145050979926,4.319283821872513,0
2016-08-13 19:35:00,10.11704975246102,0.8510225296885796,0.04514208419706263,4.319283821872513,0
2016-08-13 19:40:00,9.759705021147767,0.8337925698723717,0.039415603453904956,2.617872421947221,0
2016-08-13 19:45:00,9.836156520729151,0.8513757571337981,0.04365038817821868,3.419131853213823,0
2016-08-13 19:50:00,10.118480476429891,0.8383285035635825,0.04199140140163482,3.419131853213823,0
2016-08-13 19:55:00,9.999849326437333,0.8176162127822719,0.036885685183087866,2.8104484667949827,0
2016-08-13 20:00:00,9.756259250510942,0.8416708095330554,0.04277110946864353,4.2221476498436274,0
2016-08-13 20:05:00,9.468138989060666,0.844781240067513,0.04297614210267184,4.2221476498436274,0
2016-08-13 20:10:00,9.528556523811512,0.8430404483519641,0.04073735525827119,2.0340411558816367,0
2016-08-13 20:15:00,9.516188572073542,0.8440895349371556,0.04129187124090742,2.5621515803369164,0
2016-08-13 20:20:00,9.601556449745,0.8473317614328438,0.043182965242935155,2.928973230819072,0
2016-08-13 20:25:00,10.002325093997445,0.8479975045895689,0.04312888082109757,2.928973230819072,0
2016-08-13 20:30:00,9.929472687478047,0.8402434622035704,0.039764867750268336,1.709640208914988,0
2016-08-13 20:35:00,9.92138575764851,0.8329034194106963,0.03826284610531802,1.7851618250276307,0
2016-08-13 20:40:00,10.314814574809409,0.8440013522844277,0.04121518123089645,1.7851618250276307,0
2016-08-13 20:45:00,10.528418463004883,0.8612495361381978,0.04376273899432122,2.2298840940958438,0
2016-08-13 20:50:00,10.699256758658144,0.8386711526952766,0.03837269251724065,2.2298840940958438,0
2016-08-13 20:55:00,11.236592543795958,0.8171899927675476,0.034197371364265136,3.086521231760339,0
2016-08-13 21:00:00,10.641277116701634,0.8307560678495916,0.037439373938087335,3.086521231760339,0
2016-08-13 21:05:00,9.80189638514636,0.8328752047612504,0.03954431444813896,2.060850852700023,0
2016-08-13 21:10:00,10.10351815389728,0.8392479107324056,0.04159890353949007,2.027831302501173,0
2016-08-13 21:15:00,10.586409290974387,0.8399927500748504,0.041381309051462645,2.09376424751921,0
2016-08-13 21:20:00,10.688057319370762,0.8389699296400638,0.04162446910869484,2.1439628888230478,0
2016-08-13 21:25:00,10.62332780210223,0.8336177970631671,0.04131065932059715,2.525787144763814,0
2016-08-13 21:30:00,11.628400281066224,0.8579638238043057,0.0538391273231843,6.099489699502131,0
2016-08-13 21:35:00,14.611100099913482,0.9446108333922169,0.08653046864446053,6.099489699502131,0
2016-08-13 21:40:00,16.363587305476507,0.9801833661163747,0.10208060921608238,2.2463502047199877,0
2016-08-13 21:45:00,16.181154576583644,0.9809680790705935,0.10361228081937465,2.088496848214142,0
2016-08-13 21:50:00,16.072834634173013,0.9809176360913642,0.10284827764952587,2.088496848214142,0
2016-08-13 21:55:00,15.800680129881744,0.9728976607911196,0.09237416531096067,4.0662010834750735,0
2016-08-13 22:00:00,14.873477806211351,0.9656691390176714,0.08414580998525498,4.0662010834750735,0
2016-08-13 22:05:00,13.084972365458707,0.938423836254129,0.07428001464497443,5.275306989731425,0
2016-08-13 22:10:00,11.2563815150285,0.8562575830756919,0.050509737983546486,5.275306989731425,0
2016-08-13 22:15:00,10.64276827143757,0.8013818151200293,0.03654013947788405,2.4152455387620204,0
2016-08-13 22:20:00,10.86149150108746,0.79925256833811,0.03552182701162168,2.3574775767247376,0
2016-08-13 22:25:00,11.288530837097072,0.8057392821575888,0.03613836365391647,4.60051019750187,0
2016-08-13 22:30:00,12.37364200661194,0.865881336724882,0.04780131705663869,4.60051019750187,0
2016-08-13 22:35:00,12.020311734193148,0.8751430394451627,0.04971131938649951,3.207594468900237,0
2016-08-13 22:40:00,10.635970085808953,0.8188182229269358,0.03786449337933229,3.1351217145683608,0
2016-08-13 22:45:00,10.594208712058839,0.7934923728004076,0.03223316222466525,1.9783020674084548,0
2016-08-13 22:50:00,10.898676937815935,0.7940626631870455,0.03245335756540812,2.0870202792155306,0
2016-08-13 22:55:00,10.848185831029195,0.8060508271118867,0.03482509130943544,2.165186108065565,0
2016-08-13 23:00:00,10.937826370252056,0.8289993910392925,0.03832391836850747,2.512033340145481,0
2016-08-13 23:05:00,10.802088785940798,0.8333332122489906,0.03931998386784685,2.512033340145481,0
2016-08-13 23:10:00,11.176892455568732,0.7976992722688733,0.03506023369177376,2.363263519186111,0
2016-08-13 23:15:00,12.215142531148151,0.7641607899477284,0.03098517412118344,2.696923890413298,0
2016-08-13 23:20:00,12.629149241604111,0.7659169444775253,0.03070895345501709,2.696923890413298,0
2016-08-13 23:25:00,12.795134948988462,0.7766414461461234,0.03156491828318207,2.1349498283327994,0
2016-08-13 23:30:00,12.60399625431256,0.7796398617903343,0.03129441972377404,3.189570367570667,0
2016-08-13 23:35:00,12.345771238062712,0.7922786701598475,0.0333581484017155,3.189570367570667,0
2016-08-13 23:40:00,12.05125318505196,0.8103159756107418,0.03749034564048246,4.414090714199633,0
2016-08-13 23:45:00,11.973853628676716,0.8191463443577249,0.03873230543787382,4.414090714199633,0
2016-08-13 23:50:00,12.425309313974214,0.8052855133812116,0.03640741673403813,3.8780507962363964,0
2016-08-13 23:55:00,12.481836931375422,0.807195855771381,0.03534142328992024,2.2780525478501668,0
2016-08-14 00:00:00,12.25129112833328,0.7982863914192257,0.03268859948771923,1.444325765376275,0
2016-08-14 00:05:00,12.410106651365926,0.7845976845657661,0.03158494468711122,1.9758168972140324,0
2016-08-14 00:10:00,12.528357346656156,0.7733460512943985,0.02965176013136906,2.9525764705209685,0
2016-08-14 00:15:00,12.32054537068939,0.7578582753579184,0.027441681885461332,2.9525764705209685,0
2016-08-14 00:20:00,12.216049140841907,0.7404499532004516,0.025024333141391908,2.0014752183829763,0
2016-08-14 00:25:00,12.907812814936452,0.7403398332327202,0.02530107252509744,2.6200379809122047,0
2016-08-14 00:30:00,13.258289695275177,0.7596037330111,0.02881073433212288,2.911359159747158,0
2016-08-14 00:35:00,12.327382061450882,0.7701589190514404,0.030944224163571555,3.5826757714359942,0
2016-08-14 00:40:00,12.778438277185431,0.7718547127350877,0.03195958423142041,4.860211956231487,0
2016-08-14 00:45:00,13.29179550470582,0.7567799334185883,0.028524362226904278,4.860211956231487,0
2016-08-14 00:50:00,13.004390817301323,0.751233142414003,0.0273232599414635,3.6665429935362495,0
2016-08-14 00:55:00,12.873349691681199,0.7519265571397628,0.0273572132849819,2.785874221262927,0
2016-08-14 01:00:00,12.144059890788117,0.7486436648991508,0.026322047269390154,4.36254321627948,0
2016-08-14 01:05:00,12.05896768758237,0.7364276161098667,0.02418999173306179,4.36254321627948,0
2016-08-14 01:10:00,13.20278985623975,0.7421018102689949,0.025304257187553532,2.218402645156774,0
2016-08-14 01:15:00,13.43213242428232,0.7450709331290353,0.025821228569706166,1.8629510986184592,0
2016-08-14 01:20:00,12.852285178976143,0.7322943739506816,0.022805855723947218,2.0803472207753204,0
2016-08-14 01:25:00,13.195145602763418,0.7462803117720549,0.02529283349030028,2.391184731210132,0
2016-08-14 01:30:00,13.278361522993558,0.7455963370455153,0.02487901656024477,2.711683040085245,0
2016-08-14 01:35:00,13.03059700732189,0.7504285545396339,0.02577566495679539,2.843153645458148,0
2016-08-14 01:40:00,13.403241156612712,0.7514647570726798,0.025848544900604842,2.843153645458148,0
2016-08-14 01:45:00,13.500145648548193,0.7300214541431564,0.02191528899039214,0.9538920929023874,0
2016-08-14 01:50:00,13.613829823496108,0.7297653100157075,0.022238718698530984,2.998293372234792,0
2016-08-14 01:55:00,13.66141026531003,0.7358181904479957,0.022847427733349322,2.998293372234792,0
2016-08-14 02:00:00,13.630733399334991,0.7735638463046495,0.029884678868236626,2.7895285177380593,0
2016-08-14 02:05:00,13.552539139362235,0.7884832506151512,0.032254996894316636,2.7895285177380593,0
2016-08-14 02:10:00,13.344780800100835,0.752258923534754,0.025775851692274386,3.315872474033799,0
2016-08-14 02:15:00,13.586717536661038,0.7391256965295429,0.023847813835240844,3.315872474033799,0
2016-08-14 02:20:00,14.208198019947071,0.7334595094317031,0.02284119192312511,2.5505220040968273,0
2016-08-14 02:25:00,14.098786884404825,0.726193249020872,0.02168179495257444,2.5505220040968273,0
2016-08-14 02:30:00,13.660713487340374,0.7309008224471375,0.022106259615965157,2.636044791996149,0
2016-08-14 02:35:00,13.759674245629332,0.7333531177480017,0.02243939063556784,2.636044791996149,0
2016-08-14 02:40:00,13.273426805071693,0.7327752965096874,0.022442317596682353,1.6070432670086334,0
2016-08-14 02:45:00,12.774513280339187,0.7323813723230074,0.02229319661566486,1.6380799300261943,0
2016-08-14 02:50:00,12.850077606171217,0.7345468149783747,0.022376981746443456,1.801110254879385,0
2016-08-14 02:55:00,13.246163798185133,0.7327712973516652,0.02240141418508854,2.6019317649871283,0
2016-08-14 03:00:00,13.419083400478215,0.733718216548888,0.022788501486052444,2.9311652669741104,0
2016-08-14 03:05:00,13.26907561676428,0.7374077447528207,0.02337744358183472,2.9311652669741104,0
2016-08-14 03:10:00,13.166458727840899,0.7333532687159161,0.022780430672217307,1.6930812413625769,0
2016-08-14 03:15:00,13.36575827821033,0.7352532534199343,0.022586327209837463,1.6400328193436735,0
2016-08-14 03:20:00,13.775179795789734,0.737357739108949,0.02249257253221986,3.88208303684935,0
2016-08-14 03:25:00,13.948994112094805,0.741526555272475,0.02381161036243844,3.88208303684935,0
2016-08-14 03:30:00,13.806799466172757,0.7520394171460307,0.026026084554222277,1.786526299508519,0
2016-08-14 03:35:00,13.853738781908191,0.7470464241517438,0.024401815784521073,2.1467755702630034,0
2016-08-14 03:40:00,14.481694188088273,0.7389346819553311,0.02244310387889238,4.504685490757918,0
2016-08-14 03:45:00,14.711912135075256,0.7405562233538128,0.023318900609003733,4.504685490757918,0
2016-08-14 03:50:00,14.783216359543673,0.7371469850346326,0.02279529001358718,3.873344882321923,0
2016-08-14 03:55:00,14.800398549288037,0.7402862301740122,0.023234877608852813,3.1473488311629065,0
2016-08-14 04:00:00,14.063508517986282,0.744821269504373,0.025030548290929322,3.1473488311629065,0
2016-08-14 04:05:00,13.751276846811445,0.7490970484662651,0.026713970804109182,2.486535889463794,0
2016-08-14 04:10:00,14.129377705658133,0.756921468621092,0.028305882206822647,2.2293593633689817,0
2016-08-14 04:15:00,14.858580342342979,0.7553170739920073,0.026864042842996465,2.7963240457805356,0
2016-08-14 04:20:00,16.357803005320235,0.793044462000557,0.03534954241222463,4.51711868760444,0
2016-08-14 04:25:00,16.684996942882467,0.8073429061931172,0.038259809607479905,4.525826579387587,0
2016-08-14 04:30:00,14.875564331113647,0.7554901819102747,0.026531945519849425,4.525826579387587,0
2016-08-14 04:35:00,14.369205783579384,0.7415772035162256,0.0237688172827105,3.0293593023835985,0
2016-08-14 04:40:00,14.834723186140817,0.7523157859365758,0.025163890885786706,1.30717912338994,0
2016-08-14 04:45:00,15.061810657414375,0.7501417112155987,0.02385454113142297,1.8110332958977393,0
2016-08-14 04:50:00,15.142886527544666,0.7539766690997356,0.025034496497424556,3.5127602210422304,0
2016-08-14 04:55:00,14.391667272367688,0.763586914982042,0.02747593190675232,3.916935639404894,0
2016-08-14 05:00:00,13.102063146698345,0.7562080969409353,0.025554304616150752,3.916935639404894,0
2016-08-14 05:05:00,12.777040950541503,0.7438084890251038,0.023485124159237886,2.7000094151316243,0
2016-08-14 05:10:00,13.396856346526485,0.7445168303838079,0.02431078476946147,2.7000094151316243,0
2016-08-14 05:15:00,13.669587123130887,0.7458688813017661,0.02437862952345691,1.0829750780140865,0
2016-08-14 05:20:00,14.041569055086862,0.7356920003142623,0.022673004522387023,1.991440754565225,0
2016-08-14 05:25:00,14.71005036660508,0.7336888493960496,0.022251693615736305,2.002059906485105,0
2016-08-14 05:30:00,14.962469609817253,0.7442413713680939,0.023755095663746843,2.74489822885912,0
2016-08-14 05:35:00,14.664837553671092,0.7413930760769711,0.02364125601308136,4.460655179389111,0
2016-08-14 05:40:00,14.832295550651555,0.7469955561749041,0.024258826954566236,4.624468317278304,0
2016-08-14 05:45:00,15.573331630914902,0.7570271964559205,0.02601571142414167,4.624468317278304,0
2016-08-14 05:50:00,15.911797562197595,0.7481804011681988,0.024359367207420525,2.7908532917875357,0
2016-08-14 05:55:00,15.254527923525874,0.7541422650723051,0.02500037189796504,3.048001409710831,0
2016-08-14 06:00:00,14.55504743243703,0.7652079496107587,0.027799423942491054,3.24855563063665,0
2016-08-14 06:05:00,14.2355405764356,0.7505860421000371,0.025247531103993325,3.24855563063665,0
2016-08-14 06:10:00,14.629533142084364,0.7826892959231364,0.03498623477040837,5.969373745864336,0
2016-08-14 06:15:00,14.898694549499742,0.7768577584233718,0.03388867864118559,5.969373745864336,0
2016-08-14 06:20:00,14.883821681366982,0.7334684051341527,0.020902531779443876,3.6906879073058247,0
2016-08-14 06:25:00,14.721047253863901,0.730890776827047,0.021001806444061744,3.6906879073058247,0
2016-08-14 06:30:00,14.589478869481733,0.7259687285695814,0.020963228868463406,2.2252363343586907,0
2016-08-14 06:35:00,15.030995611774927,0.7571422626074735,0.028488412578738416,6.521760526303781,0
2016-08-14 06:40:00,14.333650832424462,0.7561393603557278,0.02861762059758795,6.521760526303781,0
2016-08-14 06:45:00,13.335600864119268,0.7515019638736761,0.026480229297252973,2.599541085069292,0
2016-08-14 06:50:00,13.505551960682663,0.7505370745438175,0.02628544897846981,2.5294691968282237,0
2016-08-14 06:55:00,14.104583559592939,0.7267546915886235,0.021792070419199883,2.5294691968282237,0
2016-08-14 07:00:00,13.540484545417758,0.7486502887206825,0.02622226645322103,3.551187073959483,0
2016-08-14 07:05:00,13.296338557208216,0.7521325354966801,0.0267755362248623,3.551187073959483,0
2016-08-14 07:10:00,14.139023829280282,0.7355198740731737,0.022538367277897528,1.4300471387799185,0
2016-08-14 07:15:00,13.802380917078207,0.7333184947045479,0.022342659605256637,2.0359312579840307,0
2016-08-14 07:20:00,13.712456830337988,0.7363116324699086,0.022716363284990965,2.0359312579840307,0
2016-08-14 07:25:00,14.213021337698404,0.752288362287664,0.02443326890305077,1.51474108992369,0
2016-08-14 07:30:00,14.16571212349018,0.7515529281698532,0.02512004433448451,1.8732157164890686,0
2016-08-14 07:35:00,14.387168821822238,0.7475466589584112,0.024359198083509708,1.8732157164890686,0
2016-08-14 07:40:00,14.882969676258863,0.7616430602174121,0.027383531989163722,2.4405170573801573,0
2016-08-14 07:45:00,15.000402415741238,0.7947632797458537,0.034816849439086105,4.076247509095854,0
2016-08-14 07:50:00,14.403473360163602,0.7802660205091312,0.03301841255507086,4.076247509095854,0
2016-08-14 07:55:00,13.85442127243194,0.7360917255550317,0.025165479083853276,3.6333496942720416,0
2016-08-14 08:00:00,13.426312505159412,0.7343646879421443,0.0249560259912347,4.295081815321397,0
2016-08-14 08:05:00,12.664959144688698,0.7232030751082261,0.02357836666140454,4.295081815321397,0
2016-08-14 08:10:00,12.715646931930594,0.7217048913316502,0.022989865744277724,3.3020871228791764,0
2016-08-14 08:15:00,13.37196112449745,0.7323601664898705,0.023428658392850608,4.050236329578617,0
2016-08-14 08:20:00,13.764437769560962,0.7331578490974344,0.02235199067677123,4.050236329578617,0
2016-08-14 08:25:00,13.530437053688342,0.7313059195091589,0.02185948612947058,2.959284216712911,0
2016-08-14 08:30:00,12.903395826087737,0.7271173701928916,0.021821356779672185,3.5730099286876165,0
2016-08-14 08:35:00,13.036805562108219,0.7467530342870854,0.024611628910950797,3.5730099286876165,0
2016-08-14 08:40:00,13.081944351772776,0.7577459785536087,0.026595910985623434,2.9064042224802966,0
2016-08-14 08:45:00,12.649092037176676,0.7407812717132927,0.024798987603640753,2.236696680633282,0
2016-08-14 08:50:00,12.627964451245262,0.7334998866773927,0.022842008972044123,2.1681517743793863,0
2016-08-14 08:55:00,12.669071018058814,0.7341328536707274,0.02354836686562751,1.6269932547632417,0
2016-08-14 09:00:00,12.450593330166168,0.7500233090496504,0.0275889807470191,2.404326861812502,0
2016-08-14 09:05:00,12.927512189774765,0.7839108635031514,0.03707906877116468,10.50873444083595,0
2016-08-14 09:10:00,12.949314333445816,0.7741887412190838,0.03506796841144148,10.50873444083595,0
2016-08-14 09:15:00,12.445923868697305,0.742384240041252,0.025234783271159376,2.5665112806562997,0
2016-08-14 09:20:00,12.290129164748606,0.7208314488101404,0.022242743459977347,2.5964597205152065,0
2016-08-14 09:25:00,12.3755061678402,0.7225828239250311,0.023046376009598715,2.5964597205152065,0
2016-08-14 09:30:00,12.366780342255993,0.7401757179584365,0.025248967639239006,2.098919954594076,0
2016-08-14 09:35:00,11.98613280323534,0.7410659698104785,0.02497888487767403,1.756822469011044,0
2016-08-14 09:40:00,12.141849847436752,0.7533511285918962,0.02701742770144195,1.1841225538329434,0
2016-08-14 09:45:00,12.207565472620376,0.760353503437894,0.0279518250937432,2.2930861337029382,0
2016-08-14 09:50:00,11.771635918555514,0.7443256319538294,0.024620024016520827,2.589230014393778,0
2016-08-14 09:55:00,11.560026864388513,0.7317970899167364,0.02316968431849822,2.589230014393778,0
2016-08-14 10:00:00,11.478775675418053,0.7397198876961273,0.02498706486914318,5.203308274754782,0
2016-08-14 10:05:00,11.365220402057606,0.7475892616580875,0.026473306539913533,5.203308274754782,0
2016-08-14 10:10:00,11.50550661666492,0.7367886232790539,0.025279886352594816,2.0201571203334256,0
2016-08-14 10:15:00,11.559447053331409,0.730545590118628,0.02379798659297088,2.0201571203334256,0
2016-08-14 10:20:00,11.490004023919122,0.7379763026225206,0.023929556129991418,2.0817637425212783,0
2016-08-14 10:25:00,11.227808287351738,0.7408219569948868,0.024381231185687684,2.0817637425212783,0
2016-08-14 10:30:00,11.167253655366832,0.7328336153969377,0.02361101783222771,2.3378638212308203,0
2016-08-14 10:35:00,11.524861712507413,0.7478599331135393,0.026745373187733974,2.3378638212308203,0
2016-08-14 10:40:00,11.830831759260317,0.754833204615746,0.027278783284917153,2.9423775540048958,0
2016-08-14 10:45:00,12.185542138378564,0.7570748558656581,0.026819148733150645,2.9423775540048958,0
2016-08-14 10:50:00,12.19743006113075,0.7640311802129881,0.028094213607738627,2.4273674508312597,0
2016-08-14 10:55:00,11.508199726250012,0.7452961309847452,0.024942446198723735,2.3922724747435873,0
2016-08-14 11:00:00,11.341188277728438,0.8161006095773414,0.039548226671581574,2.3922724747435873,0
2016-08-14 11:05:00,12.32512829780126,0.9194905613200175,0.06176224920001947,1.666888993188522,0
2016-08-14 11:10:00,13.793704804338542,0.9352989340132736,0.0647729447406387,2.7048827931574486,0
2016-08-14 11:15:00,14.363864213206549,0.9209549814695582,0.05969377041407768,2.7048827931574486,0
2016-08-14 11:20:00,14.377826292074749,0.913062536318568,0.05733052388907892,1.9419011157023354,0
2016-08-14 11:25:00,14.777803553837312,0.907868813694083,0.056210298454466436,2.48336811178563,0
2016-08-14 11:30:00,14.864330083305694,0.9100543785488974,0.057017312459059964,2.48336811178563,0
2016-08-14 11:35:00,16.103596549353394,0.9205653388174965,0.06489717201346322,18.026417106814772,0
2016-08-14 11:40:00,16.084259344224044,0.9213517794723424,0.06522651087693122,18.026417106814772,0
2016-08-14 11:45:00,14.786773710211923,0.9170532303947149,0.0589301187185368,2.0363694673397394,0
2016-08-14 11:50:00,14.640904654106672,0.9102337874483942,0.057158675459404215,1.2747995085672237,0
2016-08-14 11:55:00,14.620146556186517,0.8653414926851406,0.046941272463447765,2.096734839108738,0
2016-08-14 12:00:00,13.642019333731167,0.817175815245878,0.03607623987576265,3.1325655030415342,0
2016-08-14 12:05:00,12.55842296093429,0.7792929028221233,0.029789702186648403,3.1325655030415342,0
2016-08-14 12:10:00,12.631999780936667,0.7415565008339733,0.024617228133408907,1.9864131214855991,0
2016-08-14 12:15:00,12.903083218106744,0.7440840579397439,0.02539071145938391,1.9678351582649278,0
2016-08-14 12:20:00,13.702934264915402,0.7575821654140578,0.027437198944134083,2.4554738187811833,0
2016-08-14 12:25:00,13.36443151334763,0.747493427188239,0.02501332407727157,2.4554738187811833,0
2016-08-14 12:30:00,12.469890761277714,0.7374638345910343,0.022867731944518268,2.183495717909231,0
2016-08-14 12:35:00,12.269680707815535,0.7317874265244927,0.022317631579989224,2.183495717909231,0
2016-08-14 12:40:00,12.303889040256504,0.7578358649868467,0.02786731484770577,2.852656732469327,0
2016-08-14 12:45:00,13.23296717255018,0.7917371839713305,0.03338429030983508,5.987779916590938,0
2016-08-14 12:50:00,14.337542875596824,0.7929687630252102,0.033474878491912226,5.987779916590938,0
2016-08-14 12:55:00,13.857809103599502,0.7768135705651181,0.03047372103905563,4.837153586429908,0
2016-08-14 13:00:00,12.950983751404976,0.7674277018191541,0.02781493613595217,2.7733226101158888,0
2016-08-14 13:05:00,12.955724508482898,0.7662534289838532,0.02784554895963453,2.7733226101158888,0
2016-08-14 13:10:00,13.526110430912123,0.749755244537375,0.025351141512690228,2.2054344065868916,0
2016-08-14 13:15:00,13.985665116693578,0.7398499381952736,0.02345746369532352,1.0895372628673876,0
2016-08-14 13:20:00,13.647711808085552,0.7505116494293091,0.02591557285794772,1.7905257111633184,0
2016-08-14 13:25:00,13.540577478657827,0.7466636205056523,0.0255444573757437,2.8158286494452565,0
2016-08-14 13:30:00,13.495212053069531,0.7656446316165408,0.028952431676692043,2.8158286494452565,0
2016-08-14 13:35:00,13.031816894724605,0.7818146612808126,0.03264203233014435,1.5232035547252598,0
2016-08-14 13:40:00,12.785872271978347,0.7500525431796744,0.026410382855036035,1.722278203308371,0
2016-08-14 13:45:00,13.137527459164872,0.7599249581934002,0.02694741920132398,2.717850120919812,0
2016-08-14 13:50:00,13.877573186662692,0.7757566675487835,0.028779005058297242,4.9976894700917,0
2016-08-14 13:55:00,13.680743664830326,0.7598578294510597,0.026414855231076832,4.9976894700917,0
2016-08-14 14:00:00,12.88425154300485,0.746458483101275,0.024951901526787106,3.0067586470158343,0
2016-08-14 14:05:00,12.44755045090227,0.7434939987971054,0.025494703215319936,2.1924698167820806,0
2016-08-14 14:10:00,12.697148189793078,0.7387593547940754,0.02565730047696358,2.1924698167820806,0
2016-08-14 14:15:00,13.24415530108418,0.7403230623853572,0.025106800044910678,1.8798746311459158,0
2016-08-14 14:20:00,13.249212546502594,0.740001762023476,0.02413069698929395,2.632145361588154,0
2016-08-14 14:25:00,12.938848908213103,0.7366989653857412,0.023498921360244555,2.632145361588154,0
2016-08-14 14:30:00,12.597157620564793,0.7372256632087558,0.024757227046522095,1.5523649207644117,0
2016-08-14 14:35:00,12.595438437591886,0.7373010035555341,0.024913225380553954,1.5015596578714163,0
2016-08-14 14:40:00,13.012639198151465,0.7457863993728352,0.025520045859290092,1.7753933062250116,0
2016-08-14 14:45:00,13.054459367955193,0.761303498053439,0.028669386076883536,1.9772275279220834,0
2016-08-14 14:50:00,12.783886190951975,0.7591438169755762,0.028058779060894053,2.658258102475144,0
2016-08-14 14:55:00,13.174704149112273,0.7470793427808478,0.02534063678482094,2.658258102475144,0
2016-08-14 15:00:00,12.97422646904899,0.7565546546416818,0.028067342297781593,2.4748284976205666,0
2016-08-14 15:05:00,13.03928851507789,0.7754324079429131,0.03315239539708041,4.411895244859915,0
2016-08-14 15:10:00,12.58103932065104,0.7626926199281546,0.030257008978676374,4.411895244859915,0
2016-08-14 15:15:00,11.554306631286483,0.746148689289351,0.025817913802594416,0.9801367638032729,0
2016-08-14 15:20:00,11.376790081263715,0.7537754101533813,0.02748816681537839,2.4904007073236567,0
2016-08-14 15:25:00,10.98066058926853,0.7591622369844484,0.028284163692836678,2.4904007073236567,0
2016-08-14 15:30:00,10.737147273951535,0.7530765905005194,0.02669477243710579,2.7449000228155667,0
2016-08-14 15:35:00,10.467975746702841,0.7451184427325762,0.02531647354166196,2.7449000228155667,0
2016-08-14 15:40:00,10.502621423267012,0.7441065503745076,0.02519802559342595,1.7551681867259599,0
2016-08-14 15:45:00,10.727608057492061,0.7425866883164457,0.02451050489661937,1.2890905755509279,0
2016-08-14 15:50:00,11.344511754702943,0.7583456385878873,0.02748091480367685,1.9969680873888005,0
2016-08-14 15:55:00,11.220954393959177,0.7576580127602912,0.028230763045162654,2.777830369537727,0
2016-08-14 16:00:00,10.162948371925058,0.7634606548714207,0.02913274443422484,2.777830369537727,0
2016-08-14 16:05:00,10.10233039897882,0.7680403543918575,0.029257057228557665,2.483598486305867,0
2016-08-14 16:10:00,11.322842162883848,0.7817993182205878,0.0323822394126292,8.06407785247182,0
2016-08-14 16:15:00,11.703595440480392,0.808432574296629,0.03720312609956566,8.06407785247182,0
2016-08-14 16:20:00,10.96115359167818,0.787220663903548,0.03229400459182722,2.3475291425344578,0
2016-08-14 16:25:00,11.1511288340504,0.798976915072488,0.0357245883825309,4.123844576821483,0
2016-08-14 16:30:00,12.797482840012233,0.9025996431842038,0.06764280018255846,4.123844576821483,0
2016-08-14 16:35:00,12.448222990974495,0.8846002115493453,0.06260125736779955,3.677289525287527,0
2016-08-14 16:40:00,10.682289869321592,0.7742157988091168,0.029675879062100553,3.677289525287527,0
2016-08-14 16:45:00,10.49472877384722,0.7590411261542642,0.027030400519895796,2.424912325814409,0
2016-08-14 16:50:00,10.502293550756539,0.7673615780712028,0.02825002874595195,1.860233501401209,0
2016-08-14 16:55:00,10.433344151981855,0.7587276695057403,0.02689515461315628,1.860233501401209,0
2016-08-14 17:00:00,10.085474478319828,0.744645160628701,0.025228733023961253,2.039330449198207,0
2016-08-14 17:05:00,9.909903895922817,0.7431044271270542,0.02573479015834122,2.039330449198207,0
2016-08-14 17:10:00,10.362056454284701,0.7416796726406809,0.0253485243462582,1.7988484407828085,0
2016-08-14 17:15:00,10.358255952584951,0.7384570612451546,0.02452952056103128,1.7810330859468986,0
2016-08-14 17:20:00,9.806061387817468,0.7398073750126904,0.024400455303020756,1.359115456969151,0
2016-08-14 17:25:00,9.955527050494542,0.7509881537504841,0.024859184541445107,2.1905943830691745,0
2016-08-14 17:30:00,10.258306529945926,0.7816483218350878,0.030041041184965988,2.6501675164948426,0
2016-08-14 17:35:00,10.147787503958384,0.7965156793337267,0.03365909051701676,2.6501675164948426,0
2016-08-14 17:40:00,10.181209845497897,0.7637995854253473,0.02823774482888953,2.231000274976577,0
2016-08-14 17:45:00,10.12363052535563,0.7448813611954515,0.02495644067016489,1.3455245531360684,0
2016-08-14 17:50:00,9.887580251600728,0.7620050176374946,0.027058928142738286,2.7421740630425746,0
2016-08-14 17:55:00,9.785553787889224,0.7672037747481383,0.02811235757967026,2.7421740630425746,0
2016-08-14 18:00:00,9.37819617292325,0.7665133804709168,0.027199469781219694,2.3958917332020477,0
2016-08-14 18:05:00,8.969024116162258,0.7603575935116801,0.02589289911912459,1.277145285019857,0
2016-08-14 18:10:00,9.202858006318472,0.7593440199651433,0.02717975220586356,1.0505057508835078,0
2016-08-14 18:15:00,9.634847073251182,0.7705523916457225,0.029115961994910556,1.9619910206522408,0
2016-08-14 18:20:00,9.681352486493571,0.7749463076887728,0.029286474788609775,3.011586219408585,0
2016-08-14 18:25:00,9.806682325164164,0.7819482101061072,0.029342066844262316,3.011586219408585,0
2016-08-14 18:30:00,10.109905709430242,0.7842398123196432,0.030063972131524026,3.3030099409793827,0
2016-08-14 18:35:00,9.99035377943324,0.7732604545316056,0.02902127762105098,3.3030099409793827,0
2016-08-14 18:40:00,9.89261303645741,0.7728975921469003,0.028704310442758292,2.0252574256298614,0
2016-08-14 18:45:00,9.850877000350266,0.7688181509478113,0.028183260360348926,1.1905084834205844,0
2016-08-14 18:50:00,9.705078380232376,0.762478358958332,0.02662312267722622,2.3843759517855663,0
2016-08-14 18:55:00,10.351914780504346,0.784387455426282,0.02966643865765193,3.337648417993734,0
2016-08-14 19:00:00,10.194579988700317,0.7710491659957013,0.029105579176936958,3.337648417993734,0
2016-08-14 19:05:00,9.39725849103514,0.7516457213166621,0.02704550069689095,2.114729439665151,0
2016-08-14 19:10:00,10.076147731387884,0.7880309625311097,0.03283575019191142,2.4191551311817787,0
2016-08-14 19:15:00,10.316595329035438,0.8026744590810192,0.03473363053505297,2.4191551311817787,0
2016-08-14 19:20:00,10.158122180831802,0.8054869029713908,0.03452911812696567,2.4429400988716714,0
2016-08-14 19:25:00,10.198769976467128,0.8132293078766484,0.035796674402912225,2.4429400988716714,0
2016-08-14 19:30:00,10.672123542016795,0.8404657430931354,0.04125592750938546,2.154503871480172,0
2016-08-14 19:35:00,11.408502622362128,0.8744824924193628,0.04853061166736032,2.9014517558946142,0
2016-08-14 19:40:00,10.82546953203315,0.818369890148902,0.038548344838820116,4.603233492066763,0
2016-08-14 19:45:00,10.101022410056014,0.7808962191317462,0.03130000481572022,4.603233492066763,0
2016-08-14 19:50:00,10.110646157009404,0.799465430363804,0.03258675817740329,4.5143846200364655,0
2016-08-14 19:55:00,10.445781807187085,0.8023459066126525,0.030496408919568403,4.5143846200364655,0
2016-08-14 20:00:00,10.14695806751359,0.8013498156327746,0.03113944123114661,2.489573807768479,0
2016-08-14 20:05:00,9.586356302004603,0.7775496823760266,0.029664984991738846,1.9007312418001099,0
2016-08-14 20:10:00,9.651497549993142,0.752052828002053,0.02651743429800336,1.9356554892724687,0
2016-08-14 20:15:00,9.890985562872764,0.7457007447642773,0.02588886070233906,1.9356554892724687,0
2016-08-14 20:20:00,9.800533544408633,0.7387841744065063,0.025564815974792494,1.904653609096532,0
2016-08-14 20:25:00,9.737384425073566,0.7505964459723364,0.02647265595544321,2.6210468791539028,0
2016-08-14 20:30:00,10.06515189481851,0.7868051944874704,0.03046421290249805,4.235151244293975,0
2016-08-14 20:35:00,9.776019975307662,0.782797624161036,0.030585066439720376,4.235151244293975,0
2016-08-14 20:40:00,9.481192179595489,0.7464380715780967,0.02659261621116949,1.649532656549027,0
2016-08-14 20:45:00,10.068956785354132,0.7628260751071646,0.029380426277643368,2.4333486318104725,0
2016-08-14 20:50:00,10.710545599716589,0.784231051356606,0.03196610030731671,4.0209897135990404,0
2016-08-14 20:55:00,10.383069681444692,0.7858024233106025,0.03191935876371912,4.0209897135990404,0
2016-08-14 21:00:00,9.723493271029234,0.7746463461942834,0.03040365543693435,2.024486380569074,0
2016-08-14 21:05:00,9.979753102096508,0.767281097745909,0.029087610209937866,1.9651386960276127,0
2016-08-14 21:10:00,10.410961973555397,0.7842684279217099,0.03153396108192668,1.9651386960276127,0
2016-08-14 21:15:00,10.522421340176654,0.7684730771810566,0.02913682151874849,1.2937645203808021,0
2016-08-14 21:20:00,10.741725853792756,0.7481457360815211,0.02540203932147537,2.107200707845941,0
2016-08-14 21:25:00,11.663572735168325,0.7792953572813759,0.02946895886052007,10.54363873375809,0
2016-08-14 21:30:00,11.64567255891927,0.7830876987849742,0.02977014780159168,10.54363873375809,0
2016-08-14 21:35:00,10.550743143780357,0.761745199604399,0.025902186829161077,3.7536620873281596,0
2016-08-14 21:40:00,10.100457100974326,0.7745064471309357,0.027493969387749374,1.7886464263716897,0
2016-08-14 21:45:00,10.809012358399023,0.7999742022021307,0.03338707878565577,1.631453428429005,0
2016-08-14 21:50:00,11.667393675847887,0.826761911884943,0.03857949330113915,3.204789926163229,0
2016-08-14 21:55:00,11.401658475324515,0.795982420629183,0.03270082309159269,3.204789926163229,0
2016-08-14 22:00:00,11.103088678016704,0.7670717581809698,0.02794488896033224,4.296144417963992,0
2016-08-14 22:05:00,10.802333557630984,0.7637362045660654,0.028600961526575337,4.296144417963992,0
2016-08-14 22:10:00,10.865837170694903,0.8064273386026317,0.03606634437562804,3.4739303809315825,0
2016-08-14 22:15:00,10.721381295794682,0.8282289307949258,0.03876054304765246,2.0751600324710178,0
2016-08-14 22:20:00,10.798458079425806,0.8194712195158493,0.03760131733032251,2.9201842001272755,0
2016-08-14 22:25:00,11.194374535371411,0.8272501679790103,0.038667285764528235,3.1508127299769475,0
2016-08-14 22:30:00,11.800429344393356,0.8624292066904335,0.045776474608518546,3.1508127299769475,0
2016-08-14 22:35:00,11.653732535535642,0.8414088803501474,0.042983267354910405,2.0588850350269303,0
2016-08-14 22:40:00,11.012669730832915,0.76668328920933,0.028372936512495596,2.0588850350269303,0
2016-08-14 22:45:00,10.87233467465111,0.7641285534149886,0.026735955356350094,1.2409941133399465,0
2016-08-14 22:50:00,10.342928233786319,0.7657240042256722,0.027836875362343194,2.6013306059373082,0
2016-08-14 22:55:00,10.060611454002293,0.7611165183234507,0.02792627139505031,2.6013306059373082,0
2016-08-14 23:00:00,9.58204602625574,0.7491178525364512,0.026840739761507672,1.8414297205809838,0
2016-08-14 23:05:00,9.250154071242491,0.7410007648745092,0.025808936060097522,1.8414297205809838,0
2016-08-14 23:10:00,9.367937416608083,0.7366984095903402,0.024656055911869205,1.7586806410210034,0
2016-08-14 23:15:00,9.575713725002455,0.7539583235463065,0.027775881880752695,1.7586806410210034,0
2016-08-14 23:20:00,9.708477310686686,0.7803868038054761,0.032282594619834126,3.3661123321309736,0
2016-08-14 23:25:00,10.294375435862056,0.7938765444287349,0.033762164346506765,3.3661123321309736,0
2016-08-14 23:30:00,10.600689566877453,0.7935585422246985,0.03626272066259294,6.778965880960558,0
2016-08-14 23:35:00,10.077666177428087,0.7813992849415817,0.034823560645871346,6.778965880960558,0
2016-08-14 23:40:00,9.721784873936254,0.7591470139474452,0.028270137243126825,1.654239724116721,0
2016-08-14 23:45:00,9.902471970596668,0.7644899560014574,0.02868490491149477,1.18604582127946,0
2016-08-14 23:50:00,10.540898899981531,0.780942465280761,0.030934599943540964,8.956925433643907,0
2016-08-14 23:55:00,10.472373078469996,0.7663001368582807,0.028272530375870724,8.956925433643907,0
2016-08-15 00:00:00,10.549991999377493,0.786176363721955,0.03179084511371996,6.963570130310262,0
2016-08-15 00:05:00,10.54385098472179,0.7818408339918892,0.031774698300500975,2.3650657048547066,0
2016-08-15 00:10:00,10.626337814961259,0.7802288115151171,0.03124075368040209,7.079575471224716,0
2016-08-15 00:15:00,10.858546514658,0.7839117682458843,0.031147368262019276,7.079575471224716,0
2016-08-15 00:20:00,10.317092780195308,0.7518947613489525,0.026204394348545636,1.8267951956853898,0
2016-08-15 00:25:00,10.633405869128158,0.7825190781267883,0.033783286699639314,9.232369184398591,0
2016-08-15 00:30:00,11.248181025513238,0.821071812134044,0.041493920523866766,9.232369184398591,0
2016-08-15 00:35:00,10.72319998973271,0.7825588924079777,0.03310392881964323,5.435657541676294,0
2016-08-15 00:40:00,10.235967616190827,0.7513549173888262,0.026872879429875613,5.435657541676294,0
2016-08-15 00:45:00,10.368354087166345,0.7576099684122217,0.02817246382907016,2.333755115676061,0
2016-08-15 00:50:00,10.387366097980445,0.7727443333062609,0.029755716968600587,1.889753006764999,0
2016-08-15 00:55:00,10.3621248178655,0.7769824308321917,0.02969721954061359,2.418229237636141,0
2016-08-15 01:00:00,10.175383592689602,0.7485940115170298,0.025885040892053717,2.418229237636141,0
2016-08-15 01:05:00,10.187737490890967,0.7530346463604375,0.02750431138796388,2.2885079804994697,0
2016-08-15 01:10:00,10.186323106486403,0.7545297141059414,0.02780658664510669,2.091343216966643,0
2016-08-15 01:15:00,10.472480447371678,0.7491230928773993,0.025631203415238633,2.192259397967713,0
2016-08-15 01:20:00,11.229010721372859,0.7766929039531163,0.029547871026826173,2.563166062249873,0
2016-08-15 01:25:00,11.565657420611533,0.7718826977058506,0.029207568501943355,2.563166062249873,0
2016-08-15 01:30:00,11.3990580706731,0.7802365781770273,0.030696475736727274,3.118530384507897,0
2016-08-15 01:35:00,11.126578014039513,0.7693354099752654,0.029606484446055542,3.118530384507897,0
2016-08-15 01:40:00,11.307535259769072,0.7679301072853952,0.028658569854089315,1.637202181024777,0
2016-08-15 01:45:00,11.805740858725601,0.7931872017256886,0.03239521677153663,1.518603055527197,0
2016-08-15 01:50:00,12.056187180340345,0.7530778733229953,0.02765947534153168,2.7574508902946784,0
2016-08-15 01:55:00,11.7535533570891,0.728814725397122,0.025215442531268235,2.7574508902946784,0
2016-08-15 02:00:00,11.501519460494485,0.7258480301196238,0.024102546538334713,2.330832120794378,0
2016-08-15 02:05:00,11.776875508586198,0.7226932851228594,0.022655052323101006,2.330832120794378,0
2016-08-15 02:10:00,12.201741506203255,0.7358121341995558,0.024042530708915162,1.911107040012029,0
2016-08-15 02:15:00,12.467731068284406,0.7471529977340741,0.02622714757949417,2.2907434152600805,0
2016-08-15 02:20:00,12.43895447221665,0.7336833209246189,0.024419899411478298,2.2907434152600805,0
2016-08-15 02:25:00,12.622568082450403,0.7312983363364804,0.022921843142438413,2.6290254196600906,0
2016-08-15 02:30:00,13.182640753807277,0.784747057885727,0.03198225219150403,3.3790744598755675,0
2016-08-15 02:35:00,13.098988968119656,0.7865223086720081,0.03187262688404857,3.6559786837126493,0
2016-08-15 02:40:00,13.112308975835735,0.7375288288491932,0.023054166909848885,3.6559786837126493,0
2016-08-15 02:45:00,13.280292020636614,0.7389712356191818,0.023911557796133076,2.658551148272938,0
2016-08-15 02:50:00,13.242091746278408,0.7429425086136404,0.02440886948394492,2.536891534554722,0
2016-08-15 02:55:00,13.979776972551619,0.7614350623775867,0.03106680532983016,6.440242379147071,0
2016-08-15 03:00:00,13.522386710974752,0.7495981652966248,0.030165397871778292,9.4849126304788,0
2016-08-15 03:05:00,13.108906914724537,0.7382408164847085,0.024527333344043334,9.4849126304788,0
2016-08-15 03:10:00,14.088240218000985,0.7627171054789236,0.027487377739298928,2.191819188685686,0
2016-08-15 03:15:00,14.092049196686526,0.7618165024709584,0.026914440964793073,2.5244302420039255,0
2016-08-15 03:20:00,13.18168279704754,0.7505433108819888,0.02562679497423881,2.5244302420039255,0
2016-08-15 03:25:00,12.960630519482265,0.7466441745021752,0.02525495869590074,2.379564800383472,0
2016-08-15 03:30:00,13.419007151339951,0.7583159408718725,0.02704283370192288,3.201112936968758,0
2016-08-15 03:35:00,14.060295181009192,0.7786633050505708,0.03072393792570584,3.201112936968758,0
2016-08-15 03:40:00,13.96195743093513,0.7761090128344539,0.029842700243120447,2.3603090018998407,0
2016-08-15 03:45:00,13.424953406400524,0.7574517509877217,0.027385491035387854,2.995159597170392,0
2016-08-15 03:50:00,13.458012136107005,0.7574495164465086,0.028172389751513725,2.995159597170392,0
2016-08-15 03:55:00,13.798375511560929,0.745546322388929,0.025117168432578905,1.6616233625554437,0
2016-08-15 04:00:00,13.58366374003297,0.7313763146906971,0.02308682363987216,2.8407387081640634,0
2016-08-15 04:05:00,12.779569788388063,0.7351156103226193,0.024620925727140273,2.8407387081640634,0
2016-08-15 04:10:00,12.287222478883102,0.7290912221409033,0.023486397578633973,1.741177945909333,0
2016-08-15 04:15:00,12.963783117245859,0.7211733275195913,0.021458071632063154,2.4787662661567014,0
2016-08-15 04:20:00,13.728537109669338,0.7239472811103354,0.022639162575183013,2.7725427799051547,0
2016-08-15 04:25:00,13.711646764286405,0.7309740795703406,0.024608014835582254,2.7725427799051547,0
2016-08-15 04:30:00,14.11791823304768,0.7432497766760275,0.025603369445398188,1.4738631948952607,0
2016-08-15 04:35:00,14.429241254064205,0.7443255063940206,0.024158807756612003,2.9457556560185676,0
2016-08-15 04:40:00,14.26497523495009,0.7488638724219848,0.024999132835651805,2.9457556560185676,0
2016-08-15 04:45:00,13.98302849015273,0.7503107970900142,0.026479828948894696,2.938294720211703,0
2016-08-15 04:50:00,14.099586060422482,0.7405510128459369,0.023828923943953022,2.2985591951407396,0
2016-08-15 04:55:00,13.960785515992796,0.7381673819995351,0.022969259568469666,2.2985591951407396,0
2016-08-15 05:00:00,13.594856923799725,0.7302264842851313,0.021987717308662086,2.2011474036711447,0
2016-08-15 05:05:00,13.638471374261865,0.7253684470425181,0.021387168201942443,2.187250626934252,0
2016-08-15 05:10:00,13.852163075933381,0.7372080474247299,0.022954530220133825,2.0303490605968237,0
2016-08-15 05:15:00,13.728648014867954,0.7363622337263949,0.022676679169280033,2.0303490605968237,0
2016-08-15 05:20:00,13.569217503989028,0.7140716979383146,0.02091473918945214,3.222506511303017,0
2016-08-15 05:25:00,13.97435046732458,0.7090921527989427,0.02044156820750058,3.222506511303017,0
2016-08-15 05:30:00,13.837740683352795,0.720193690323546,0.020598813858887722,1.837740061471327,0
2016-08-15 05:35:00,13.164435216234011,0.7165575121526359,0.02006924032820484,2.4622204979328166,0
2016-08-15 05:40:00,13.167127433672983,0.7246873634486259,0.020705985346617432,2.747766383243287,0
2016-08-15 05:45:00,13.516099236550385,0.7450161715816107,0.022220878475062916,2.747766383243287,0
2016-08-15 05:50:00,14.067918026646197,0.7544166382796235,0.02504119441248014,2.636305035176678,0
2016-08-15 05:55:00,14.108135580436098,0.74571126831103,0.02591770031690539,2.636305035176678,0
2016-08-15 06:00:00,12.925928391761754,0.7262967267837515,0.023036465756778715,4.307583436961296,0
2016-08-15 06:05:00,12.73794585671111,0.7306628008287451,0.02379288726746467,4.307583436961296,0
2016-08-15 06:10:00,13.520942138439874,0.7371914054084518,0.02443743785591402,3.9400072993346544,0
2016-08-15 06:15:00,14.10099589280189,0.7372825031104449,0.023249136368233413,3.6291994711535684,0
2016-08-15 06:20:00,14.796715181370766,0.7455614043460785,0.024552391266832403,2.342777550411662,0
2016-08-15 06:25:00,15.20045806892779,0.7397215696552024,0.02429474293694573,2.896987116431176,0
2016-08-15 06:30:00,14.429483754099024,0.7363169278984529,0.02470884729782357,2.896987116431176,0
2016-08-15 06:35:00,14.048958914943048,0.7611667313177118,0.02935322856788628,3.294387583096493,0
2016-08-15 06:40:00,14.046627029535127,0.7496955761246422,0.027845926396974113,3.294387583096493,0
2016-08-15 06:45:00,13.600161641291251,0.7130892439550327,0.021932675185802677,2.552637865784455,0
2016-08-15 06:50:00,14.595288495750799,0.7368669213091286,0.030581825768560694,21.22170977115594,0
2016-08-15 06:55:00,14.262777749038332,0.7348352557078904,0.030483874509900394,21.22170977115594,0
2016-08-15 07:00:00,12.633141247248522,0.7132730365723541,0.0221509844143832,19.55859168061871,0
2016-08-15 07:05:00,12.990531640964184,0.7285979830954767,0.024835934638719817,3.4463294640118995,0
2016-08-15 07:10:00,13.807449728787585,0.7251110041479136,0.02475308386280796,2.506148440442432,0
2016-08-15 07:15:00,14.471620680727165,0.7688370574377438,0.03399599242434971,5.897936280162461,0
2016-08-15 07:20:00,14.095626793916514,0.7823851051390656,0.035176557377650484,5.897936280162461,0
2016-08-15 07:25:00,13.484261799422848,0.7303133376825536,0.02326398444175049,2.6235085886267426,0
2016-08-15 07:30:00,14.254347156941416,0.7247832033922141,0.02177626144972862,3.3281612110848133,0
2016-08-15 07:35:00,14.804753252543259,0.7333416177356364,0.02417727667402386,3.3281612110848133,0
2016-08-15 07:40:00,15.729622539614274,0.775757434524387,0.03527016243563306,3.4527904122609137,0
2016-08-15 07:45:00,15.831431306684658,0.8225488847049502,0.043180692972019694,3.4527904122609137,0
2016-08-15 07:50:00,15.02317538461467,0.7766461287347441,0.0307656243705494,2.757318460992325,0
2016-08-15 07:55:00,14.572654755242263,0.7265212750765127,0.021154082524835836,2.100250475197079,0
2016-08-15 08:00:00,13.576953040925474,0.7249131543041403,0.021758163806497133,3.768670928547592,0
2016-08-15 08:05:00,13.22267297008284,0.7168598213761437,0.02065533412891422,3.768670928547592,0
2016-08-15 08:10:00,13.64108148215252,0.7214538588099781,0.02116588927664768,2.983240900486103,0
2016-08-15 08:15:00,13.524743861681486,0.7252261055627254,0.021686752215096538,1.6042834818848133,0
2016-08-15 08:20:00,12.842250087496742,0.7369918110372741,0.024782755833611027,1.1544010418441888,0
2016-08-15 08:25:00,13.655165449638934,0.8118095255506904,0.03787635131231182,3.8850262074719413,0
2016-08-15 08:30:00,13.704183878671781,0.7905601946750419,0.033929839418591554,3.8850262074719413,0
2016-08-15 08:35:00,12.869379187371404,0.7267401035379292,0.023273463074793437,3.776024368895083,0
2016-08-15 08:40:00,12.637404571853045,0.7398497065921813,0.02594045505332085,3.776024368895083,0
2016-08-15 08:45:00,14.994323729859099,0.8347570935268512,0.05630313824340962,9.535297837697303,0
2016-08-15 08:50:00,15.622506574701237,0.8514124235564506,0.058691244676175126,9.535297837697303,0
2016-08-15 08:55:00,12.288486777649858,0.7586095083873803,0.02734818519710267,5.024024474507593,0
2016-08-15 09:00:00,11.190813701265482,0.7471891268116582,0.02567714459796671,2.52705061439254,0
2016-08-15 09:05:00,11.78999107300535,0.794777029570777,0.033520003362225576,2.52705061439254,0
2016-08-15 09:10:00,11.853747478029069,0.7731355326129641,0.030218573899870177,2.269215240574636,0
2016-08-15 09:15:00,11.275565472244734,0.7144534532796578,0.021978710018396744,1.8153922871553863,0
2016-08-15 09:20:00,11.50249867731343,0.7707698100348428,0.031803526825693325,1.9294318360749874,0
2016-08-15 09:25:00,12.057293186791968,0.8381539314755797,0.04356768570902745,2.075224769756772,0
2016-08-15 09:30:00,11.623674523910314,0.7899830954721564,0.0347449717947803,2.075224769756772,0
2016-08-15 09:35:00,10.85901892843605,0.7292710016610986,0.02411641126549242,2.6383314687684463,0
2016-08-15 09:40:00,11.416697139007562,0.7537620387852195,0.029500651153976404,4.51048683645403,0
2016-08-15 09:45:00,11.378938524168467,0.7612180599705163,0.030528838131654162,4.51048683645403,0
2016-08-15 09:50:00,10.649239509650434,0.7335826556793087,0.0249744788495631,2.7095708398395772,0
2016-08-15 09:55:00,10.89955096222826,0.7299928926712553,0.024460155239832106,1.8329417997717663,0
2016-08-15 10:00:00,10.520624260171683,0.7371186810135353,0.025806974731111026,2.1541036343158204,0
2016-08-15 10:05:00,10.167339948157856,0.7432531482620758,0.026920895252328686,3.0112897301752968,0
2016-08-15 10:10:00,10.69883772117457,0.7506250566543874,0.027061903288165934,3.0375419062889235,0
2016-08-15 10:15:00,10.601538857871875,0.7345820174203433,0.024564925360681982,3.0375419062889235,0
2016-08-15 10:20:00,10.467364770819191,0.7351515569875371,0.024630588470032095,1.2375120970344073,0
2016-08-15 10:25:00,11.53725431457482,0.7899053384503005,0.03550178503503139,8.203436654006449,0
2016-08-15 10:30:00,11.470790213773036,0.8118744320676194,0.03943273787774701,8.203436654006449,0
2016-08-15 10:35:00,10.295848388083455,0.7852649108840501,0.03168796629135215,7.05006936690908,0
2016-08-15 10:40:00,11.194802190951211,0.8096172442882058,0.03722143114168839,7.630238486306148,0
2016-08-15 10:45:00,11.874667711208975,0.8334355373931365,0.04409300468013029,7.630238486306148,0
2016-08-15 10:50:00,11.136846136860594,0.8085296617112829,0.038274363053185254,6.238706168473474,0
2016-08-15 10:55:00,10.896455711408032,0.7894145867823116,0.032699516939473226,1.5660778259775385,0
2016-08-15 11:00:00,10.785095214780148,0.788663412185516,0.032275961878861746,1.5660778259775385,0
2016-08-15 11:05:00,10.753001298557335,0.830449956566247,0.03905477999246826,4.338938909179851,0
2016-08-15 11:10:00,10.558693241801382,0.8246784079063809,0.03870920568744195,4.338938909179851,0
2016-08-15 11:15:00,9.82683025265813,0.7693130294741555,0.03017908159633962,2.487931579938681,0
2016-08-15 11:20:00,9.700689173905776,0.7677632715050512,0.029666398632026213,2.6245395235474405,0
2016-08-15 11:25:00,10.090447947995449,0.7809962007913387,0.03210170799443215,3.6231924651670018,0
2016-08-15 11:30:00,10.482812491311204,0.8248945734169784,0.043156612875823105,3.912879192669747,0
2016-08-15 11:35:00,10.130600503873753,0.7959676942115276,0.0389709743628728,3.912879192669747,0
2016-08-15 11:40:00,9.988251857414513,0.738925217699596,0.02531101487750233,2.431514847491904,0
2016-08-15 11:45:00,10.932212422093698,0.789533200389599,0.032625496619994386,2.431514847491904,0
2016-08-15 11:50:00,10.75741349988439,0.8036386123416968,0.03518718240073988,1.885753687148171,0
2016-08-15 11:55:00,10.079734063448083,0.7960798773555385,0.034144509700226165,1.6236812378293508,0
2016-08-15 12:00:00,10.995573917717746,0.8830370824157175,0.054392066254889036,2.2813888039440235,0
2016-08-15 12:05:00,12.11535082496014,0.9576665514654266,0.07570349188758646,2.3676386137944334,0
2016-08-15 12:10:00,12.753242403897916,0.9590974165625673,0.07586056886315681,3.176160294342127,0
2016-08-15 12:15:00,13.037900600848067,0.9567014371010323,0.07368831516832341,3.176160294342127,0
2016-08-15 12:20:00,13.008982803297815,0.9557479368009227,0.07263169890014558,2.4672416153795993,0
2016-08-15 12:25:00,13.508564100826513,0.9466855784775959,0.06900147391918028,3.5670703775532298,0
2016-08-15 12:30:00,13.415285950917754,0.9494850344868624,0.07175247764354245,3.5670703775532298,0
2016-08-15 12:35:00,12.616106219546536,0.9543225161584151,0.07270872755144486,2.2182845751557427,0
2016-08-15 12:40:00,13.679320774289199,0.9545437622466397,0.07439325467353504,14.698397086709912,0
2016-08-15 12:45:00,13.862071794152206,0.9516106986127013,0.07378007915187759,14.698397086709912,0
2016-08-15 12:50:00,13.276479263427637,0.9522620833107507,0.0713749540887382,3.2360825924619983,0
2016-08-15 12:55:00,13.107819873473128,0.9575732797958743,0.07399345306760312,2.0587236170934906,0
2016-08-15 13:00:00,12.0365341015697,0.9591078438003765,0.07669798527342532,3.8743947444819224,0
2016-08-15 13:05:00,11.848140426512563,0.9635109458364397,0.07994133583720396,3.8743947444819224,0
2016-08-15 13:10:00,12.172233072000195,0.9601356263799704,0.07688098327065099,2.490918511189579,0
2016-08-15 13:15:00,12.632825084810948,0.9519877803997646,0.07124443558997304,3.1281355430497957,0
2016-08-15 13:20:00,12.58646306431152,0.9582041902923025,0.07501866255965331,3.1281355430497957,0
2016-08-15 13:25:00,12.150242275066871,0.9661026694548058,0.07978760312968744,2.1889294597210167,0
2016-08-15 13:30:00,12.389362669362994,0.9571275114268832,0.07558997005986542,3.1758221295521545,0
2016-08-15 13:35:00,12.970889457545141,0.9519908134079053,0.07245864931765583,3.1758221295521545,0
2016-08-15 13:40:00,12.762324811565279,0.9541229958632865,0.07217961212775385,2.071053795155977,0
2016-08-15 13:45:00,12.121690198092162,0.958809085195026,0.07559948801003763,2.071053795155977,0
2016-08-15 13:50:00,11.874784888163536,0.9657241280265342,0.0803486387856224,1.5158162027331294,0
2016-08-15 13:55:00,12.087627669505677,0.9658923527601253,0.07966732796409223,2.6652283481289296,0
2016-08-15 14:00:00,12.53981438398871,0.9641976406526378,0.07921080969783659,2.6652283481289296,0
2016-08-15 14:05:00,12.804569604944202,0.9605977550173064,0.07780816791313752,2.147770040094341,0
2016-08-15 14:10:00,13.373071581380241,0.9602273030347994,0.08074469663786636,17.07213260818281,0
2016-08-15 14:15:00,13.072241103512486,0.9596470072453731,0.08014875532595299,17.07213260818281,0
2016-08-15 14:20:00,12.616437790629702,0.9581554400937218,0.07533294721432536,7.061355869550772,0
2016-08-15 14:25:00,12.567733533676304,0.9620787924399168,0.07691821129589782,7.061355869550772,0
2016-08-15 14:30:00,12.297483144098752,0.9654000730660953,0.07906376338955387,1.0401129960589057,0
2016-08-15 14:35:00,12.328723764790714,0.9662879746357707,0.08015528942298528,2.582416339438049,0
2016-08-15 14:40:00,12.622034944585774,0.9636790682341402,0.07747460049087847,4.471199607325008,0
2016-08-15 14:45:00,12.734294022240425,0.964067370395069,0.07675332578650465,4.471199607325008,0
2016-08-15 14:50:00,12.257839637559751,0.9585573442910812,0.07434682097541445,1.7553370509157207,0
2016-08-15 14:55:00,12.133072654634184,0.9526961581609258,0.07136667644958902,1.48996277279514,0
2016-08-15 15:00:00,11.697963874629938,0.9397569493187148,0.0657509080293464,1.5728322006673425,0
2016-08-15 15:05:00,10.982463156962652,0.8907338632287216,0.05338237790393764,1.9042448369247695,0
2016-08-15 15:10:00,10.1189636829505,0.7913325355527179,0.03602832041245814,2.096013769952728,0
2016-08-15 15:15:00,9.403843468545476,0.7482507702125614,0.02681094919842053,2.096013769952728,0
2016-08-15 15:20:00,9.348849936908113,0.7668784700586084,0.028122575047851282,2.8758183854798762,0
2016-08-15 15:25:00,9.492139407103348,0.7589339778491636,0.02715824811229961,2.8758183854798762,0
2016-08-15 15:30:00,10.032466487889568,0.7893524121149873,0.032791769343712265,1.7033955725781278,0
2016-08-15 15:35:00,10.469563007695921,0.8064721276401059,0.03537424758848241,3.7708272918618064,0
2016-08-15 15:40:00,10.775659993584082,0.7858345921840991,0.03128473932422899,3.7708272918618064,0
2016-08-15 15:45:00,10.481682997593692,0.7641769490665794,0.028556254786794355,2.1426076838568804,0
2016-08-15 15:50:00,10.34067577855431,0.8352066164322346,0.044314147354872796,2.425427606006567,0
2016-08-15 15:55:00,10.601707363966261,0.8808813972187328,0.053640321281338846,2.5197176549198876,0
2016-08-15 16:00:00,10.101312126977117,0.8258490632590106,0.04272226038693823,2.666969638624597,0
2016-08-15 16:05:00,9.730981579395634,0.7995711448771532,0.0353296688479079,2.666969638624597,0
2016-08-15 16:10:00,9.965342049252689,0.8165978164477856,0.03634306452340812,2.275894376186657,0
2016-08-15 16:15:00,9.951062969204859,0.8057334926211264,0.03451462419249511,3.398609371004975,0
2016-08-15 16:20:00,9.500593583598256,0.7752505508173951,0.02962887552466787,3.398609371004975,0
2016-08-15 16:25:00,9.188883071430979,0.7720019562663623,0.02915766936597334,2.8200099037712363,0
2016-08-15 16:30:00,8.601182119151172,0.7763670358442255,0.029825961190700623,2.8588252693685603,0
2016-08-15 16:35:00,9.9625032026938,0.8711022338554422,0.05048691846715945,2.8588252693685603,0
2016-08-15 16:40:00,10.862745640614065,0.890054012296311,0.05308776976646703,2.598292983786988,0
2016-08-15 16:45:00,9.786136504552898,0.819550813175664,0.03479938945243758,2.495855809206816,0
2016-08-15 16:50:00,10.316402040016708,0.8701669106898524,0.04822314776331814,2.495855809206816,0
2016-08-15 16:55:00,10.693080433695494,0.8737743538046926,0.04980381619644525,2.3883855594640675,0
2016-08-15 17:00:00,10.287175549612249,0.806290025286835,0.03313160776639694,2.3883855594640675,0
2016-08-15 17:05:00,10.148524450091356,0.7917180232328087,0.03032073468543569,2.3444372941676903,0
2016-08-15 17:10:00,12.527908810831999,0.8807109286523926,0.06368771039912276,4.907614397301689,0
2016-08-15 17:15:00,15.082699051262049,0.9783243434718688,0.0986684148950365,4.907614397301689,0
2016-08-15 17:20:00,15.22536206194302,0.9787428838814797,0.10017939457577237,2.579561903617809,0
2016-08-15 17:25:00,15.36456330416053,0.9789154213827118,0.10226348274374635,5.707251838351696,0
2016-08-15 17:30:00,15.265043272851832,0.9796641164968423,0.10503406422042752,5.707251838351696,0
2016-08-15 17:35:00,14.29249417971631,0.981512052125604,0.10632757599086344,3.4652023080596774,0
2016-08-15 17:40:00,13.570691465918404,0.9761698025658045,0.09691078222764933,2.1845360246138563,0
2016-08-15 17:45:00,12.67993453466789,0.9326823747100845,0.07382563602873468,5.566197925356387,0
2016-08-15 17:50:00,10.403406428018501,0.8476931188255007,0.04473804559884828,5.566197925356387,0
2016-08-15 17:55:00,9.480984279774786,0.8000863374440387,0.030999147762773738,4.316008750177585,0
2016-08-15 18:00:00,10.418579320887662,0.8516331274139971,0.04417201498091511,4.316008750177585,0
2016-08-15 18:05:00,10.220312531371624,0.8563338592454158,0.044650459436350404,3.384355740068282,0
2016-08-15 18:10:00,9.363081327021511,0.7881439494563085,0.030003309997528975,2.316503911136745,0
2016-08-15 18:15:00,9.561962702504431,0.7762780999351777,0.02832446450995859,2.1081570849270923,0
2016-08-15 18:20:00,9.622060050995035,0.7943901987162681,0.030803102868292204,2.1081570849270923,0
2016-08-15 18:25:00,10.03501053091485,0.8126630552662851,0.03263938293407777,2.1077551414443145,0
2016-08-15 18:30:00,9.968848200046994,0.8098263134980759,0.03232106420780244,2.1229623896792487,0
2016-08-15 18:35:00,9.420883822180304,0.8116781982714202,0.03325538177360485,2.548642224643605,0
2016-08-15 18:40:00,9.671602418806597,0.8117504364532575,0.03286078840359893,2.548642224643605,0
2016-08-15 18:45:00,9.798350811399349,0.7772655720393513,0.02862396490107415,1.5178830969685944,0
2016-08-15 18:50:00,10.31351173310549,0.7644600104275954,0.027311901649271553,1.7989145791346992,0
2016-08-15 18:55:00,11.80436542980296,0.8349458587351326,0.04037111997570716,2.4519444945038065,0
2016-08-15 19:00:00,11.489101390258705,0.8498497945294752,0.041960755927277306,3.1233266345875568,0
2016-08-15 19:05:00,9.934684493943756,0.7955338420469744,0.03021459631156021,3.1233266345875568,0
2016-08-15 19:10:00,10.342746471286917,0.7898183410242895,0.030248923243018914,2.6579752302611137,0
2016-08-15 19:15:00,11.317633421632632,0.785007294026487,0.03020020555756081,1.8560227885150187,0
2016-08-15 19:20:00,10.833229389482225,0.8021446581533255,0.0343035238599382,3.2658465781840387,0
2016-08-15 19:25:00,10.08673475459894,0.8069727996881163,0.03476995992768529,3.2658465781840387,0
2016-08-15 19:30:00,11.127644745383666,0.8088654347085609,0.03411717515128696,2.5672465468551744,0
2016-08-15 19:35:00,12.194637566233997,0.8259279370604038,0.03807212345825588,2.5672465468551744,0
2016-08-15 19:40:00,11.966737007532442,0.7932980092256348,0.03235051180692422,3.6675848667575175,0
2016-08-15 19:45:00,11.345201740313883,0.7576072063226608,0.0263089611143627,3.6675848667575175,0
2016-08-15 19:50:00,10.777302224736273,0.7818351987758312,0.02957943693230596,2.2529993268945674,0
2016-08-15 19:55:00,11.267068933771938,0.8604519656392575,0.044049312217345156,3.0642971873503746,0
2016-08-15 20:00:00,10.928358900654228,0.8619799172993798,0.044863590327782546,4.227348087061064,0
2016-08-15 20:05:00,9.41373540514439,0.8119758771846466,0.035079822563319166,4.227348087061064,0
2016-08-15 20:10:00,9.186788224025472,0.806342002393126,0.03513235946514971,2.7322167238776633,0
2016-08-15 20:15:00,9.350654720909345,0.8167241220576809,0.03762621381278959,2.863202932033961,0
2016-08-15 20:20:00,9.139727141560876,0.8051635728087676,0.03454325395808504,2.863202932033961,0
2016-08-15 20:25:00,9.08199902613305,0.7721976112354343,0.02824363881659537,1.8877911165301602,0
2016-08-15 20:30:00,9.35275888887681,0.795664551595576,0.03268208779192472,1.8877911165301602,0
2016-08-15 20:35:00,9.262111934651207,0.8098475387102946,0.03490098393437726,2.0354320687417125,0
2016-08-15 20:40:00,9.166578072992671,0.7847260216222218,0.031243918804293495,2.0354320687417125,0
2016-08-15 20:45:00,9.255751617442973,0.7673200320656305,0.02927503111223151,2.0244016019409483,0
2016-08-15 20:50:00,9.294218089285554,0.7677266410477868,0.02830493049842515,1.8799313899800631,0
2016-08-15 20:55:00,9.435387492964324,0.7822105222243556,0.029844408238716126,1.729985417831032,0
2016-08-15 21:00:00,9.11269649285698,0.7870586844108215,0.03125543714040369,1.729985417831032,0
2016-08-15 21:05:00,8.838713231911294,0.7707960284891567,0.030245744326037938,1.9983785756100096,0
2016-08-15 21:10:00,9.50287367509756,0.793219629703607,0.03534292164380197,1.9983785756100096,0
2016-08-15 21:15:00,10.051920751857557,0.8361082049050768,0.042636564890275126,4.414314171065195,0
2016-08-15 21:20:00,9.525620523253403,0.8011685137997904,0.035794195428160536,4.414314171065195,0
2016-08-15 21:25:00,8.76497804389222,0.7639610382914986,0.028182508630372433,1.947453911865636,0
2016-08-15 21:30:00,9.172228412492462,0.8089670198434529,0.03667210832578603,2.3286751414040863,0
2016-08-15 21:35:00,10.510078552042597,0.8986243071921287,0.056829352600491156,3.273730351666187,0
2016-08-15 21:40:00,11.025871616571688,0.9126010241332784,0.06020759070424155,3.273730351666187,0
2016-08-15 21:45:00,10.752589825152377,0.8994283812247781,0.05523701923240064,2.8551362174450543,0
2016-08-15 21:50:00,10.446585125525152,0.8693606398798347,0.0475199397477365,7.63590817073908,0
2016-08-15 21:55:00,10.327385226483624,0.8425299790968591,0.042285753243060116,7.63590817073908,0
2016-08-15 22:00:00,10.527670361548097,0.8686413466915186,0.04909617675200276,2.1629355644515065,0
2016-08-15 22:05:00,9.730235805463744,0.8236366515141051,0.03865471937387317,2.254141585576627,0
2016-08-15 22:10:00,9.726781953870363,0.8223465757114021,0.035804121192776456,2.254141585576627,0
2016-08-15 22:15:00,10.0361111485016,0.8311360320146638,0.037711017977699345,2.195065638499659,0
2016-08-15 22:20:00,9.244660062938964,0.7781053738013176,0.029060877106275813,2.3327724406388155,0
2016-08-15 22:25:00,9.392703982899105,0.7943613367428659,0.0323413448562398,3.929363508542995,0
2016-08-15 22:30:00,10.600872247590598,0.8810799110105162,0.05209866060213032,3.929363508542995,0
2016-08-15 22:35:00,10.360201410346786,0.8750654235750296,0.05163052619743228,2.4823673207092036,0
2016-08-15 22:40:00,9.255113322072315,0.7923847610813757,0.03299268177030122,2.4823673207092036,0
2016-08-15 22:45:00,9.776079734823766,0.841795248168596,0.04542137422629515,2.174318885729452,0
2016-08-15 22:50:00,9.798062366775243,0.856140421793697,0.047597508770808095,2.817034919395731,0
2016-08-15 22:55:00,9.388930926241304,0.7997931809806865,0.03385105015515899,2.817034919395731,0
2016-08-15 23:00:00,9.27340769011808,0.7854625588252346,0.03163579873815517,1.3703897251738577,0
2016-08-15 23:05:00,8.955484065848122,0.7621975681168428,0.027954304700223122,2.057936025425117,0
2016-08-15 23:10:00,9.106496322530424,0.767122178685596,0.02895413130772425,2.057936025425117,0
2016-08-15 23:15:00,9.278740244395541,0.8103186590098516,0.03704345579924127,1.9413247995910239,0
2016-08-15 23:20:00,9.371259189257492,0.8622411504688541,0.04951955752606425,3.354240797348558,0
2016-08-15 23:25:00,9.314314753124386,0.8464038997249523,0.04569080744127894,3.354240797348558,0
2016-08-15 23:30:00,10.241644013733811,0.8754486743198213,0.05254856852047848,3.223124530269444,0
2016-08-15 23:35:00,10.336449529178136,0.88495204775133,0.05396275144916094,3.223124530269444,0
2016-08-15 23:40:00,9.055649164730617,0.8183229402822816,0.03785531745543254,2.932977132929524,0
2016-08-15 23:45:00,8.761655693886425,0.787561439488184,0.03311207877386266,2.377613282277648,0
2016-08-15 23:50:00,8.66809320831079,0.7744850310568607,0.02939818718185727,2.4047498750891245,0
2016-08-15 23:55:00,8.545945726897521,0.7686532787592241,0.028604970434795846,2.4047498750891245,0
2016-08-16 00:00:00,8.624882479610305,0.7738014564173241,0.031106689955112943,2.8800679725240825,0
2016-08-16 00:05:00,8.5951641036554,0.7716111877426151,0.030767105635668913,2.8800679725240825,0
2016-08-16 00:10:00,8.869272402152825,0.7592698520250234,0.02821121056348882,3.1700845203944175,0
2016-08-16 00:15:00,9.3548972343747,0.7799555027126504,0.030424028992199897,3.1700845203944175,0
2016-08-16 00:20:00,9.486533584368901,0.780348910868667,0.029795338412537075,1.7543335077507956,0
2016-08-16 00:25:00,9.68710096564836,0.7887041996925768,0.03250917520845391,2.104805817899004,0
2016-08-16 00:30:00,10.284652446643474,0.8555396973888619,0.04584655485927783,2.4344980229762054,0
2016-08-16 00:35:00,10.024312413146678,0.8270884379055752,0.04186518938877126,2.4344980229762054,0
2016-08-16 00:40:00,9.269074614061449,0.7279748563643695,0.0247921543832481,2.2647841831161424,0
2016-08-16 00:45:00,9.06463284656309,0.7393886757993458,0.026275126750629707,0.7332643554220931,0
2016-08-16 00:50:00,8.874074571822643,0.7699793178600561,0.03050700318719582,3.890882542357752,0
2016-08-16 00:55:00,9.140681551255787,0.7687524142051044,0.030538389772110285,3.890882542357752,0
2016-08-16 01:00:00,8.921574441561674,0.7542199286071198,0.028426456039694396,2.153555842021421,0
2016-08-16 01:05:00,8.6364075509902,0.7510469500371568,0.02755765631086411,1.8595322025584513,0
2016-08-16 01:10:00,9.14436503800702,0.7933537370147039,0.03503028829559702,2.3314770407950047,0
2016-08-16 01:15:00,10.435540096668861,0.8745111645439515,0.04984419394123482,2.809002353226922,0
2016-08-16 01:20:00,10.412446797260978,0.8488654507369477,0.0455839980268646,2.809002353226922,0
2016-08-16 01:25:00,9.713062368401582,0.7569951770340135,0.02907668874527808,4.203001657686893,0
2016-08-16 01:30:00,10.135990137880437,0.7526547140034301,0.028103905434904437,4.203001657686893,0
2016-08-16 01:35:00,10.394031231033688,0.7584850060129225,0.029977649920597753,3.4339830058634755,0
2016-08-16 01:40:00,11.132493723305384,0.8005590657125662,0.03703475287923146,3.4339830058634755,0
2016-08-16 01:45:00,11.034696806305034,0.7964346763719203,0.03622942289694261,1.5943700853279348,0
2016-08-16 01:50:00,10.463339243756655,0.7524793177523281,0.028160912548337934,1.5943700853279348,0
2016-08-16 01:55:00,10.545511607875659,0.7409302671860025,0.02674159722651538,1.2536489705466716,0
2016-08-16 02:00:00,10.094826008935945,0.7362415854991895,0.02708267901154383,2.441789121435067,0
2016-08-16 02:05:00,10.25217372279134,0.7448577554946683,0.02820138250717421,2.441789121435067,0
2016-08-16 02:10:00,11.958370168340057,0.8090925197624795,0.03856253235757505,2.5425282600547416,0
2016-08-16 02:15:00,12.278326720814412,0.8112898442397475,0.038663612290696765,2.710593956143736,0
2016-08-16 02:20:00,11.271655985089986,0.7259410126738493,0.024458032948049054,2.710593956143736,0
2016-08-16 02:25:00,11.281052686996228,0.7093181991486557,0.021606111049237063,1.8625295988182886,0
2016-08-16 02:30:00,11.832383031218923,0.7362916791564684,0.02709280790787365,2.8389952461343793,0
2016-08-16 02:35:00,12.260219665927414,0.7643950707441597,0.0303277453491966,2.8389952461343793,0
2016-08-16 02:40:00,12.645062276575818,0.780248061797309,0.031828620557590566,2.0418133680458257,0
2016-08-16 02:45:00,13.167735070709691,0.8119086809556959,0.038274878081514675,2.8973773634570374,0
2016-08-16 02:50:00,12.380744964795342,0.7701329272201742,0.03141144166939136,2.8973773634570374,0
2016-08-16 02:55:00,11.79414431780452,0.7087791508431867,0.02111937678929034,2.484164176484282,0
2016-08-16 03:00:00,11.837160345561104,0.7160873633402549,0.022708024776960094,3.193383165396799,0
2016-08-16 03:05:00,11.8858773934672,0.7385440114121153,0.02677615162115597,3.193383165396799,0
2016-08-16 03:10:00,12.589968734960594,0.7511568875847701,0.028815932655269227,1.3643937461780693,0
2016-08-16 03:15:00,12.98550363404506,0.7563618521507701,0.03206927008593202,7.404178722218711,0
2016-08-16 03:20:00,12.763198397178485,0.7681861912819735,0.033660368248283695,7.404178722218711,0
2016-08-16 03:25:00,13.024212313676069,0.7941043888168465,0.03511604686571302,3.1689294004512374,0
2016-08-16 03:30:00,13.098885355631282,0.768726097462513,0.030439939195998012,3.1689294004512374,0
2016-08-16 03:35:00,12.950922052279477,0.736009005235308,0.02481448237422816,2.181813520075595,0
2016-08-16 03:40:00,13.003750367849193,0.7328971445408154,0.024883992155054418,2.2806842806374337,0
2016-08-16 03:45:00,12.926269360647737,0.7206781469295961,0.022166994742026536,2.2806842806374337,0
2016-08-16 03:50:00,13.389725649168208,0.7420519292669678,0.025504939743097043,2.3414647846521586,0
2016-08-16 03:55:00,13.65899500436073,0.7589983478484688,0.02917038248079431,4.248502632418986,0
2016-08-16 04:00:00,13.158344860431948,0.7603400191290209,0.02946611972183911,4.248502632418986,0
2016-08-16 04:05:00,14.168907030678076,0.7972987585144282,0.04103605999457173,6.531936146455206,0
2016-08-16 04:10:00,14.958535985533137,0.8178008749012393,0.04838906354162554,10.095847012145496,0
2016-08-16 04:15:00,13.146833745019109,0.7573661264874846,0.033235102392673424,10.095847012145496,0
2016-08-16 04:20:00,12.318105870838917,0.7360542034946367,0.02542667270141467,2.598807407549669,0
2016-08-16 04:25:00,13.479771051073078,0.8085928560117223,0.037405937742030465,2.598807407549669,0
2016-08-16 04:30:00,13.478826427254313,0.7825523280791769,0.033174870819356383,2.1982968091132284,0
2016-08-16 04:35:00,12.621805130150126,0.7350232894314961,0.024641964251490078,2.1982968091132284,0
2016-08-16 04:40:00,12.890467478337792,0.742762861879054,0.024893711194313734,1.312471600855937,0
2016-08-16 04:45:00,12.888293735232988,0.7187452429980135,0.020352255054308935,2.1207407471976296,0
2016-08-16 04:50:00,13.031233672734711,0.7164281571431393,0.020363878435391808,3.590989945691619,0
2016-08-16 04:55:00,12.869313450515174,0.7160585997792914,0.021925115875897707,3.590989945691619,0
2016-08-16 05:00:00,12.156008845979162,0.71660403782534,0.02260389866378713,4.359502781767609,0
2016-08-16 05:05:00,12.414350121540387,0.761492473864354,0.02860602925897343,4.359502781767609,0
2016-08-16 05:10:00,12.809280680091717,0.755372245624947,0.027401523811064893,3.183361538289341,0
2016-08-16 05:15:00,13.130550161318874,0.7309143617593974,0.024787564080006312,6.054426965198039,0
2016-08-16 05:20:00,13.179798396317121,0.7359752921171668,0.026014960328312697,6.054426965198039,0
2016-08-16 05:25:00,12.524587230356724,0.7121807584866187,0.021231148213788513,3.1785843422692714,0
2016-08-16 05:30:00,12.397988887953119,0.7095684955471568,0.02050266165516035,3.1785843422692714,0
2016-08-16 05:35:00,12.892558375280231,0.7198662765506036,0.021916822141868478,2.552913381764849,0
2016-08-16 05:40:00,13.107266362910305,0.7199087121669383,0.021762832315680297,2.552913381764849,0
2016-08-16 05:45:00,13.468296382577336,0.7472006082701779,0.027684009770940675,3.891522523515227,0
2016-08-16 05:50:00,14.142534530305838,0.8014080757128453,0.03675179644528896,3.891522523515227,0
2016-08-16 05:55:00,13.632824346727755,0.7612857765364953,0.029229530769384643,3.3802565974699843,0
2016-08-16 06:00:00,12.399163046077623,0.7174759089237689,0.022931281914036462,3.3222967124156226,0
2016-08-16 06:05:00,11.943234720993676,0.7153749860597447,0.022854480105538946,3.3222967124156226,0
2016-08-16 06:10:00,12.866901531550628,0.7070314769839411,0.01974882138868473,3.0242301386926074,0
2016-08-16 06:15:00,13.464053253742225,0.7142023722949781,0.02032502671245029,3.015687056923984,0
2016-08-16 06:20:00,13.091721751177047,0.7150676041786275,0.02177981177482622,3.015687056923984,0
2016-08-16 06:25:00,13.157827123644239,0.739180116130723,0.02733735398015885,7.163690380550957,0
2016-08-16 06:30:00,12.779597660406992,0.7333880657578862,0.026075124619904,7.163690380550957,0
2016-08-16 06:35:00,12.592338298328844,0.7129857065187768,0.021602474785399343,6.134388860567141,0
2016-08-16 06:40:00,13.159380293942013,0.7350250317399536,0.025077433444215903,3.643456948772808,0
2016-08-16 06:45:00,14.303031099620451,0.7898188808775145,0.0324288455750188,6.564203072969293,0
2016-08-16 06:50:00,14.796921606001476,0.8383388641153475,0.04006449569119318,6.564203072969293,0
2016-08-16 06:55:00,13.42799750725448,0.7813547608539744,0.03219643715652201,2.575813271893633,0
2016-08-16 07:00:00,12.038482463228528,0.7178005018109889,0.022232970210627888,2.0701650114414205,0
2016-08-16 07:05:00,12.157020992586174,0.7538457637434264,0.02819653573767399,2.6253784561654063,0
2016-08-16 07:10:00,12.942468086042535,0.7973104870451765,0.03624559415450399,2.6253784561654063,0
2016-08-16 07:15:00,14.492143068040019,0.8444929961265042,0.04924491953108624,20.674065158828657,0
2016-08-16 07:20:00,13.875790253369596,0.8472847051141896,0.048487749339723794,20.674065158828657,0
2016-08-16 07:25:00,12.428374648759991,0.8202395674900015,0.03879335330569974,4.139787059308538,0
2016-08-16 07:30:00,13.16449109985713,0.8077220276426522,0.0366056237072782,4.139787059308538,0
2016-08-16 07:35:00,13.437821442284221,0.7574983859777417,0.027640973994872343,2.9015236425185598,0
2016-08-16 07:40:00,13.373212695832274,0.7308022509901724,0.02359884775917164,2.9015236425185598,0
2016-08-16 07:45:00,13.279648025508326,0.7255579699910717,0.022861154199269842,2.566782484873847,0
2016-08-16 07:50:00,12.561857803829946,0.7216315084121379,0.021947223654119503,1.5484994411886437,0
2016-08-16 07:55:00,12.005749605607278,0.7307570085881467,0.023429821814544328,1.4714657645436167,0
2016-08-16 08:00:00,11.85385672675839,0.7333546195539954,0.024023005717389797,2.7230605519494415,0
2016-08-16 08:05:00,10.955543354014816,0.7319300446013453,0.02532943064099691,2.8047961670332358,0
2016-08-16 08:10:00,11.446308656357386,0.8001317605026443,0.037213840945259244,2.8047961670332358,0
2016-08-16 08:15:00,11.53817924804098,0.8085737707981344,0.03729695687657391,2.5849999110182194,0
2016-08-16 08:20:00,10.454351254251097,0.7499256935753587,0.027843996895237283,1.542867565128825,0
2016-08-16 08:25:00,10.506695378703942,0.7544405427315622,0.029319287807557694,5.013361457970713,0
2016-08-16 08:30:00,10.292507369258681,0.7513036778658138,0.028877398138635813,5.013361457970713,0
2016-08-16 08:35:00,9.817910605404915,0.7442602238439445,0.02724680099272069,3.006975894056733,0
2016-08-16 08:40:00,9.486099736148145,0.7414906901575917,0.02643593229576942,3.006975894056733,0
2016-08-16 08:45:00,9.515308356300917,0.7560877862068554,0.02723597341603732,1.8123789054756565,0
2016-08-16 08:50:00,10.353059185572388,0.8420511084595637,0.044527697312944085,1.7242999030391972,0
2016-08-16 08:55:00,10.426159306797448,0.8846422642717878,0.05280191503717455,1.8833886053995454,0
2016-08-16 09:00:00,10.074328130963728,0.8549355576907576,0.0434379407776403,3.2747610438253263,0
2016-08-16 09:05:00,11.40227713970595,0.8391287045230934,0.049571657725381066,26.12960379443473,0
2016-08-16 09:10:00,11.147361631965333,0.8160639535851344,0.04485500311429889,26.12960379443473,0
2016-08-16 09:15:00,9.26159024300456,0.7958302067484724,0.032006847245007554,25.111874420890118,0
2016-08-16 09:20:00,9.130364229366664,0.8059982820096118,0.03343739539551484,2.4199989902349075,0
2016-08-16 09:25:00,8.914425848973536,0.8022395186626408,0.03245585564701349,3.00684978491387,0
2016-08-16 09:30:00,9.056787878960154,0.806310175172938,0.03315821627119961,3.1907715748745975,0
2016-08-16 09:35:00,10.771856414247285,0.8793338576405332,0.050211310453818714,3.1907715748745975,0
2016-08-16 09:40:00,10.330475800485944,0.8577230320511486,0.04632980460315268,2.4981846719772016,0
2016-08-16 09:45:00,9.181564474936494,0.795670308393462,0.03040645625570352,1.9068553148895724,0
2016-08-16 09:50:00,9.344301334300942,0.8094192811555456,0.033371879535645146,1.1787802648808972,0
2016-08-16 09:55:00,11.237213900728051,0.8566678644280472,0.054126960119107434,24.497614930313926,0
2016-08-16 10:00:00,11.723684381983436,0.880521765793413,0.059269494365152706,24.497614930313926,0
2016-08-16 10:05:00,11.149230821221893,0.8827450253624621,0.05667449548094946,14.9443389270371,0
2016-08-16 10:10:00,10.959137421333462,0.8751269895358131,0.05465693499094758,15.1153660944529,0
2016-08-16 10:15:00,9.888990745047044,0.8375273925889897,0.03940067918980269,15.1153660944529,0
2016-08-16 10:20:00,10.347730683941391,0.8329572245177349,0.039683621985841286,4.375494719309725,0
2016-08-16 10:25:00,11.030940043512643,0.8638151162010571,0.04662929541760023,4.375494719309725,0
2016-08-16 10:30:00,10.572885839213717,0.8268277096673705,0.04035696642657203,4.056861457338752,0
2016-08-16 10:35:00,9.718594992045134,0.791704497340201,0.03285800756808145,4.056861457338752,0
2016-08-16 10:40:00,9.969192913250692,0.8268218983430191,0.037815432679948836,2.2255874276938266,0
2016-08-16 10:45:00,10.270914729761438,0.8108566802719193,0.034263710088401476,2.5627340356621224,0
2016-08-16 10:50:00,10.474122364198445,0.8164041882691921,0.03500233330095945,2.5627340356621224,0
2016-08-16 10:55:00,10.703303526844095,0.8350534423301114,0.03863054593599307,3.496999980866689,0
2016-08-16 11:00:00,10.357299965341893,0.7960957242162187,0.03309053945117731,3.496999980866689,0
2016-08-16 11:05:00,10.196998403078466,0.7791420112287968,0.03083381568331837,2.346486218420705,0
2016-08-16 11:10:00,10.044382980849623,0.7978319813094689,0.03388126416244984,1.1575275691356044,0
2016-08-16 11:15:00,9.742882637539683,0.7954299010065129,0.032519928375870824,2.3823415744488075,0
2016-08-16 11:20:00,10.335056864107047,0.8204444284952639,0.03915026638022201,2.3823415744488075,0
2016-08-16 11:25:00,11.01999075645325,0.8677751745774822,0.05012686244045165,2.2285054600558394,0
2016-08-16 11:30:00,10.686890962315093,0.8411639578029869,0.04354215577021667,2.1944703433795043,0
2016-08-16 11:35:00,10.385991770323283,0.8043930296940917,0.03381161291193836,2.1944703433795043,0
2016-08-16 11:40:00,10.500289311386405,0.8201557037860636,0.03542666247321911,1.717457695737662,0
2016-08-16 11:45:00,10.38485437815839,0.8354987016835896,0.03906407121309851,1.6708193532619622,0
2016-08-16 11:50:00,9.896631119493065,0.8372784698936785,0.0406149026218527,1.6708193532619622,0
2016-08-16 11:55:00,9.638505009597935,0.8325062321198518,0.04068574527140538,2.876492071753612,0
2016-08-16 12:00:00,9.968110893646257,0.8392562743904307,0.041194067302386235,3.2388901550409557,0
2016-08-16 12:05:00,10.134614905593686,0.8185685344726337,0.037548021128960406,3.2388901550409557,0
2016-08-16 12:10:00,10.064576007885936,0.7900646882438427,0.03316925019428904,1.9763998425366969,0
2016-08-16 12:15:00,10.273594207392213,0.8000421018407124,0.033405518616343235,2.203615770504494,0
2016-08-16 12:20:00,10.52807282455252,0.8012995699170387,0.03164307336932608,3.6143220842286032,0
2016-08-16 12:25:00,10.116055021336253,0.7821893652030935,0.029367782883506454,3.6143220842286032,0
2016-08-16 12:30:00,9.413410093529818,0.7519266101645109,0.026272308619079466,2.994445030836616,0
2016-08-16 12:35:00,9.05853964174673,0.7424832099068661,0.02561938517511021,2.994445030836616,0
2016-08-16 12:40:00,9.54053219993934,0.7662242236432975,0.02886513019025887,2.383126493297502,0
2016-08-16 12:45:00,9.727925432634255,0.7892852930682203,0.03280790874890681,2.804099425990595,0
2016-08-16 12:50:00,9.326864015973893,0.7872350455236975,0.03234049159330895,2.804099425990595,0
2016-08-16 12:55:00,9.18527782612419,0.7686197072332049,0.029102867532100042,1.9581310989340044,0
2016-08-16 13:00:00,9.199000199584756,0.7540058203176827,0.027492727150242407,1.9118754715536248,0
2016-08-16 13:05:00,9.548764556909827,0.7724032596399346,0.029877192177496653,3.6011285497744963,0
2016-08-16 13:10:00,9.7070053509893,0.8053079214955006,0.03415899444504638,3.6011285497744963,0
2016-08-16 13:15:00,10.033272221666342,0.8204056114604704,0.03689647788178616,3.5193940279549887,0
2016-08-16 13:20:00,10.521531794200076,0.8090528754365532,0.03475987229066045,3.5193940279549887,0
2016-08-16 13:25:00,10.280209699523825,0.7825601067939516,0.029469588149475524,3.016724624435579,0
2016-08-16 13:30:00,9.623088374841542,0.7722498045925648,0.02849490165790519,1.2349639401303394,0
2016-08-16 13:35:00,9.48397113339397,0.7793968758474208,0.029703607339104727,1.4419484458304581,0
2016-08-16 13:40:00,9.724561603974761,0.7929458707198127,0.030641527492867422,1.7155059740884708,0
2016-08-16 13:45:00,9.619760857000024,0.799069297820129,0.032068213751669475,1.7155059740884708,0
2016-08-16 13:50:00,9.385912208086447,0.7925243314297818,0.031311940173273406,2.350750183214137,0
2016-08-16 13:55:00,9.474833281588426,0.8002095400973452,0.03146861784359928,2.350750183214137,0
2016-08-16 14:00:00,9.57553746117169,0.8085394312401738,0.03282747880108266,1.3587843245450897,0
2016-08-16 14:05:00,9.648762120893473,0.805212935450264,0.03228886850821981,3.013840209088271,0
2016-08-16 14:10:00,9.938972909665901,0.7976662573175154,0.030495660506982623,3.013840209088271,0
2016-08-16 14:15:00,9.714806358885998,0.7849050539246261,0.028720994404192745,1.7538313386221833,0
2016-08-16 14:20:00,9.3703216767173,0.7825489715162575,0.02871118845385217,1.7538313386221833,0
2016-08-16 14:25:00,9.628829696033032,0.8074808613998903,0.033332062917105824,3.293740053279273,0
2016-08-16 14:30:00,9.706251754727637,0.8201125691287205,0.03444982548349878,3.293740053279273,0
2016-08-16 14:35:00,9.379361944415276,0.8033156671083053,0.030522432096490287,2.291861054910363,0
2016-08-16 14:40:00,9.267861108323654,0.7934062779755392,0.029943168842540176,1.8244303828723725,0
2016-08-16 14:45:00,9.705800357396438,0.7842657391744393,0.028719698918675384,1.8244303828723725,0
2016-08-16 14:50:00,10.543932861985098,0.7781043784708669,0.029243292520273877,3.602812984430584,0
2016-08-16 14:55:00,10.73865478984983,0.7750571189791848,0.03003084384029191,3.602812984430584,0
2016-08-16 15:00:00,10.939422897734007,0.8084690958083701,0.038461939362048184,7.711404005794009,0
2016-08-16 15:05:00,11.17998480422032,0.8406007198355283,0.04433256583595711,7.711404005794009,0
2016-08-16 15:10:00,10.918586192728808,0.8412797456096872,0.04194120277537644,2.5398424114859135,0
2016-08-16 15:15:00,10.596109019974614,0.8091617010739509,0.036596509059837405,2.5398424114859135,0
2016-08-16 15:20:00,10.154877710378967,0.7714904663099236,0.02976358468734321,2.717192181591925,0
2016-08-16 15:25:00,10.072156645113095,0.7999749478355569,0.035653458840777794,3.2844586431420315,0
2016-08-16 15:30:00,9.859559128223713,0.8019215164680105,0.03619985590445894,3.2844586431420315,0
2016-08-16 15:35:00,9.808501385562577,0.7832384500932152,0.031179511773049163,2.1436458731617147,0
2016-08-16 15:40:00,10.01913792937095,0.7856855393164388,0.03181211429776552,1.234863764869096,0
2016-08-16 15:45:00,10.056766619647458,0.7677479813385995,0.029192905452137506,1.7276924966449656,0
2016-08-16 15:50:00,9.806130514546528,0.7629820837368926,0.02691337829680831,2.228646645406255,0
2016-08-16 15:55:00,9.0498842895551,0.7766991997217935,0.028831348216050618,2.228646645406255,0
2016-08-16 16:00:00,8.696404098186571,0.7908562130516299,0.030956694574879706,2.6057037915558903,0
2016-08-16 16:05:00,8.925130866633854,0.7919546344798716,0.03095058440662448,2.6057037915558903,0
2016-08-16 16:10:00,9.079538699158602,0.7870967752153004,0.03151496158812895,2.0046884768707387,0
2016-08-16 16:15:00,8.818018986505574,0.7819583503287655,0.03106497420350111,1.7031163313080095,0
2016-08-16 16:20:00,8.665465113435822,0.7783958677232308,0.030860405489335562,2.189900201743129,0
2016-08-16 16:25:00,8.859516243903824,0.7805340485879706,0.030954605761409387,2.7182313275156487,0
2016-08-16 16:30:00,8.740466599115265,0.7755100567157495,0.030195556848350968,2.7182313275156487,0
2016-08-16 16:35:00,8.898327148656694,0.7847276027858773,0.030515100911365462,3.0836068162148726,0
2016-08-16 16:40:00,9.502624624503305,0.8047302015946765,0.041761926713847965,10.043158152530243,0
2016-08-16 16:45:00,9.486171611346432,0.8140317264912476,0.044849414610157914,10.043158152530243,0
2016-08-16 16:50:00,9.265135838025996,0.8100880846467243,0.035382455827103934,1.375719181227665,0
2016-08-16 16:55:00,9.362554135602407,0.7962661887977734,0.03510534612254319,3.921094209466076,0
2016-08-16 17:00:00,9.418053299982155,0.7689434443411286,0.03134357099414591,3.921094209466076,0
2016-08-16 17:05:00,9.282670437883619,0.7564760345538117,0.027374505640100626,1.1647756941265814,0
2016-08-16 17:10:00,8.978030968599771,0.764170227145192,0.02763063725988914,1.5167111976181953,0
2016-08-16 17:15:00,8.868131302856211,0.7573605456171287,0.026288766051443563,1.5167111976181953,0
2016-08-16 17:20:00,9.11498155759752,0.769119601452813,0.027827457039402304,0.9891105280188486,0
2016-08-16 17:25:00,9.441471259904453,0.8036547022411542,0.03424825837908527,1.7508346184708168,0
2016-08-16 17:30:00,9.58450236955481,0.8058665222107904,0.034512299932075066,1.7508346184708168,0
2016-08-16 17:35:00,9.537407065389402,0.8083348824418646,0.03417801150762287,2.1804840935499916,0
2016-08-16 17:40:00,9.447376854975412,0.8028496209411158,0.03400948465687431,2.7584735689665307,0
2016-08-16 17:45:00,10.06388753757997,0.7997542150201844,0.03351070286263686,7.0344046300726735,0
2016-08-16 17:50:00,10.388915386153812,0.7988118761892252,0.033356396076691906,8.444810793791243,0
2016-08-16 17:55:00,9.704780517938524,0.7774151093176708,0.029791253862610508,8.444810793791243,0
2016-08-16 18:00:00,9.926943848454858,0.7885369024739103,0.03149004390852722,5.234611655146643,0
2016-08-16 18:05:00,10.363701100080227,0.7983052180926983,0.03436396550091845,3.8620792779098805,0
2016-08-16 18:10:00,9.773442633763981,0.7778391565075482,0.030673828546369276,3.8620792779098805,0
2016-08-16 18:15:00,9.141547061360871,0.7623852622264046,0.027523036725016416,2.2051591587565507,0
2016-08-16 18:20:00,9.163504174001488,0.75492946250966,0.027597042409105682,2.2051591587565507,0
2016-08-16 18:25:00,9.123620335037462,0.7442837895595535,0.02625663893530447,1.4070237065494726,0
2016-08-16 18:30:00,9.01329687906851,0.7468378848295434,0.026589897466193575,1.4070237065494726,0
2016-08-16 18:35:00,9.143803783871173,0.767650394009617,0.028976626221340552,1.223393367297381,0
2016-08-16 18:40:00,9.352649645453605,0.7798623963822195,0.030565326145261123,2.3875518624145404,0
2016-08-16 18:45:00,9.773509085349332,0.788840930871192,0.032008235584822894,2.3875518624145404,0
2016-08-16 18:50:00,10.179206361784301,0.8152760955147127,0.035900446917517995,3.2408081253015792,0
2016-08-16 18:55:00,9.866945324267764,0.7991161889345029,0.033396273067552676,3.2408081253015792,0
2016-08-16 19:00:00,9.6006865680471,0.7678283021626203,0.028162449420535234,1.6418436448902471,0
2016-08-16 19:05:00,10.08383341830586,0.7813222440061306,0.030366596759912,2.820628537648813,0
2016-08-16 19:10:00,10.047464825569927,0.7802277394179781,0.029386641287239945,2.820628537648813,0
2016-08-16 19:15:00,9.363163288227666,0.7642360913996387,0.02687395401721083,2.814575076440029,0
2016-08-16 19:20:00,9.232525354901583,0.7655316824403711,0.028279989585954457,2.6089116917828115,0
2016-08-16 19:25:00,9.57835593070276,0.773760048171291,0.028421212511709128,2.726511228090943,0
2016-08-16 19:30:00,9.271350962960904,0.7829840600050465,0.029359784078130464,3.102557879268184,0
2016-08-16 19:35:00,9.457424985263298,0.8006650614917127,0.03401672549422034,7.875303359363043,0
2016-08-16 19:40:00,9.793271144237599,0.8057759030255995,0.03461901895015185,7.875303359363043,0
2016-08-16 19:45:00,9.491119898179758,0.7919647513201612,0.030137604258568602,2.6836011458553566,0
2016-08-16 19:50:00,9.590764209451063,0.80971304365629,0.033401559435115344,2.9173839277281366,0
2016-08-16 19:55:00,9.49741261527487,0.8155046408623978,0.034999193156997475,2.9173839277281366,0
2016-08-16 20:00:00,9.045186766540786,0.7918662029151962,0.03116445022834356,1.3874307544348599,0
2016-08-16 20:05:00,9.511349098531952,0.7869315430784806,0.030433180692492318,1.9810813170124226,0
2016-08-16 20:10:00,10.919456545581536,0.8000037142698968,0.0327463481881675,2.5877844011526157,0
2016-08-16 20:15:00,10.944998655535407,0.8085219069864457,0.03426942319348197,3.2007629703209792,0
2016-08-16 20:20:00,9.97446857169865,0.7974050666108945,0.03206408854297184,3.2007629703209792,0
2016-08-16 20:25:00,9.96017485359592,0.7840921038592004,0.029386994073277307,2.1854335616157115,0
2016-08-16 20:30:00,9.914187271104888,0.7844296558949759,0.030265220107970912,3.00923407650019,0
2016-08-16 20:35:00,9.51951042558385,0.7724119797529377,0.029909689921755956,3.00923407650019,0
2016-08-16 20:40:00,9.49755062085431,0.7754982034340574,0.03018639647129536,2.4502482830100223,0
2016-08-16 20:45:00,9.315401631624898,0.7737921883398281,0.0299938757808689,2.7122288191019464,0
2016-08-16 20:50:00,9.40003408809794,0.7575015591957529,0.027414629196272067,4.00879633247852,0
2016-08-16 20:55:00,10.018190181678682,0.7939168401524135,0.03306077526355076,4.00879633247852,0
2016-08-16 21:00:00,10.12563634786023,0.8378319549428465,0.040959164721061946,3.4251142519869844,0
2016-08-16 21:05:00,9.748658219571134,0.8142575422807152,0.03748494663930574,3.665503983095161,0
2016-08-16 21:10:00,10.340276606250352,0.8346355013482307,0.04450859850739177,3.665503983095161,0
2016-08-16 21:15:00,11.366521640094751,0.8496536245059171,0.04706963728677052,4.128213390064545,0
2016-08-16 21:20:00,11.335822347006774,0.7950813351543462,0.03495143245718799,5.06257153420777,0
2016-08-16 21:25:00,11.26938851369864,0.7764672789666476,0.0314641542853273,5.06257153420777,0
2016-08-16 21:30:00,11.164411389515825,0.7816551843811193,0.030001813565575373,3.8667040538816133,0
2016-08-16 21:35:00,10.769593536261484,0.8058693063354585,0.03418051320340647,2.0204650301959823,0
2016-08-16 21:40:00,10.49733838369119,0.7770161759268586,0.030824755438969946,2.1801742201756436,0
2016-08-16 21:45:00,10.925964882556796,0.7852429338450024,0.032405218862447946,2.1801742201756436,0
2016-08-16 21:50:00,11.066218067767466,0.8057114034207542,0.03545760695127841,2.5178592300709597,0
2016-08-16 21:55:00,10.81467941353745,0.7761613533344645,0.029752906920008603,3.9237612485701585,0
2016-08-16 22:00:00,10.910332220426247,0.8083653465655578,0.03625344051531993,3.9237612485701585,0
2016-08-16 22:05:00,10.698398395477817,0.8365781451586318,0.040717419285380994,3.431701199927681,0
2016-08-16 22:10:00,10.421920793974795,0.8100982821424507,0.035497391879850834,2.9307794356445274,0
2016-08-16 22:15:00,10.453144211089397,0.7695798274075183,0.02879607236948668,2.675097857627157,0
2016-08-16 22:20:00,10.65976924029982,0.7667400043817562,0.028791788984653573,1.8143036164663502,0
2016-08-16 22:25:00,10.99558134246531,0.7870477945058412,0.03327222280771268,1.8931039790955733,0
2016-08-16 22:30:00,11.785299760277084,0.8543476196760013,0.04651940977124845,2.04587370384237,0
2016-08-16 22:35:00,11.591782121108448,0.8483714683528136,0.04619871299093668,3.549666018237927,0
2016-08-16 22:40:00,10.341518481694894,0.7839732208474,0.033021332066224256,3.549666018237927,0
2016-08-16 22:45:00,9.95024273837728,0.7903603692650888,0.032964695671764334,2.335096709948734,0
2016-08-16 22:50:00,10.291907014850295,0.7951783937656327,0.033164689620001624,2.335096709948734,0
2016-08-16 22:55:00,10.554204641105573,0.8165948392675197,0.03779552649107769,3.3615945542550043,0
2016-08-16 23:00:00,10.520661233752497,0.8457154472836265,0.046200720960090425,5.444059297219022,0
2016-08-16 23:05:00,10.663327356881378,0.8579498203104581,0.04925813540231147,5.444059297219022,0
2016-08-16 23:10:00,10.43243426839691,0.8262262672686675,0.04033837830400546,3.951055215389161,0
2016-08-16 23:15:00,10.44746901496114,0.7853018404666691,0.03139022193039103,3.00783472838378,0
2016-08-16 23:20:00,9.979634007786924,0.7790090218676959,0.030112808107627443,3.00783472838378,0
2016-08-16 23:25:00,9.561236672271564,0.8197474139753471,0.03752758499737237,3.510203925414748,0
2016-08-16 23:30:00,10.231442133714557,0.8663536476178986,0.04476525051603409,4.066982952724026,0
2016-08-16 23:35:00,10.332912869100921,0.8651243960759873,0.042332921419884026,4.066982952724026,0
2016-08-16 23:40:00,9.886176885699339,0.8507871348382091,0.04124313028181088,2.4847920727306496,0
2016-08-16 23:45:00,9.869599342492922,0.8562425612734793,0.04679720938475561,7.077652242445932,0
2016-08-16 23:50:00,9.41999413782069,0.8255350853508653,0.04156313282211942,7.861265125309883,0
2016-08-16 23:55:00,9.364631009101773,0.8097382458233594,0.03729357573798453,7.861265125309883,0
2016-08-17 00:00:00,9.941224467373441,0.8339312305348952,0.04041149884783971,5.685642634326019,0
2016-08-17 00:05:00,9.346461962004472,0.8054987167976423,0.033233352434857165,2.153589047851272,0
2016-08-17 00:10:00,9.040625181009933,0.7864192760042616,0.03046214719758724,1.7737739230676817,0
2016-08-17 00:15:00,9.460103769170201,0.8319389211583761,0.03982762663887514,2.2825513219192364,0
2016-08-17 00:20:00,9.130346555052862,0.8496102695899073,0.04369433212824381,2.454748988904489,0
2016-08-17 00:25:00,8.467407805610971,0.8003550191322153,0.034878685764294245,2.454748988904489,0
2016-08-17 00:30:00,8.255920758767683,0.7762899635668536,0.02991487486366958,2.3501173190342777,0
2016-08-17 00:35:00,8.633830981840807,0.7982510028965789,0.03386449027398212,5.510884520402191,0
2016-08-17 00:40:00,9.409826645569513,0.802797350509769,0.035669554303217874,5.510884520402191,0
2016-08-17 00:45:00,9.537578422706815,0.8139768722631846,0.038313596831156455,2.474615462150318,0
2016-08-17 00:50:00,9.285329895312577,0.7936731625121389,0.03604693759272285,3.5692266069440772,0
2016-08-17 00:55:00,10.080529175014174,0.7964826810714524,0.037116828688488625,3.5692266069440772,0
2016-08-17 01:00:00,10.867832834191052,0.8536833517013405,0.04804198873026213,3.9159338400136807,0
2016-08-17 01:05:00,10.025982200227114,0.8312174023621942,0.042016916146144986,3.9159338400136807,0
2016-08-17 01:10:00,9.893735702370453,0.826591118868652,0.041296319204912744,2.4281320173689576,0
2016-08-17 01:15:00,10.572817174539363,0.8657094327326504,0.05133812039252509,3.01847239508362,0
2016-08-17 01:20:00,10.044026498491716,0.8168969801944755,0.03994027142613076,3.01847239508362,0
2016-08-17 01:25:00,10.08082290682673,0.8138073864127959,0.03971733098085267,1.948062076915957,0
2016-08-17 01:30:00,11.239154854987046,0.8694523756307293,0.05215676236841098,3.494387570535437,0
2016-08-17 01:35:00,11.639146343259691,0.8316673608750198,0.04173096600917224,3.494387570535437,0
2016-08-17 01:40:00,11.434559481876503,0.8174320709357533,0.03775704357611477,2.556830309368961,0
2016-08-17 01:45:00,11.26263081510664,0.8310445873406163,0.040853795326803624,2.958005832026544,0
2016-08-17 01:50:00,11.00982639784465,0.7863896978248209,0.03228571803172908,4.454121461683692,0
2016-08-17 01:55:00,10.826068659099725,0.7389104697304973,0.02567788495791045,4.454121461683692,0
2016-08-17 02:00:00,10.478616464172982,0.7377396845255735,0.025672102373081197,3.1184770085581563,0
2016-08-17 02:05:00,10.27325542328111,0.7437977723800733,0.0257637052493638,3.1184770085581563,0
2016-08-17 02:10:00,10.733084086453207,0.7285172564988587,0.024592411184513656,2.424352968111494,0
2016-08-17 02:15:00,10.635510307229744,0.7090773895965181,0.023252207282201252,1.556557068694995,0
2016-08-17 02:20:00,10.96509084921215,0.7348135625909609,0.02687016465540649,4.135385485664165,0
2016-08-17 02:25:00,11.682430858277595,0.748640832131025,0.027402069389744054,4.135385485664165,0
2016-08-17 02:30:00,11.851923862865364,0.7325827398957492,0.024320694765379857,2.482475111761641,0
2016-08-17 02:35:00,11.689128751194582,0.7372860803855044,0.025450814898435654,2.6024620041680055,0
2016-08-17 02:40:00,12.207062386905077,0.7912722174208457,0.03403191207603428,2.6024620041680055,0
2016-08-17 02:45:00,12.384070761899533,0.8016180851802764,0.03515440355055926,3.224370667152662,0
2016-08-17 02:50:00,11.779299254874621,0.7411638382315295,0.025899702490695238,3.6802401158937856,0
2016-08-17 02:55:00,11.954236658207936,0.739279031724148,0.025943552573567192,3.6802401158937856,0
2016-08-17 03:00:00,12.2161150556855,0.7952584015123862,0.03610779900972083,3.992016391882537,0
2016-08-17 03:05:00,11.622952768992636,0.7762487548054785,0.03285751628636622,3.992016391882537,0
2016-08-17 03:10:00,12.169169747875046,0.7405186668302544,0.027069303035544962,5.439309716336669,0
2016-08-17 03:15:00,13.203848562934132,0.7564075077919203,0.029964498879184363,5.439309716336669,0
2016-08-17 03:20:00,13.402177264919771,0.8029537630977335,0.0375781873977642,5.130218097310237,0
2016-08-17 03:25:00,13.20931748568886,0.7907124315705221,0.03462612880367815,5.130218097310237,0
2016-08-17 03:30:00,12.19609059513259,0.7228860331609785,0.02205150896771372,2.740203664461144,0
2016-08-17 03:35:00,12.409021000826442,0.7478589652482874,0.02681250686187171,1.9498736360895068,0
2016-08-17 03:40:00,12.777683376252721,0.7383491678213419,0.02561747238154639,3.687092467763776,0
2016-08-17 03:45:00,12.621194200752457,0.7139358937991434,0.021815903804754115,3.687092467763776,0
2016-08-17 03:50:00,12.704589599264485,0.7372223729360969,0.025307764852916366,3.5678573004126974,0
2016-08-17 03:55:00,12.582532252413696,0.7406452687559504,0.025336369313391966,3.5678573004126974,0
2016-08-17 04:00:00,11.989069431715508,0.7178449999436729,0.02236600412512784,2.8895356163197246,0
2016-08-17 04:05:00,12.14612298145401,0.7451769702173505,0.027718165884877587,2.8895356163197246,0
2016-08-17 04:10:00,13.192075667365497,0.7849864741228129,0.03249779584211174,2.7291058853142163,0
2016-08-17 04:15:00,13.334149871133974,0.7780435145996154,0.030606593903737746,2.700489062170643,0
2016-08-17 04:20:00,14.058012863944253,0.7961982970839989,0.03938239275922758,15.937323224906757,0
2016-08-17 04:25:00,14.767420546039062,0.7950395478657215,0.04409778099966642,17.263518121940653,0
2016-08-17 04:30:00,13.857001146612173,0.7960132935631735,0.040306023565303495,17.263518121940653,0
2016-08-17 04:35:00,13.821865349293693,0.856170409865801,0.04796025604278984,3.0247650595217768,0
2016-08-17 04:40:00,13.945883531093134,0.8163699775634458,0.040693008751139674,3.5141365593050344,0
2016-08-17 04:45:00,13.972327318596452,0.799069588364552,0.03662086005466961,3.545138497902928,0
2016-08-17 04:50:00,13.70939773766268,0.7942450350148533,0.03603866577797431,3.545138497902928,0
2016-08-17 04:55:00,12.533588895923142,0.7257349091419225,0.023457514223065672,3.41325903426478,0
2016-08-17 05:00:00,12.748196806322444,0.8009041475838962,0.03765882094043553,3.2067260076840904,0
2016-08-17 05:05:00,12.854217462585169,0.8234420737731781,0.04269308454352107,3.2067260076840904,0
2016-08-17 05:10:00,12.762183137244776,0.7454290537985759,0.027598083179446453,2.5046778797416307,0
2016-08-17 05:15:00,13.13415092368021,0.7442696208200712,0.0259460164002966,2.8755757253468928,0
2016-08-17 05:20:00,13.96064160459451,0.8166069778029041,0.03849701115343639,2.8755757253468928,0
2016-08-17 05:25:00,14.440736139912303,0.863226152662356,0.047672161869136295,2.7283819234740663,0
2016-08-17 05:30:00,13.647676598267797,0.7955242499177639,0.03573920834444765,1.717908760596677,0
2016-08-17 05:35:00,13.635368792284646,0.7580544564577609,0.02835903097738416,1.9546365080812456,0
2016-08-17 05:40:00,13.823434617058442,0.7567509759286062,0.028709952792542813,2.9314816271243145,0
2016-08-17 05:45:00,13.81509559203722,0.7321392664526138,0.0253404527093223,2.9314816271243145,0
2016-08-17 05:50:00,13.802176360449621,0.7378500425389254,0.025643706722458193,2.9815222950994897,0
2016-08-17 05:55:00,13.494370187129075,0.74153842514786,0.02472332854832111,2.9815222950994897,0
2016-08-17 06:00:00,13.04928520015126,0.7389028888623226,0.02539544545380711,2.55336542021949,0
2016-08-17 06:05:00,12.649490814428974,0.7293533214123982,0.024003972295065013,2.55336542021949,0
2016-08-17 06:10:00,12.77376249198179,0.7196402748695698,0.021344725556905225,2.5496758980517935,0
2016-08-17 06:15:00,12.919257976110202,0.7235614455797675,0.02225382926141746,2.5496758980517935,0
2016-08-17 06:20:00,13.081788371366809,0.7311355556001069,0.023290010814834023,2.568305375203213,0
2016-08-17 06:25:00,12.982799536809063,0.7316550609831538,0.02381820112976311,2.568305375203213,0
2016-08-17 06:30:00,12.441889956526845,0.7225302411697666,0.023805895756352426,1.8149799606144812,0
2016-08-17 06:35:00,12.773479162572531,0.7343761102294251,0.026047044999561092,1.1702921676450824,0
2016-08-17 06:40:00,13.144698745208245,0.7371407000585244,0.025940403335663775,2.607078301879163,0
2016-08-17 06:45:00,12.782468628700133,0.7231447812589389,0.023459773505908506,2.607078301879163,0
2016-08-17 06:50:00,12.82393305796683,0.7267140726893591,0.024167737602791565,3.4641316528576915,0
2016-08-17 06:55:00,13.07716197685713,0.7187613869425655,0.02364113067838523,3.4641316528576915,0
2016-08-17 07:00:00,12.386175020029148,0.7203976499016788,0.02370752706161889,2.394913518395314,0
2016-08-17 07:05:00,11.679000513770017,0.7350329274171697,0.025583946585035627,2.394913518395314,0
2016-08-17 07:10:00,12.244730019963264,0.73363998288548,0.024382546007744844,2.291647448449757,0
2016-08-17 07:15:00,12.568262166092396,0.7276804667028751,0.023170312196482197,1.4698912362085106,0
2016-08-17 07:20:00,12.989931958439191,0.7380223460886619,0.025670492350683628,2.028511284590087,0
2016-08-17 07:25:00,13.667726356185742,0.7794406607371454,0.030693235093051045,2.028511284590087,0
2016-08-17 07:30:00,13.025201718034229,0.7780473787997412,0.029509176274549426,3.080963473485545,0
2016-08-17 07:35:00,13.098668720458784,0.7708769463827888,0.0304132214376981,3.922365989222363,0
2016-08-17 07:40:00,13.558436472215385,0.7905369247131788,0.03464298959966798,4.484671011895183,0
2016-08-17 07:45:00,12.780150747034735,0.7579561523260792,0.028730671848154792,4.484671011895183,0
2016-08-17 07:50:00,12.803666235945517,0.7315587824246075,0.024441668557097233,3.6389975980356275,0
2016-08-17 07:55:00,13.444160281588378,0.7874418606216551,0.03438028376647575,3.6389975980356275,0
2016-08-17 08:00:00,12.45295140109715,0.8035429940058683,0.037603745390849694,3.9831459222750825,0
2016-08-17 08:05:00,11.080878581326797,0.7567129278288147,0.028930732442123082,3.9831459222750825,0
2016-08-17 08:10:00,10.891949791239284,0.771134680940799,0.0303468050183149,2.4815291641725548,0
2016-08-17 08:15:00,11.499689697978067,0.7962449738505333,0.03504552219169936,4.495798451934227,0
2016-08-17 08:20:00,11.073685260044526,0.759597437673339,0.029629562404637842,5.48440812615497,0
2016-08-17 08:25:00,10.28037732366173,0.778518564949839,0.03332653379806466,5.48440812615497,0
2016-08-17 08:30:00,11.422045899834774,0.8857506591917607,0.054387170825520414,3.8873120643783317,0
2016-08-17 08:35:00,11.826155620182934,0.9325743227064519,0.06417434015641241,3.8873120643783317,0
2016-08-17 08:40:00,10.649645355571653,0.8672410941159503,0.049262036459725114,2.3554116593187113,0
2016-08-17 08:45:00,9.267055638654249,0.7682214988114587,0.029437662076804233,2.997191043696115,0
2016-08-17 08:50:00,8.813466798989149,0.7634812702158272,0.027062606537361096,2.997191043696115,0
2016-08-17 08:55:00,9.386581420856555,0.8309218873099242,0.03949206998955354,3.5506877708220204,0
2016-08-17 09:00:00,9.71316399364379,0.85947137527769,0.045684430603570345,3.9053074988690315,0
2016-08-17 09:05:00,9.54271742097119,0.8357416393388502,0.04026530814156447,3.9053074988690315,0
2016-08-17 09:10:00,9.358633982918525,0.8193180735328647,0.03568641011577173,3.252499669149827,0
2016-08-17 09:15:00,9.658758938852387,0.8583059886618942,0.04363469792713749,2.5698363782208,0
2016-08-17 09:20:00,9.748536743125815,0.861383182451978,0.04506365106865583,2.615250940751864,0
2016-08-17 09:25:00,9.777069411963407,0.8292805779642366,0.03686492069798812,2.615250940751864,0
2016-08-17 09:30:00,9.524568330684835,0.8324990069015399,0.03732320746019527,1.8596943827487455,0
2016-08-17 09:35:00,9.13355466142553,0.8275502521845348,0.0372840556213878,1.8596943827487455,0
2016-08-17 09:40:00,9.585646579844031,0.8410532711698495,0.03825736628282757,2.765732746852838,0
2016-08-17 09:45:00,9.378302798061899,0.8421303298314619,0.039175235695292146,2.9168236726119963,0
2016-08-17 09:50:00,9.790192006403656,0.8618667683596768,0.045681898979852566,2.9168236726119963,0
2016-08-17 09:55:00,10.312375329544821,0.8933242121026526,0.05276031542867323,2.621216410748623,0
2016-08-17 10:00:00,10.699156527382756,0.9064187155195265,0.05782646868016189,2.621216410748623,0
2016-08-17 10:05:00,10.196804510173799,0.8419827052983622,0.04458098470189105,3.8241485987287827,0
2016-08-17 10:10:00,9.67533773829319,0.8137000349856279,0.03885412618764497,3.8241485987287827,0
2016-08-17 10:15:00,10.316570673013148,0.8766388703822828,0.054224181169802,2.9777222446012868,0
2016-08-17 10:20:00,9.311652926193569,0.8273738490047919,0.04269872483838939,2.9777222446012868,0
2016-08-17 10:25:00,8.58920557962462,0.7645720698492382,0.028343267898318238,2.0453494941838004,0
2016-08-17 10:30:00,8.96158161668732,0.7763502320557742,0.029659625976894095,1.6389782880383805,0
2016-08-17 10:35:00,8.786646276741633,0.7785053217961252,0.030273927222623113,1.6389782880383805,0
2016-08-17 10:40:00,8.873323851402148,0.7871535083927639,0.03254640403194302,2.5797471105791003,0
2016-08-17 10:45:00,9.505699466142415,0.835746687855378,0.040376010893083,2.5797471105791003,0
2016-08-17 10:50:00,10.000005378289076,0.8686990998501961,0.045125301511127494,2.031723856967259,0
2016-08-17 10:55:00,10.609495867133052,0.8927814451727467,0.050788900664570716,1.868644191550336,0
2016-08-17 11:00:00,11.507374143098057,0.9127821269731979,0.05863354942448644,2.90845684276933,0
2016-08-17 11:05:00,10.849976725521632,0.8643263812502882,0.04827590526355696,2.90845684276933,0
2016-08-17 11:10:00,9.490275168475565,0.8087765604498094,0.03538583497097699,1.747239831076026,0
2016-08-17 11:15:00,10.18634489427399,0.8289870503562004,0.038549337714956756,3.5268797081246848,0
2016-08-17 11:20:00,10.4328505922427,0.8300668194680072,0.03834778658935325,3.785892012898342,0
2016-08-17 11:25:00,9.675067456514935,0.8026407078301965,0.03446887422255083,3.785892012898342,0
2016-08-17 11:30:00,11.733738999982283,0.8682973158112982,0.056702941746663835,16.68404266279707,0
2016-08-17 11:35:00,11.414681748079941,0.8556465825558734,0.05416508807188206,16.68404266279707,0
2016-08-17 11:40:00,8.666407218176618,0.7749712754586707,0.02990177689838173,3.303847090843577,0
2016-08-17 11:45:00,9.260781150822982,0.797075346498752,0.034757765339425026,4.418448064205848,0
2016-08-17 11:50:00,9.369571512695488,0.789628054598304,0.03347137666685658,4.418448064205848,0
2016-08-17 11:55:00,9.177985054433524,0.7947878587270621,0.03393836712474268,4.303062961659109,0
2016-08-17 12:00:00,9.332940814587927,0.7782505776680506,0.032286359627387816,2.556068784780952,0
2016-08-17 12:05:00,9.964102135844877,0.805944466529068,0.03715647527324138,2.802676031555362,0
2016-08-17 12:10:00,10.055945699723548,0.8459169277673637,0.041869535154044304,2.802676031555362,0
2016-08-17 12:15:00,10.282911873547173,0.8199090546459749,0.041116088579781974,13.083266171733007,0
2016-08-17 12:20:00,10.150150084876149,0.8066285263369412,0.038449490144383355,13.083266171733007,0
2016-08-17 12:25:00,9.02000627566203,0.7746061365192166,0.028476275311738564,1.8021023522225634,0
2016-08-17 12:30:00,10.429741565600054,0.8334427892684653,0.04418870911311339,2.6270460976687726,0
2016-08-17 12:35:00,11.541392262249893,0.8919933204991329,0.056904083651410885,2.6270460976687726,0
2016-08-17 12:40:00,10.395433983878902,0.8263579609999252,0.04136411594371637,1.5785184533934649,0
2016-08-17 12:45:00,10.22047933198577,0.7903108910099725,0.03408893380016821,9.31238119425715,0
2016-08-17 12:50:00,9.813402186931992,0.7822065802598637,0.03241204754512091,9.31238119425715,0
2016-08-17 12:55:00,9.421154133849793,0.7877352343045791,0.031950253621243895,1.9150709128013672,0
2016-08-17 13:00:00,11.315796453421015,0.8787818078163134,0.05202104919531632,3.395098370068961,0
2016-08-17 13:05:00,11.93772119613034,0.8764381495352214,0.05239425843001353,7.90090604843874,0
2016-08-17 13:10:00,11.66903107632459,0.871197894062295,0.05238868636068304,7.90090604843874,0
2016-08-17 13:15:00,11.24001908947891,0.9063979389676752,0.058992464217792764,4.569526366810876,0
2016-08-17 13:20:00,10.82461700573582,0.8528601334816532,0.04370068198766565,2.7308512278185715,0
2016-08-17 13:25:00,10.714804874605205,0.8047987310282215,0.033297765186901765,2.5413521005105664,0
2016-08-17 13:30:00,10.297847074942858,0.8301117783253532,0.03986955987102374,2.4005791495765174,0
2016-08-17 13:35:00,10.522256658527757,0.8822808881881951,0.05166208094307974,2.1921544542004407,0
2016-08-17 13:40:00,10.2972009127521,0.8543207861990442,0.044944179907145596,1.9345404622954812,0
2016-08-17 13:45:00,9.69788226622214,0.8280138098897805,0.04019110747335024,4.132770355257097,0
2016-08-17 13:50:00,9.180582823343638,0.8160466621209679,0.03879292436399319,4.132770355257097,0
2016-08-17 13:55:00,8.912924369645145,0.7849576997299986,0.031669873541912655,1.2683161617025163,0
2016-08-17 14:00:00,9.284464049467086,0.7851496385237858,0.030853265637784056,3.5741927296807847,0
2016-08-17 14:05:00,9.473210561676515,0.8009872187756142,0.03344339802610087,3.5741927296807847,0
2016-08-17 14:10:00,9.239567161220304,0.8163228952602818,0.03596798408088343,2.569143053574671,0
2016-08-17 14:15:00,9.388877367752148,0.8243024313609816,0.036260856677132414,1.3488598901409847,0
2016-08-17 14:20:00,10.346846483294948,0.8628197924801677,0.04557632588551594,1.8170301485594473,0
2016-08-17 14:25:00,10.288562053218152,0.8702697154015393,0.047925025724233725,3.4737549480511447,0
2016-08-17 14:30:00,9.457495815576609,0.8401831329212985,0.03968789025290291,3.4737549480511447,0
2016-08-17 14:35:00,9.23580695711313,0.8302280293742614,0.03776512320724021,2.166070550250838,0
2016-08-17 14:40:00,9.80666211830724,0.8396731717301034,0.04006797690622745,3.436261550786016,0
2016-08-17 14:45:00,10.128621750370817,0.8521944093732312,0.04365903117914044,3.436261550786016,0
2016-08-17 14:50:00,9.495898536481608,0.844588862767603,0.04263787802006162,1.9855045685892851,0
2016-08-17 14:55:00,8.97798757469611,0.8060111666938865,0.03388713943362696,1.9855045685892851,0
2016-08-17 15:00:00,9.210433182659735,0.7949502184501178,0.03177782763967267,3.948891681979053,0
2016-08-17 15:05:00,9.357938848562412,0.806951581391735,0.03453629539172544,3.948891681979053,0
2016-08-17 15:10:00,8.992859052846297,0.8037665982921215,0.03331590789951969,3.288687328453931,0
2016-08-17 15:15:00,9.42575457782275,0.864893793704796,0.04922821414592538,3.288687328453931,0
2016-08-17 15:20:00,9.655517618220584,0.8730953301328309,0.05121096058913188,2.110262816619747,0
2016-08-17 15:25:00,9.765743285120719,0.8365556414304381,0.0400405157736895,2.727205608123005,0
2016-08-17 15:30:00,9.529480387571498,0.8305670762435932,0.03746544075444438,2.727205608123005,0
2016-08-17 15:35:00,9.219245207025583,0.8098960148014084,0.03316332457154767,3.4677676121769276,0
2016-08-17 15:40:00,9.715099545495658,0.8141896529507306,0.035897999019767465,3.4677676121769276,0
2016-08-17 15:45:00,9.881160624233235,0.8192461454078278,0.03749507996518113,1.8932048807776538,0
2016-08-17 15:50:00,9.392284099720996,0.8274249371441941,0.037882297833205944,1.098011244098285,0
2016-08-17 15:55:00,9.385792449582258,0.8494184805376795,0.041471796459193286,1.3170690785142092,0
2016-08-17 16:00:00,10.286170376966034,0.8742866815407055,0.04809948133613209,1.3170690785142092,0
2016-08-17 16:05:00,9.848264239838095,0.8603889734321647,0.04471880855545308,1.9097759127732357,0
2016-08-17 16:10:00,9.113127241514684,0.8387291026070475,0.037894626529131385,1.9097759127732357,0
2016-08-17 16:15:00,9.450455416664742,0.8443495050400878,0.03898416393083452,1.8005476869516115,0
2016-08-17 16:20:00,9.537923652306464,0.8429185412123493,0.03957087854235976,3.0695471838969355,0
2016-08-17 16:25:00,9.214419528439803,0.8385408181949131,0.03876202929233524,3.0695471838969355,0
2016-08-17 16:30:00,9.658532773609398,0.8779154844941212,0.04992800624938809,2.642492006921874,0
2016-08-17 16:35:00,10.475797862032174,0.8976955650983572,0.060814544283455826,10.099283773289205,0
2016-08-17 16:40:00,10.097995066897317,0.8612354793764448,0.05129584490584018,10.099283773289205,0
2016-08-17 16:45:00,9.897000554684316,0.86009598702172,0.04295708445857137,3.247810790431357,0
2016-08-17 16:50:00,9.816577223153292,0.8570338937407164,0.04167110017168978,3.247810790431357,0
2016-08-17 16:55:00,9.404575914123717,0.8242181425932458,0.03651395781297983,2.25006481587194,0
2016-08-17 17:00:00,9.195039729299769,0.8058353678912993,0.03343750676582556,2.25006481587194,0
2016-08-17 17:05:00,9.32041377158561,0.8020803032382045,0.03295512135438924,1.774448435131277,0
2016-08-17 17:10:00,9.590270594810594,0.8003749056238632,0.031514417150636645,1.9275735164691679,0
2016-08-17 17:15:00,10.579853945688487,0.8749628663354705,0.05085209226778448,3.8389749630691594,0
2016-08-17 17:20:00,10.43278322108652,0.8681892762882752,0.05017260729349622,3.8389749630691594,0
2016-08-17 17:25:00,9.334460867640477,0.8034924059412455,0.03309778980699098,2.529581333746354,0
2016-08-17 17:30:00,9.280757928511079,0.8262900450484973,0.03845616775102341,2.529581333746354,0
2016-08-17 17:35:00,9.432783644764179,0.8308232801856013,0.03913931179050424,2.455203893499879,0
2016-08-17 17:40:00,9.687819135643384,0.8358393513146137,0.03869848731433177,2.8525992534862423,0
2016-08-17 17:45:00,9.580713074873895,0.8318453217516191,0.037799529856541045,2.8525992534862423,0
2016-08-17 17:50:00,10.593591367428484,0.886952488919214,0.05655124177595734,4.057590336843371,0
2016-08-17 17:55:00,10.376756950565772,0.8692678270944442,0.05418712477096486,4.057590336843371,0
2016-08-17 18:00:00,9.41760450644475,0.803682410850846,0.03441640281914795,2.536734139722059,0
2016-08-17 18:05:00,9.999461512363338,0.8099787380909278,0.03654082823835212,2.7107515347701168,0
2016-08-17 18:10:00,10.239184086635387,0.7929400857778859,0.03686292010435694,5.347414332323199,0
2016-08-17 18:15:00,9.632070099444453,0.7756175080065588,0.03306797426482687,5.8537545557325,0
2016-08-17 18:20:00,10.100888268836444,0.8171782701984929,0.04083993192603548,6.582024775219209,0
2016-08-17 18:25:00,10.059184432912161,0.8324564971972509,0.045033294749780475,6.582024775219209,0
2016-08-17 18:30:00,8.566425799902762,0.7722632287355979,0.03240498840922473,3.8406666183967397,0
2016-08-17 18:35:00,8.407632708978552,0.7597178610726235,0.0297559158543113,2.256659594372626,0
2016-08-17 18:40:00,8.566015891229943,0.7676498078651531,0.03000267762349922,2.256659594372626,0
2016-08-17 18:45:00,8.636558199785565,0.7698033016628281,0.02908894245648496,1.2311147887839298,0
2016-08-17 18:50:00,9.84710062309954,0.8050256464719268,0.034267129941614426,12.109910379387784,0
2016-08-17 18:55:00,9.925405924891953,0.8159239760580228,0.03568813060053661,12.109910379387784,0
2016-08-17 19:00:00,9.134085832652794,0.7881686685032916,0.030873253264190187,2.919137092528704,0
2016-08-17 19:05:00,9.07324484332577,0.7683216144800576,0.028133580421437716,2.919137092528704,0
2016-08-17 19:10:00,8.895954295643644,0.7683113538174384,0.028612758803456307,2.286350797651424,0
2016-08-17 19:15:00,8.94478658234583,0.7868413065265185,0.030954311219414655,2.286350797651424,0
2016-08-17 19:20:00,8.522282699909761,0.7878471633413899,0.03182891232227887,2.259073796208712,0
2016-08-17 19:25:00,8.406937150606094,0.7913620535369945,0.03286800329186647,2.259073796208712,0
2016-08-17 19:30:00,8.343985827641905,0.7793550191275034,0.03125462895331727,1.7992085937211968,0
2016-08-17 19:35:00,8.269979744820517,0.7652734867051774,0.029358240949905495,1.7815742591373978,0
2016-08-17 19:40:00,8.425114039979396,0.7692002672653682,0.029069804270150247,2.3935217538948574,0
2016-08-17 19:45:00,8.33408584364917,0.7782251329085303,0.03019067956906757,2.3935217538948574,0
2016-08-17 19:50:00,8.553602732093028,0.7921355347248982,0.032332220333819606,2.2033578054181207,0
2016-08-17 19:55:00,8.617990537312313,0.7962305183968197,0.03284963130685619,2.2033578054181207,0
2016-08-17 20:00:00,8.921804615571538,0.8093699583386943,0.03453139655356706,2.261430825962716,0
2016-08-17 20:05:00,9.09712517240404,0.7900620769171982,0.032158328842930635,2.261430825962716,0
2016-08-17 20:10:00,8.5483531583004,0.7757365830857121,0.029593467703867588,2.9520628912554105,0
2016-08-17 20:15:00,8.373802509634363,0.7929926270275135,0.030790955325120946,2.9520628912554105,0
2016-08-17 20:20:00,8.91034990250034,0.8079636088509647,0.03334656608659005,2.397876055465261,0
2016-08-17 20:25:00,9.12805722043805,0.8104405707320168,0.035052470562569965,3.2261327213788054,0
2016-08-17 20:30:00,9.217573874930551,0.8117921270557137,0.03569135731678927,3.2261327213788054,0
2016-08-17 20:35:00,9.514629655424852,0.8024551729736835,0.03361239802827204,5.0601829127645805,0
2016-08-17 20:40:00,9.737420603950282,0.8142003746343603,0.03673445401712564,5.0601829127645805,0
2016-08-17 20:45:00,9.911194835080568,0.8671007884805697,0.04908406567977932,4.005782251604202,0
2016-08-17 20:50:00,9.03763258498592,0.8325690925416629,0.042951704690332604,4.005782251604202,0
2016-08-17 20:55:00,8.489204659892026,0.7933112827966796,0.03345987995406052,1.4120986163229334,0
2016-08-17 21:00:00,8.574381721982437,0.790211186092392,0.033336596998809004,1.4055500605670346,0
2016-08-17 21:05:00,8.459049552903611,0.7701478960838155,0.030279207056879465,1.0792116315250797,0
2016-08-17 21:10:00,8.787862896099885,0.7895369343978671,0.0330617807236062,2.47918520437296,0
2016-08-17 21:15:00,9.296381211594301,0.8197384153224477,0.0384691949737252,2.9784686070989292,0
2016-08-17 21:20:00,9.778110214337266,0.8468611529061281,0.044302406814084656,4.122260342252457,0
2016-08-17 21:25:00,9.915612777958087,0.8744035395311709,0.0483575674860766,4.122260342252457,0
2016-08-17 21:30:00,9.25819114046017,0.8463239351724622,0.04139461700510017,1.5746757594037952,0
2016-08-17 21:35:00,8.901881674359807,0.8074046706370979,0.03492870103606496,2.432561235943169,0
2016-08-17 21:40:00,9.39963523431452,0.7919473307855496,0.033392538540904584,2.432561235943169,0
2016-08-17 21:45:00,9.304669576323317,0.7684695132881789,0.02960036845406182,1.5880389492439315,0
2016-08-17 21:50:00,9.295970111346467,0.7720689017546999,0.03146892306042948,4.991458557681519,0
2016-08-17 21:55:00,9.656129186441222,0.7782679899484677,0.032610447158183634,4.991458557681519,0
2016-08-17 22:00:00,9.51743139231162,0.7748239457413074,0.02942862269852121,3.0071775127490725,0
2016-08-17 22:05:00,10.68111375861793,0.8590086218651296,0.047799089885801956,2.639842170816434,0
2016-08-17 22:10:00,10.744407199008265,0.8699857744244539,0.050912112281972365,4.359223436626909,0
2016-08-17 22:15:00,9.952654127562932,0.8225026774459523,0.03656352697918964,4.359223436626909,0
2016-08-17 22:20:00,10.07484896421521,0.8153877444741711,0.034450266990845246,2.4798302314998124,0
2016-08-17 22:25:00,11.499227318221552,0.8600604546333386,0.04777273302753508,7.988784787219318,0
2016-08-17 22:30:00,13.317444053540205,0.9271327217429549,0.062131554870191986,7.988784787219318,0
2016-08-17 22:35:00,11.985289289994743,0.8769753773067659,0.04934223954769302,5.094980408788022,0
2016-08-17 22:40:00,10.187337727470984,0.8253694084440526,0.03720681522574377,3.5994299936275205,0
2016-08-17 22:45:00,9.612132532888234,0.8186272786071404,0.03560308589523993,3.5994299936275205,0
2016-08-17 22:50:00,9.407972055739153,0.8280732501398267,0.03867892410002035,1.7581406460538185,0
2016-08-17 22:55:00,9.607726171275177,0.8148200860533376,0.0404230323908171,5.535292213752941,0
2016-08-17 23:00:00,9.421855227357621,0.7872370118298622,0.03511181452696961,5.535292213752941,0
2016-08-17 23:05:00,9.355153344209722,0.7958175876753677,0.032907638524946596,5.463188556922518,0
2016-08-17 23:10:00,9.720997714095986,0.8170971734627681,0.0356406547888687,1.811324344069251,0
2016-08-17 23:15:00,9.6110942813393,0.8140536838503449,0.0335960368620556,1.7455850884707846,0
2016-08-17 23:20:00,9.990410466925022,0.8251473970286916,0.036937731769631096,3.576514117863463,0
2016-08-17 23:25:00,10.812943132409865,0.8675668374193292,0.045398801271532466,3.576514117863463,0
2016-08-17 23:30:00,10.60735652591709,0.8589933821717886,0.043141778713573394,2.6941152371256183,0
2016-08-17 23:35:00,10.364999070973248,0.8285486323304218,0.042471956743727446,11.529451448341257,0
2016-08-17 23:40:00,10.627578634491757,0.8367789173386257,0.04372971501819515,11.529451448341257,0
2016-08-17 23:45:00,10.758994481625882,0.8773362071323149,0.04833789475794473,7.904297457415988,0
2016-08-17 23:50:00,10.664798507886065,0.9042347241679872,0.05538305854530203,3.0883225144845747,0
2016-08-17 23:55:00,11.460592849361689,0.9100249874315287,0.058029367294327484,6.683550334140321,0
2016-08-18 00:00:00,12.041828675093504,0.9063215939039372,0.05624227648441134,6.683550334140321,0
2016-08-18 00:05:00,11.147334238131462,0.886301820185427,0.04975471248389833,3.7561895972981825,0
2016-08-18 00:10:00,10.144604328934845,0.8729882412765578,0.04715239050553939,3.721922908208239,0
2016-08-18 00:15:00,9.963222570145987,0.8718510480474999,0.046855185691287486,1.981074788203622,0
2016-08-18 00:20:00,10.269636237596552,0.8558443614087132,0.042844016907806905,1.981074788203622,0
2016-08-18 00:25:00,10.74790306554462,0.855021132589519,0.04583929973748965,8.281160800143004,0
2016-08-18 00:30:00,11.032783971485685,0.8684470747396609,0.04954769880982095,8.281160800143004,0
2016-08-18 00:35:00,10.32258409370771,0.837808850164933,0.039788745893469216,7.542189020111606,0
2016-08-18 00:40:00,9.897009209920473,0.826837641117322,0.03642782274991799,3.108126796620019,0
2016-08-18 00:45:00,9.73579540436399,0.8284896276525182,0.037286444548422025,2.795548842405472,0
2016-08-18 00:50:00,9.739521762824548,0.8233577173491677,0.03755291550662994,4.099691573599577,0
2016-08-18 00:55:00,9.759963456414312,0.8162295772803086,0.03690361282896929,4.099691573599577,0
2016-08-18 01:00:00,9.64179654603733,0.8090782262118756,0.03429396370178796,3.1466379251501317,0
2016-08-18 01:05:00,9.87530966403897,0.8346837521365066,0.037846401042099326,3.1466379251501317,0
2016-08-18 01:10:00,9.789844585939743,0.8274493462659478,0.03755637374878558,2.1467018148637687,0
2016-08-18 01:15:00,9.346195197049434,0.7783191867272726,0.02996975748940862,2.1467018148637687,0
2016-08-18 01:20:00,10.009203262953687,0.7816932056803434,0.037569504703229804,9.556543731030155,0
2016-08-18 01:25:00,9.984455420966288,0.7875559299059758,0.03938891827548412,9.556543731030155,0
2016-08-18 01:30:00,9.01190863081247,0.7734966486312951,0.030447986159492013,9.397514098584603,0
2016-08-18 01:35:00,9.226033537335187,0.7504624866433994,0.02791978896123265,2.6373418124361008,0
2016-08-18 01:40:00,9.68263121795784,0.7183540023568239,0.02371139833675765,2.6373418124361008,0
2016-08-18 01:45:00,9.77543996807143,0.7370014595235161,0.025420544617034024,1.6580551165166901,0
2016-08-18 01:50:00,10.582923053067827,0.789457790865349,0.03961109729123022,6.367177192527459,0
2016-08-18 01:55:00,10.660470923575065,0.7825863066339191,0.03929218964108724,6.367177192527459,0
2016-08-18 02:00:00,9.432116663609133,0.7453319433732053,0.02652058366378926,2.5490563428676416,0
2016-08-18 02:05:00,9.36818073903073,0.74172786287213,0.026461133387647412,3.025128078143153,0
2016-08-18 02:10:00,9.910191407287613,0.7344172559010012,0.0266027323432405,3.025128078143153,0
2016-08-18 02:15:00,10.323484069942236,0.7368351499569469,0.02706870011693909,2.0853825692085377,0
2016-08-18 02:20:00,10.547970161638833,0.7403003474625522,0.02808020169864662,2.1776658417996604,0
2016-08-18 02:25:00,10.787246217183068,0.7384656149440184,0.027059802302955953,2.1776658417996604,0
2016-08-18 02:30:00,10.616344308157169,0.7311936930506611,0.02530900404301309,2.115487179280494,0
2016-08-18 02:35:00,10.772160569001297,0.7542656553944902,0.029432168977948862,2.103914499869049,0
2016-08-18 02:40:00,11.572161218920478,0.765322005654383,0.031034141974791724,2.103914499869049,0
2016-08-18 02:45:00,11.350148143821503,0.7333324595530604,0.02507448441790554,2.5175651744298415,0
2016-08-18 02:50:00,11.424852566176366,0.7710779836515391,0.030884209049342897,4.773792393809209,0
2016-08-18 02:55:00,11.375564999831488,0.7607305296374459,0.0301117527368565,4.773792393809209,0
2016-08-18 03:00:00,10.946789323548314,0.70724513424626,0.022048159019714644,4.116382369813075,0
2016-08-18 03:05:00,11.078584439259838,0.7427400611063075,0.0273686995747753,4.116382369813075,0
2016-08-18 03:10:00,11.297218087416244,0.7639665387711885,0.03033109036493853,2.1615281903064196,0
2016-08-18 03:15:00,11.332937867208534,0.7434727455899214,0.026985518102379535,1.8958800225776808,0
2016-08-18 03:20:00,11.029907391702235,0.7333778710984151,0.026253070120283876,1.8958800225776808,0
2016-08-18 03:25:00,12.118363568486814,0.7573516134855812,0.0366433974427315,17.231002481987243,0
2016-08-18 03:30:00,12.195425820756714,0.7544555454227122,0.036151435920375376,17.231002481987243,0
2016-08-18 03:35:00,11.312009934173139,0.7266832930547635,0.025387406805678712,1.1319005704363787,0
2016-08-18 03:40:00,11.574909376170421,0.7275989425634382,0.02504909200230122,1.4932821254459379,0
2016-08-18 03:45:00,11.719049514255993,0.7260780669575949,0.024087563889949308,1.9135394512612751,0
2016-08-18 03:50:00,12.108435996203143,0.7160676484182007,0.021709272355922002,1.9135394512612751,0
2016-08-18 03:55:00,11.985088800560261,0.7102148465230295,0.02137809129342286,1.9117161075254034,0
2016-08-18 04:00:00,11.242259763468942,0.7055219139085238,0.020879329625936187,2.139909180552497,0
2016-08-18 04:05:00,11.298770736113237,0.7081540781376718,0.020359302277000953,2.4445582813812265,0
2016-08-18 04:10:00,11.951982455622993,0.7166452437542958,0.022124932885574305,2.4445582813812265,0
2016-08-18 04:15:00,11.918457178411538,0.7273610632926578,0.02423394091284256,1.6549196052805968,0
2016-08-18 04:20:00,11.94089159001353,0.7245399949782874,0.022761837249795035,2.9413471770256407,0
2016-08-18 04:25:00,12.357534178943627,0.7190320321974661,0.02150297311335654,2.9413471770256407,0
2016-08-18 04:30:00,11.838768355907169,0.7295776552170288,0.023365317835702636,2.570854126507641,0
2016-08-18 04:35:00,12.21387481495074,0.7512563853047464,0.02684638238579163,3.8785464960281173,0
2016-08-18 04:40:00,12.964115286817764,0.7507736450224808,0.02686645544730889,3.8785464960281173,0
2016-08-18 04:45:00,12.43453066344349,0.7357320768560047,0.024313413676287404,2.937264665320585,0
2016-08-18 04:50:00,12.131401577145551,0.7322021817872484,0.022752890041806372,1.899402800432753,0
2016-08-18 04:55:00,12.308969090344263,0.7405640275935362,0.02433391242867535,1.91004148946016,0
2016-08-18 05:00:00,12.21760220337428,0.7628302496351194,0.029153552920612568,3.4930640680784943,0
2016-08-18 05:05:00,12.173317215112272,0.7584962074839097,0.027665340424068284,3.4930640680784943,0
2016-08-18 05:10:00,12.731611180059192,0.7348705868001885,0.02337422029928464,2.20149105694338,0
2016-08-18 05:15:00,12.716938436699493,0.7327882579338609,0.023425052555986287,2.664322176837259,0
2016-08-18 05:20:00,12.501902928399154,0.7307078168170642,0.023609798356366306,3.2494375229604433,0
2016-08-18 05:25:00,12.803059486090394,0.7174130954801888,0.021180196069026606,3.2494375229604433,0
2016-08-18 05:30:00,12.875248068723755,0.7229594820349716,0.021221124398596504,2.5609108523067454,0
2016-08-18 05:35:00,12.086659341901601,0.7338315794550617,0.023408097045433528,4.056448382034598,0
2016-08-18 05:40:00,11.703705808480446,0.7450603287744687,0.025840109995551846,4.056448382034598,0
2016-08-18 05:45:00,13.590419918419496,0.7731856432428319,0.03768452106548133,21.61646984144178,0
2016-08-18 05:50:00,13.664411529701383,0.757319868858499,0.034938795243755115,21.61646984144178,0
2016-08-18 05:55:00,12.000861590169151,0.747785354508112,0.02633865011247382,4.020491506454759,0
2016-08-18 06:00:00,11.732157025786039,0.7721868021269629,0.030568441839963777,1.6815668996380724,0
2016-08-18 06:05:00,11.67715149430348,0.7508483027723551,0.02656426096518149,1.5706648556280485,0
2016-08-18 06:10:00,11.968634617651642,0.7259072827078193,0.022059608711979834,1.5706648556280485,0
2016-08-18 06:15:00,12.816312150959272,0.7575656868194953,0.029199691147486512,7.453172958667243,0
2016-08-18 06:20:00,12.85550889592314,0.7638351073648854,0.0307145393730499,7.453172958667243,0
2016-08-18 06:25:00,12.385395353743574,0.732896488765235,0.02434697120441994,2.290111679878765,0
2016-08-18 06:30:00,12.642868816808555,0.7491262435179771,0.026423576116428583,3.3018181002640046,0
2016-08-18 06:35:00,13.103880691748842,0.7781493759638672,0.03229629689931969,6.337495676265632,0
2016-08-18 06:40:00,12.80068848902983,0.7528220908747116,0.028145673023362145,6.337495676265632,0
2016-08-18 06:45:00,12.548186756046645,0.7212246871182191,0.0210293821391596,2.8459851315355866,0
2016-08-18 06:50:00,12.73403161146462,0.7235941095016498,0.021490729120952033,2.9733696610242033,0
2016-08-18 06:55:00,12.23062358472285,0.726145089206288,0.022333908555775904,3.513176116627971,0
2016-08-18 07:00:00,11.41942085286694,0.7493969920254692,0.025848154097425857,3.513176116627971,0
2016-08-18 07:05:00,11.667211977294246,0.7740481837348294,0.029368934598416895,3.134090536430174,0
2016-08-18 07:10:00,12.505913814143272,0.7787626035958778,0.030670467035788112,2.5090002529988027,0
2016-08-18 07:15:00,12.187267594515237,0.7680626813507927,0.02877726056558295,2.5090002529988027,0
2016-08-18 07:20:00,12.2529085075889,0.7601943889405691,0.026216298992881713,10.47777555767341,0
2016-08-18 07:25:00,12.303958064986176,0.7842880320080606,0.030342918915877825,10.47777555767341,0
2016-08-18 07:30:00,11.949109599016369,0.8059597443572518,0.03595789391103705,9.125960371827802,0
2016-08-18 07:35:00,11.639286963836406,0.7770886704114248,0.03153880801867308,6.499393857741564,0
2016-08-18 07:40:00,11.462269363231293,0.7377292982469064,0.02368455554465611,5.410467357164255,0
2016-08-18 07:45:00,12.103480246126557,0.7292752363998867,0.022765963929161383,1.4995957470263859,0
2016-08-18 07:50:00,12.144655585892195,0.7343491371700246,0.024272832125054693,1.4995957470263859,0
2016-08-18 07:55:00,11.370914299487675,0.7420538121628957,0.025713011441467044,1.4419310047167537,0
2016-08-18 08:00:00,10.645361168068774,0.7720076126044235,0.0302444604557498,2.157443038218356,0
2016-08-18 08:05:00,10.421930977264761,0.7721330430699131,0.029308330674297122,2.157443038218356,0
2016-08-18 08:10:00,10.368473440664552,0.7542733820645069,0.02657136880046231,3.459999913098196,0
2016-08-18 08:15:00,10.187380439839163,0.7654390356739974,0.028975301522564962,3.459999913098196,0
2016-08-18 08:20:00,9.756509735880185,0.7689829740226768,0.030231334787350704,2.550978192261387,0
2016-08-18 08:25:00,9.334780871964233,0.7690272881546532,0.029479291518361955,2.4919177005755047,0
2016-08-18 08:30:00,9.647867079874688,0.7892704169402792,0.031016828245425426,1.9760213675624176,0
2016-08-18 08:35:00,9.683211949868374,0.7866338440380096,0.031084215709761838,1.9760213675624176,0
2016-08-18 08:40:00,9.044975945656745,0.7498744269279121,0.026627884161451475,2.344391609682332,0
2016-08-18 08:45:00,9.033404617505273,0.7457797838613183,0.02626990891278766,2.344391609682332,0
2016-08-18 08:50:00,9.370239741541335,0.7772866442381373,0.029865315493071802,3.176060922714939,0
2016-08-18 08:55:00,8.872403762766632,0.7935402533775591,0.03164525410645351,3.176060922714939,0
2016-08-18 09:00:00,8.388970443459941,0.7875275938801352,0.030519973941529516,2.6087254911418,0
2016-08-18 09:05:00,8.220876807764443,0.779800375632057,0.029763076184908303,2.3402327094795514,0
2016-08-18 09:10:00,8.302292967847162,0.7979012415622169,0.033385451192257734,1.7466069933931623,0
2016-08-18 09:15:00,8.738342151824735,0.814805926220248,0.03457475735403261,1.7466069933931623,0
2016-08-18 09:20:00,8.638411297599635,0.8062146822244527,0.03317700141555686,1.5347324568518466,0
2016-08-18 09:25:00,9.016832455574779,0.849838593609755,0.04401357245632663,3.72974054957762,0
2016-08-18 09:30:00,9.200757433629807,0.8525214019309928,0.04322805501750165,3.72974054957762,0
2016-08-18 09:35:00,8.822611362143213,0.8047582726185436,0.03295978342061292,1.988489870159426,0
2016-08-18 09:40:00,8.780165398601829,0.8031205762816754,0.033103338931876856,1.9904007642986923,0
2016-08-18 09:45:00,8.613092868831949,0.8115004291982764,0.033462306183204386,1.9904007642986923,0
2016-08-18 09:50:00,9.409365381432933,0.8285089636988489,0.04227426252614916,12.445530915637137,0
2016-08-18 09:55:00,9.600625286420712,0.8109046006096934,0.039537844482225006,12.445530915637137,0
2016-08-18 10:00:00,9.63151429056003,0.7993615110221537,0.032949046032968735,10.93014737387505,0
2016-08-18 10:05:00,11.21351509421942,0.8279921374017613,0.049178196673327915,24.57641917269126,0
2016-08-18 10:10:00,10.34584277155507,0.7971946532628272,0.04393464386409551,24.57641917269126,0
2016-08-18 10:15:00,8.90666577179072,0.7607122287719719,0.027665460112801667,2.1301872498572956,0
2016-08-18 10:20:00,8.855990555866384,0.767463548164524,0.028240101320206545,2.1301872498572956,0
2016-08-18 10:25:00,8.761233198622232,0.7682486093495269,0.02766226134249255,1.2872994016133608,0
2016-08-18 10:30:00,9.117959905925852,0.7805561261598497,0.030724724359151932,0.9352049808298446,0
2016-08-18 10:35:00,9.539880419448675,0.8061043100503771,0.03483464865567532,3.637853174910749,0
2016-08-18 10:40:00,9.451488791299784,0.7944787246567672,0.032039447640184425,3.954200379651468,0
2016-08-18 10:45:00,9.165488900089256,0.7809902233914401,0.02968360917572494,3.954200379651468,0
2016-08-18 10:50:00,8.96296178901377,0.7767300089260524,0.029828153538200314,2.9946323416413447,0
2016-08-18 10:55:00,8.686799037764647,0.759585686379644,0.02749197918711595,2.9946323416413447,0
2016-08-18 11:00:00,9.449272198410657,0.7899943190150128,0.03226441979707199,3.342771469319442,0
2016-08-18 11:05:00,10.701332055893175,0.8248818307449789,0.04060453829213925,11.954343142552823,0
2016-08-18 11:10:00,10.621576199607555,0.8237819682056507,0.04015388437781101,11.954343142552823,0
2016-08-18 11:15:00,9.59845455820488,0.8015824908540643,0.034545447529014076,4.073682246999181,0
2016-08-18 11:20:00,9.180370823805774,0.7970553998630628,0.03431797991794611,4.073682246999181,0
2016-08-18 11:25:00,9.434970174975778,0.8126380507253272,0.03628513391102074,2.4855318993303235,0
2016-08-18 11:30:00,9.825072874683247,0.8168515013535231,0.03662274355122351,2.1162526804680892,0
2016-08-18 11:35:00,9.639026209863886,0.818122594467623,0.036808303189643045,3.4082768128435075,0
2016-08-18 11:40:00,9.32225873674701,0.8102971037904131,0.03495317200833215,3.4082768128435075,0
2016-08-18 11:45:00,9.070334725452419,0.7849579673929851,0.03151025740581591,3.333745597255827,0
2016-08-18 11:50:00,9.011136510056238,0.7728088620572631,0.030320227532619988,3.5373228437672957,0
2016-08-18 11:55:00,9.843563726310272,0.7923104605314842,0.03309336549666313,3.5373228437672957,0
2016-08-18 12:00:00,10.398309942646698,0.7953810669357184,0.032721690311758894,3.7705251084442177,0
2016-08-18 12:05:00,9.98703693819743,0.7827871009404498,0.03016684815393043,3.7705251084442177,0
2016-08-18 12:10:00,9.619190748537353,0.7737784432667032,0.029141366983673388,3.4089415806973524,0
2016-08-18 12:15:00,9.772796413920783,0.7760122872249549,0.0298128059439966,3.2686018331992526,0
2016-08-18 12:20:00,9.849909800365296,0.7921326052552782,0.03326491827366405,3.2359410835901676,0
2016-08-18 12:25:00,10.392492342819803,0.819439767811554,0.03883997671578383,9.973231789399776,0
2016-08-18 12:30:00,10.834289223029867,0.8525763026435735,0.04585126734736343,9.973231789399776,0
2016-08-18 12:35:00,10.447221443407024,0.8551799405218438,0.045296318646818795,6.1604443165956715,0
2016-08-18 12:40:00,9.655742870717871,0.8117552997658811,0.03484956210609435,3.4917935927244805,0
2016-08-18 12:45:00,9.590743939681563,0.8179977515310506,0.03847366709222224,8.717221473832236,0
2016-08-18 12:50:00,10.351289222773445,0.8560560925112296,0.04933004978836155,8.717221473832236,0
2016-08-18 12:55:00,10.370344266138613,0.8515082925394817,0.048170662131036615,7.902226230933711,0
2016-08-18 13:00:00,9.739742385213422,0.8128494596763685,0.0378067345716602,5.566627173356641,0
2016-08-18 13:05:00,9.483150638166409,0.7786746133348195,0.029624688076074723,2.3777251392209724,0
2016-08-18 13:10:00,10.497816451718878,0.8213997446222396,0.03752258243594585,2.3777251392209724,0
2016-08-18 13:15:00,10.421557591731014,0.843074612681333,0.041516195121937584,2.699650162427464,0
2016-08-18 13:20:00,11.224551889855379,0.8609541948915631,0.052965973576529546,12.938804162505681,0
2016-08-18 13:25:00,11.212528903355715,0.8492875455228728,0.05125282295563701,12.938804162505681,0
2016-08-18 13:30:00,9.688668307667132,0.807148702019884,0.034744285766437684,6.560264535834541,0
2016-08-18 13:35:00,9.611283859546337,0.7998711758737792,0.03309574903452498,3.117685332936109,0
2016-08-18 13:40:00,9.314333182758459,0.798359352562254,0.03332714503597765,3.117685332936109,0
2016-08-18 13:45:00,9.323260327936893,0.8026769425154124,0.03393659593219926,1.9683750143420409,0
2016-08-18 13:50:00,9.332585235904368,0.8002490969303229,0.033237624092607006,2.406230567975789,0
2016-08-18 13:55:00,9.419017110790836,0.8102001889861499,0.0339744346395653,2.406230567975789,0
2016-08-18 14:00:00,11.480490142467602,0.8208715094694753,0.03474292298267232,11.470904235400178,0
2016-08-18 14:05:00,11.753585936508367,0.824314676790332,0.0342027543762146,14.529212233137423,0
2016-08-18 14:10:00,9.564044568983713,0.8195546946319645,0.03283419123067162,14.529212233137423,0
2016-08-18 14:15:00,9.214964536030383,0.8121573909595664,0.03250927581488427,2.0664418180674176,0
2016-08-18 14:20:00,19.116025015874506,0.8276074711744503,0.08310168784605307,133.4318101499083,0
2016-08-18 14:25:00,19.17803651715418,0.8373854843410943,0.08446799075212266,133.4318101499083,0
2016-08-18 14:30:00,9.678095539587206,0.8331829752832269,0.03697078930951153,3.8462036122744645,0
2016-08-18 14:35:00,9.45415116265898,0.823111728999689,0.036512823796815926,3.8462036122744645,0
2016-08-18 14:40:00,9.106813466346408,0.793069398283028,0.03186815159349181,2.9323040870495354,0
2016-08-18 14:45:00,9.0268180180511,0.7863358237724363,0.0302598443512014,2.9323040870495354,0
2016-08-18 14:50:00,10.098595019374107,0.8363374716644094,0.03984510722826831,4.949245112967046,0
2016-08-18 14:55:00,10.960873681003616,0.8967878194034355,0.05296488865310115,4.949245112967046,0
2016-08-18 15:00:00,10.111146409158916,0.8745864683047463,0.04822472804759475,1.6271099987827151,0
2016-08-18 15:05:00,9.731799498823515,0.8310042253211545,0.03879096762597066,1.4302044101937854,0
2016-08-18 15:10:00,9.670514721327088,0.8169864430120828,0.035458611071341475,1.7933863315406795,0
2016-08-18 15:15:00,9.338249543500135,0.8170930160745759,0.03421340863301063,1.7933863315406795,0
2016-08-18 15:20:00,9.148624641263737,0.8044830007457684,0.03225336589960563,1.7296184326758035,0
2016-08-18 15:25:00,9.030093565347894,0.7912455694311177,0.030687612950774223,1.9952226649958726,0
2016-08-18 15:30:00,9.989051007507593,0.8330197942846305,0.03904526819749897,4.036120571761891,0
2016-08-18 15:35:00,9.973364693790897,0.8444947409657415,0.04017894929991962,4.036120571761891,0
2016-08-18 15:40:00,9.15343583257582,0.826419113842904,0.03599605317140277,2.435731261437898,0
2016-08-18 15:45:00,9.430378674240282,0.8433852712466012,0.03986019240281366,4.120406704341763,0
2016-08-18 15:50:00,10.939287531942757,0.8604545005898756,0.05270458340556072,24.152832521254407,0
2016-08-18 15:55:00,10.983090475412125,0.8418648666341919,0.04892739827844495,24.152832521254407,0
2016-08-18 16:00:00,9.82197465300968,0.8204891913648139,0.03533301767675523,23.576561247560818,0
2016-08-18 16:05:00,9.842313424141327,0.8116136109680591,0.03538808143269999,3.3500453137023003,0
2016-08-18 16:10:00,9.656239311381652,0.8011913103670654,0.03280494911632568,2.187656947887051,0
2016-08-18 16:15:00,9.778169537540053,0.8059950925735863,0.03271190337186846,2.2821445849627633,0
2016-08-18 16:20:00,10.287910518378247,0.8113778190373355,0.034231049447747734,2.2821445849627633,0
2016-08-18 16:25:00,10.400914639854772,0.7928595183520709,0.032528646236720186,1.9467520814555246,0
2016-08-18 16:30:00,9.8601879712995,0.7707790451024181,0.02974958525634227,1.9467520814555246,0
2016-08-18 16:35:00,10.865317695937934,0.7800869832106436,0.04063988781528231,23.195573642789043,0
2016-08-18 16:40:00,12.69703894729128,0.8073568293444002,0.04394492655305733,23.195573642789043,0
2016-08-18 16:45:00,12.585029470874842,0.8288049557612513,0.034986319495238366,5.932458900688864,0
2016-08-18 16:50:00,10.792161887113123,0.8026748525592757,0.03238567388480913,4.166458746335654,0
2016-08-18 16:55:00,9.477841163363284,0.7587639930874607,0.02784660389570348,1.9649537234440126,0
2016-08-18 17:00:00,9.412444917417734,0.7658705312027196,0.02888685391264269,2.358425199246741,0
2016-08-18 17:05:00,9.742736624443655,0.7940570663906786,0.03307115022016891,2.358425199246741,0
2016-08-18 17:10:00,10.09481758138632,0.7922331026276173,0.034420288150121985,5.1226627324358045,0
2016-08-18 17:15:00,9.78229236468763,0.7843020430051766,0.03298730137104215,5.1226627324358045,0
2016-08-18 17:20:00,9.546174784839286,0.7883324672932573,0.031193429400281924,2.043033904982086,0
2016-08-18 17:25:00,9.716663600790033,0.7863632716479063,0.031378460505807164,2.7069232311449745,0
2016-08-18 17:30:00,9.900903059148844,0.782550911734659,0.03141538582328256,2.7069232311449745,0
2016-08-18 17:35:00,10.561953747525811,0.8077074461260774,0.03544939248106352,6.331769783700143,0
2016-08-18 17:40:00,10.721207849772012,0.8142619592334612,0.036132024323842694,6.331769783700143,0
2016-08-18 17:45:00,10.125931305117588,0.783872416959311,0.03097893938202085,2.941756000417008,0
2016-08-18 17:50:00,9.709585597353671,0.7726627868330419,0.029525596481564977,2.941756000417008,0
2016-08-18 17:55:00,10.009067612927954,0.780387101801113,0.030595269124311857,2.8389895765483644,0
2016-08-18 18:00:00,10.428530143306826,0.7813356639765694,0.029692771461717022,2.8389895765483644,0
2016-08-18 18:05:00,10.100136571562128,0.7707836882228222,0.02743299236198544,1.1180688684444942,0
2016-08-18 18:10:00,9.779699664780868,0.7746523181015388,0.028183819361405005,1.4809662195634838,0
2016-08-18 18:15:00,9.744603070527535,0.7916331642668986,0.03289750335891495,3.7349049252570548,0
2016-08-18 18:20:00,9.836109959840293,0.7916154729523031,0.03338257240625062,3.824178348150074,0
2016-08-18 18:25:00,10.358747819804288,0.7752874975569433,0.029513579031162713,3.824178348150074,0
2016-08-18 18:30:00,10.731434951932192,0.7878436448217715,0.03186949570829535,3.3873983160900147,0
2016-08-18 18:35:00,10.53706888715401,0.8263760216035558,0.03789774723261275,3.803640150133875,0
2016-08-18 18:40:00,10.25300136830575,0.8335201205893807,0.03813805517964714,3.803640150133875,0
2016-08-18 18:45:00,10.00818108116544,0.8282295581598735,0.03726765594085259,3.3938374896367147,0
2016-08-18 18:50:00,10.421168468835543,0.8483925392586391,0.04112983926661058,3.3938374896367147,0
2016-08-18 18:55:00,11.660834534366831,0.881744513792271,0.0476445747630727,2.887013818192018,0
2016-08-18 19:00:00,11.693941856972359,0.852988949934294,0.04364909491136912,2.9876647583237745,0
2016-08-18 19:05:00,10.8962070988506,0.7976526238104439,0.033111537369019436,2.9876647583237745,0
2016-08-18 19:10:00,10.561655437322019,0.7962370988961261,0.031377964227058186,2.8663101235950053,0
2016-08-18 19:15:00,10.350837699574637,0.8099808574591991,0.03355407381055647,2.195246206914641,0
2016-08-18 19:20:00,10.180074424721468,0.812848803973399,0.0340307896947646,2.195246206914641,0
2016-08-18 19:25:00,9.88185162504218,0.8083169277452931,0.03297556866632505,2.056767018119074,0
2016-08-18 19:30:00,9.873056455431628,0.8045315005714146,0.033841898056932,4.036549687948702,0
2016-08-18 19:35:00,10.214248079036627,0.8199952057782576,0.037275819535191164,4.036549687948702,0
2016-08-18 19:40:00,10.604282291772389,0.8421186830840304,0.0401249952916405,3.2769942667814735,0
2016-08-18 19:45:00,10.303042905826569,0.8298416436501233,0.0375590027335684,3.2769942667814735,0
2016-08-18 19:50:00,9.80693191033449,0.8262863046038069,0.03682077816367584,2.8520878856333387,0
2016-08-18 19:55:00,9.802117573829776,0.8177347016213373,0.03590539463415735,2.725851108940081,0
2016-08-18 20:00:00,10.481212603851022,0.8195400120974239,0.03537147545371734,4.0332727370967625,0
2016-08-18 20:05:00,10.66021509434873,0.8183790544169535,0.034193522206066314,4.0332727370967625,0
2016-08-18 20:10:00,9.990618079385731,0.8148048568327839,0.033884136329615865,1.5961768559861966,0
2016-08-18 20:15:00,10.030262373001062,0.8402404038811961,0.037737334796428344,1.3538458870967522,0
2016-08-18 20:20:00,10.24647796972327,0.8398652913494735,0.038010037673092426,3.4587133242446098,0
2016-08-18 20:25:00,10.384489182743437,0.8430440446275003,0.03901611896602604,3.4587133242446098,0
2016-08-18 20:30:00,10.254236104910252,0.8468182886518847,0.03824920332463598,2.784992757192904,0
2016-08-18 20:35:00,10.069929227645314,0.8508599689757741,0.04007290865106241,2.784992757192904,0
2016-08-18 20:40:00,9.780609047465251,0.8406306325967513,0.03955293379092432,2.269538183087155,0
2016-08-18 20:45:00,9.881350651545388,0.8355756536826793,0.03812461404960349,2.269538183087155,0
2016-08-18 20:50:00,9.884399143099303,0.8555656139793131,0.04188045682984452,1.8660713575620547,0
2016-08-18 20:55:00,9.5018636823491,0.8510337411265698,0.039896529643692794,1.6360003635240719,0
2016-08-18 21:00:00,9.401335636595036,0.8437564794454111,0.03735066704381596,1.6360003635240719,0
2016-08-18 21:05:00,9.22109704960398,0.8406713829874569,0.03746414262446569,1.3146921656732775,0
2016-08-18 21:10:00,9.798076416625443,0.8405921807051231,0.03927439681007842,4.2612697409856395,0
2016-08-18 21:15:00,10.374382996242563,0.8374779218086781,0.038436272518905544,4.2612697409856395,0
2016-08-18 21:20:00,10.37187733228819,0.8208872005507102,0.03404021572528483,2.393134167127785,0
2016-08-18 21:25:00,10.223542318093335,0.8205229316147034,0.03356158558586674,2.393134167127785,0
2016-08-18 21:30:00,10.759863127863582,0.8284940876541302,0.035716455623402844,7.55151474097272,0
2016-08-18 21:35:00,11.830318012470594,0.8410472085150283,0.04168947622374733,8.039982452542153,0
2016-08-18 21:40:00,11.318828787764039,0.8305702264742754,0.03941176152533816,8.039982452542153,0
2016-08-18 21:45:00,10.276468595908502,0.8053685596498462,0.03265302827376722,3.3897944652080647,0
2016-08-18 21:50:00,10.341405165284801,0.8162223277050109,0.03438591434947502,2.6924246943767605,0
2016-08-18 21:55:00,10.743814079335625,0.8492941540552384,0.04330737386783773,8.940231362461388,0
2016-08-18 22:00:00,10.58765741422213,0.8446006674823796,0.04351233229186714,8.940231362461388,0
2016-08-18 22:05:00,10.08587831776169,0.8495913575880512,0.041535804851533666,8.912342673627888,0
2016-08-18 22:10:00,9.64008080594012,0.8625087685910227,0.04341667122012173,1.903316991675103,0
2016-08-18 22:15:00,10.144014187712797,0.8587808800354535,0.04317553827259119,3.655041424992444,0
2016-08-18 22:20:00,10.442496854593754,0.8434376474127998,0.040373585286406236,3.655041424992444,0
2016-08-18 22:25:00,9.869658980804443,0.8192484527798698,0.034345434884405765,2.0274825582507257,0
2016-08-18 22:30:00,10.90006680446773,0.8754189217635643,0.04890519614733433,3.251650803234813,0
2016-08-18 22:35:00,11.243901997927527,0.8860315552101405,0.05268439557202901,5.199471211447561,0
2016-08-18 22:40:00,9.688318383638743,0.8012563289206687,0.034846409312827266,5.199471211447561,0
2016-08-18 22:45:00,8.978506868751916,0.7775587841553777,0.030015660816129424,2.287807463488433,0
2016-08-18 22:50:00,9.730019549124489,0.8250984240267516,0.038794558320390485,4.408625476471907,0
2016-08-18 22:55:00,9.784662284977584,0.8107681845891574,0.03623034532068321,5.073754112726809,0
2016-08-18 23:00:00,9.389882384097165,0.7938985840130417,0.0322134046758802,5.073754112726809,0
2016-08-18 23:05:00,9.66760600492167,0.8186460067362212,0.038540284707368005,3.3092200312610616,0
2016-08-18 23:10:00,9.807010997182644,0.8233569301801653,0.04246970658769388,5.365885244218977,0
2016-08-18 23:15:00,9.355399383000847,0.7881863880737064,0.03511898756549334,6.495552518342571,0
2016-08-18 23:20:00,9.372639344684403,0.8001300365694124,0.03792133036911405,6.495552518342571,0
2016-08-18 23:25:00,9.54557433979293,0.8322237301518766,0.045903825264178785,6.604053592965654,0
2016-08-18 23:30:00,10.240045547168641,0.8563458277767895,0.04657807294905485,6.604053592965654,0
2016-08-18 23:35:00,10.655095742087578,0.8526026176255561,0.042146955669955646,2.130185247159897,0
2016-08-18 23:40:00,9.843638723833052,0.7959587051001518,0.03138589232728829,2.130185247159897,0
2016-08-18 23:45:00,9.476878531574773,0.782389292486004,0.030188275785063674,1.8652517844602348,0
2016-08-18 23:50:00,9.06184275684927,0.773215203981322,0.028793087980935862,1.2213873153560202,0
2016-08-18 23:55:00,8.925041280959501,0.7795504588066069,0.03017445336259385,1.4456414809450704,0
2016-08-19 00:00:00,9.342358887606697,0.7907502926468604,0.03165528250953003,3.637011400658539,0
2016-08-19 00:05:00,9.68555692150829,0.7947946600729183,0.030800053030269597,4.803779727725328,0
2016-08-19 00:10:00,9.6963998146873,0.772646118471256,0.02811172018499785,4.803779727725328,0
2016-08-19 00:15:00,9.924571144309947,0.7779637140576163,0.030230165135614544,6.676787134223185,0
2016-08-19 00:20:00,9.415870077719386,0.7813259479170476,0.031183566363797287,6.676787134223185,0
2016-08-19 00:25:00,8.799785918102849,0.7695640452123558,0.02956006810148252,1.2482987003721644,0
2016-08-19 00:30:00,10.251774852832177,0.7885651315246566,0.03288170622427309,13.679276145006604,0
2016-08-19 00:35:00,10.648461663964028,0.783577006527848,0.03154969745872227,13.679276145006604,0
2016-08-19 00:40:00,9.75469259426892,0.7751156805350999,0.029921016867090405,2.7738345574463237,0
2016-08-19 00:45:00,9.990006047940485,0.7623894895143979,0.028839452632997763,2.7738345574463237,0
2016-08-19 00:50:00,10.08332288902195,0.7556924420968093,0.027928454823159594,2.06215477482501,0
2016-08-19 00:55:00,9.917118869398532,0.7747314130363568,0.031760370700573325,2.06215477482501,0
2016-08-19 01:00:00,9.51726969848628,0.7873689997754248,0.03405592092529043,1.855165228810684,0
2016-08-19 01:05:00,9.41291350161355,0.7812463086897381,0.030818886819397873,1.5178343085479347,0
2016-08-19 01:10:00,9.776692540778285,0.7586102532836957,0.02657893738761627,1.5178343085479347,0
2016-08-19 01:15:00,10.020789186548118,0.7393182979359592,0.024695773872364123,1.4952395709926085,0
2016-08-19 01:20:00,10.1619946862753,0.7633954048678638,0.027808010962041347,2.2378570555994775,0
2016-08-19 01:25:00,10.236446055057359,0.7824376255032663,0.03108885550437001,2.2378570555994775,0
2016-08-19 01:30:00,10.313629773675178,0.7512231016231247,0.027193757357403387,2.029112256177719,0
2016-08-19 01:35:00,10.83753741958942,0.7341920979502768,0.023787771991826318,2.029112256177719,0
2016-08-19 01:40:00,10.970320624565762,0.7345230525558283,0.02418199704629818,2.426191086768145,0
2016-08-19 01:45:00,10.668687411032312,0.7343768866972029,0.02480842150562155,2.426191086768145,0
2016-08-19 01:50:00,11.160041521872055,0.7583049479153535,0.027716524465429493,3.043788913660828,0
2016-08-19 01:55:00,11.690008836799944,0.7902775262379507,0.033425043193021906,3.673635616626263,0
2016-08-19 02:00:00,11.377415416159863,0.7830540684045011,0.033638314501660584,3.673635616626263,0
2016-08-19 02:05:00,10.916755360969516,0.7509411271981902,0.027950259302477604,2.978375620771239,0
2016-08-19 02:10:00,11.316740950750988,0.7548135647175771,0.028268460319318383,1.278344402524776,0
2016-08-19 02:15:00,11.753021439742371,0.7632619493233948,0.02930089159439512,3.209040405754102,0
2016-08-19 02:20:00,12.08134078859957,0.7578214542538873,0.027881411405062485,4.645444452926208,0
2016-08-19 02:25:00,11.84829116691458,0.735988178837868,0.025402074763898164,4.645444452926208,0
2016-08-19 02:30:00,11.617110337127405,0.7315122089209296,0.024706968634280988,3.1588322851167163,0
2016-08-19 02:35:00,11.837757008492352,0.7354834947705327,0.024807299084316444,2.397705614659316,0
2016-08-19 02:40:00,11.771681320020548,0.7248680617796639,0.02326578404501343,2.3515694270984437,0
2016-08-19 02:45:00,11.639381766401021,0.7205211555812829,0.022589256897423228,3.916266057707556,0
2016-08-19 02:50:00,11.939193470259873,0.7284526276105381,0.023308186307162578,3.916266057707556,0
2016-08-19 02:55:00,12.299345410226234,0.7341046725373013,0.024492900735025563,2.463412792445199,0
2016-08-19 03:00:00,12.252411258332167,0.7229995294528915,0.023621700131124378,1.64794400130266,0
2016-08-19 03:05:00,12.310368988091465,0.7265298503159078,0.024171135351405304,1.4743365646903053,0
2016-08-19 03:10:00,13.97220689751681,0.7526370861054483,0.03484178556211245,23.222128931400125,0
2016-08-19 03:15:00,14.47386057967942,0.7453239904574345,0.03299482359051054,23.222128931400125,0
2016-08-19 03:20:00,13.148200522144743,0.7193946086591452,0.02219733792876318,2.8969419054466687,0
2016-08-19 03:25:00,12.886383926826994,0.7338892366213593,0.0256665356926007,2.8969419054466687,0
2016-08-19 03:30:00,12.748530255636878,0.7331519915304783,0.025085543937997203,2.879135955742459,0
2016-08-19 03:35:00,13.228775189134543,0.7333036220230189,0.024229057614238932,2.879135955742459,0
2016-08-19 03:40:00,13.466152415357943,0.7237186240434657,0.02316882360097643,2.261042329402017,0
2016-08-19 03:45:00,13.666740127195975,0.7556985122315677,0.02804221714562035,2.261042329402017,0
2016-08-19 03:50:00,14.037824409439452,0.7916225318511654,0.03493351028879335,3.4457741815357985,0
2016-08-19 03:55:00,13.997599270121992,0.7554157051538735,0.029829539350012847,3.4457741815357985,0
2016-08-19 04:00:00,13.712344055943074,0.7306274761624174,0.02440003161896267,2.6299229096359142,0
2016-08-19 04:05:00,13.521226692559065,0.7260110427554778,0.022354590856038338,1.8681467055572227,0
2016-08-19 04:10:00,13.45081456088343,0.7261531155383067,0.022615823330226565,1.8681467055572227,0
2016-08-19 04:15:00,13.43404844429009,0.7282430146287662,0.022877392081296,2.946653717291831,0
2016-08-19 04:20:00,14.400254516637949,0.7315796127830148,0.022330627441375234,5.9848451325404755,0
2016-08-19 04:25:00,14.578159015141305,0.7277241997541172,0.022565014166498754,5.9848451325404755,0
2016-08-19 04:30:00,13.903654548503903,0.7182070997035804,0.02170644092906585,3.0070136978801902,0
2016-08-19 04:35:00,14.124962714213547,0.7296823439405609,0.022697699171945328,3.332639018674061,0
2016-08-19 04:40:00,13.98084155893469,0.7227695539508441,0.022109618237576872,3.332639018674061,0
2016-08-19 04:45:00,13.825633918083096,0.7103112760736869,0.020200169811877316,1.6016319451736856,0
2016-08-19 04:50:00,14.223621598271588,0.7295467034621713,0.022352509921029183,3.144092408296276,0
2016-08-19 04:55:00,14.317088429606727,0.7225863555397487,0.022313389466478272,3.144092408296276,0
2016-08-19 05:00:00,13.74519994214126,0.7104960824793727,0.02096728340946633,2.2030638359284467,0
2016-08-19 05:05:00,13.757250705237194,0.7190656364702025,0.02140568874090535,3.6177962049201846,0
2016-08-19 05:10:00,14.786371938530433,0.7246342053282312,0.02227581134084584,3.6177962049201846,0
2016-08-19 05:15:00,14.82659101560346,0.7220211747713936,0.021289144627646132,2.5132605207799315,0
2016-08-19 05:20:00,14.5103674112124,0.7215061993967632,0.020520660417006845,2.5132605207799315,0
2016-08-19 05:25:00,14.219166510859484,0.7195890454483825,0.02087451972439828,2.725040383608396,0
2016-08-19 05:30:00,13.533184391754071,0.7152160404430685,0.020779307573912314,2.725040383608396,0
2016-08-19 05:35:00,13.712167516189805,0.7164635047784738,0.021084296083774177,2.618834477529463,0
2016-08-19 05:40:00,14.333328677518262,0.7247214556132997,0.02155775244028314,2.581980893570123,0
2016-08-19 05:45:00,14.789657552776344,0.7334714050818067,0.02172787069764115,2.581980893570123,0
2016-08-19 05:50:00,14.976972894900209,0.7328914778337425,0.022062869491916475,2.3482130912394954,0
2016-08-19 05:55:00,15.112958819217932,0.7880861630943049,0.0339684645809624,2.1244562037041526,0
2016-08-19 06:00:00,15.129484558597014,0.8186491686134896,0.040111447263696656,3.392580372004837,0
2016-08-19 06:05:00,14.571059552466599,0.765700006135491,0.030509010107863565,3.392580372004837,0
2016-08-19 06:10:00,14.590389550362758,0.7330337197310843,0.02471320114326043,2.540931734704267,0
2016-08-19 06:15:00,14.97025163475621,0.7384620634440354,0.025737553785319323,2.540931734704267,0
2016-08-19 06:20:00,14.307995273020333,0.7278058108954945,0.023818085988989803,2.488138266049184,0
2016-08-19 06:25:00,14.419204403221505,0.7508812110928366,0.027660268635634422,2.896478866372349,0
2016-08-19 06:30:00,15.132704247652061,0.7869078574747489,0.03381326092184968,2.896478866372349,0
2016-08-19 06:35:00,14.71787326293492,0.7649717204686689,0.029995864612529604,2.4351466096014667,0
2016-08-19 06:40:00,14.542542884722726,0.7491928263964129,0.028496776610748488,4.823493192359328,0
2016-08-19 06:45:00,14.030043771602967,0.734011558407303,0.025430431074919668,4.823493192359328,0
2016-08-19 06:50:00,14.012299260610737,0.722934652167528,0.023131841847906946,2.870366651031762,0
2016-08-19 06:55:00,14.220593124843308,0.7166616139384722,0.02199410968541194,2.8298869947652223,0
2016-08-19 07:00:00,13.707070114728925,0.7080558421188967,0.0199527918878244,2.1681658977580547,0
2016-08-19 07:05:00,14.213289056732666,0.7079147739618621,0.01960565111929476,2.5970788495054595,0
2016-08-19 07:10:00,15.188943496295078,0.7223474081154182,0.02190387251998206,3.0080524460484255,0
2016-08-19 07:15:00,14.928180059208577,0.7273918326148714,0.02244172673927907,3.0080524460484255,0
2016-08-19 07:20:00,14.703391785113027,0.7334263581411118,0.023801833777299834,3.890101450147377,0
2016-08-19 07:25:00,14.231412111330755,0.7365997451262623,0.02496332914867383,3.890101450147377,0
2016-08-19 07:30:00,13.905527078887442,0.7447326625072683,0.026249464727361366,1.8117269429389136,0
2016-08-19 07:35:00,14.778654492896731,0.7640094638657091,0.029318599122498477,3.0228951438589733,0
2016-08-19 07:40:00,14.470302779240427,0.7514274707878986,0.027422027770088443,3.0228951438589733,0
2016-08-19 07:45:00,14.028799143732357,0.7301219486080024,0.02365112750920128,2.2767047364886674,0
2016-08-19 07:50:00,14.074097649504486,0.7248112145315575,0.022229324591674992,3.4130604376847162,0
2016-08-19 07:55:00,13.58372308152354,0.7292461516060564,0.023535153783947552,4.310105516203393,0
2016-08-19 08:00:00,12.628492353474737,0.7254465611635585,0.02295983321383775,4.310105516203393,0
2016-08-19 08:05:00,11.973673995787264,0.7321493479635848,0.024283175535853473,2.1864373986195336,0
2016-08-19 08:10:00,11.605839204131808,0.7612525748634231,0.02903651747527508,2.438767103131384,0
2016-08-19 08:15:00,11.829064569536293,0.7860506491281326,0.03147069933561771,2.438767103131384,0
2016-08-19 08:20:00,12.203872420868223,0.779254471274279,0.029945130896561888,2.2185108223104484,0
2016-08-19 08:25:00,11.277197718980961,0.7558503099046516,0.02775893584662753,3.1485650747907408,0
2016-08-19 08:30:00,10.478004730151394,0.7468936953534645,0.028160391937430945,3.1485650747907408,0
2016-08-19 08:35:00,10.518888089671227,0.7423145086555012,0.027428481337648504,3.0456979486044125,0
2016-08-19 08:40:00,10.603354333724235,0.7538317029715693,0.028065346485368976,1.9090428281186647,0
2016-08-19 08:45:00,10.997940859508606,0.7735413942256502,0.030740794392432037,3.1494842673734462,0
2016-08-19 08:50:00,11.332313920598295,0.7700449093339602,0.02967335672304367,3.1494842673734462,0
2016-08-19 08:55:00,10.972165549661351,0.7764388746742031,0.02968380566263376,3.146931437112249,0
2016-08-19 09:00:00,10.105128767267308,0.7939164477432361,0.03026431103365656,2.6121698152989246,0
2016-08-19 09:05:00,9.392470812506572,0.7949404162531615,0.029814080177572803,1.3302009949396387,0
2016-08-19 09:10:00,9.34071369836388,0.7773847636246007,0.028939380115364056,2.094872452452488,0
2016-08-19 09:15:00,9.532099585311826,0.7694323584446809,0.027610171669946292,2.094872452452488,0
2016-08-19 09:20:00,9.442637642515207,0.7695938412938428,0.026699769599847278,2.691413984519817,0
2016-08-19 09:25:00,9.388966190727425,0.77876916531978,0.028317337961804457,2.691413984519817,0
2016-08-19 09:30:00,9.661703531394602,0.8153625575191971,0.03508539893381021,2.6482226838028073,0
2016-08-19 09:35:00,10.065943899087156,0.8201158596355197,0.036272012985741946,2.6482226838028073,0
2016-08-19 09:40:00,9.973986324604578,0.7988167330814817,0.03278912899867599,2.8529145205046533,0
2016-08-19 09:45:00,9.469157390358987,0.7766485363328725,0.029923819527576095,2.8529145205046533,0
2016-08-19 09:50:00,9.260126985807318,0.7619920063340193,0.027254505035846383,1.6981276160197736,0
2016-08-19 09:55:00,9.84102240128341,0.7985707939595573,0.033073176931289444,2.4657176226255983,0
2016-08-19 10:00:00,10.407199545734246,0.8428043927461979,0.040808730709010074,2.5863913753103276,0
2016-08-19 10:05:00,10.119089628104614,0.8359047173469083,0.039771061386957914,2.5863913753103276,0
2016-08-19 10:10:00,9.98960144856043,0.8289990068853414,0.0386200544480886,2.04085445045217,0
2016-08-19 10:15:00,10.085389317970549,0.8228360852861039,0.0372175448898042,1.9962335360232608,0
2016-08-19 10:20:00,10.061477836539376,0.8155430289380056,0.03476680712660376,1.4949750665973507,0
2016-08-19 10:25:00,10.020544607542618,0.8133833111017277,0.03481534946093538,1.190521539729284,0
2016-08-19 10:30:00,10.302520289716448,0.8289381820233027,0.038107024000770165,1.9123255196718494,0
2016-08-19 10:35:00,10.064703931893558,0.8361453716242075,0.03949074143409206,1.9123255196718494,0
2016-08-19 10:40:00,9.29959194205703,0.8082772368093256,0.03422767340791823,1.9805050581742822,0
2016-08-19 10:45:00,9.457701802005671,0.8032899581371342,0.03267727899130436,1.9805050581742822,0
2016-08-19 10:50:00,9.565030714305493,0.7858588968027376,0.03019234012067702,1.0459331907421832,0
2016-08-19 10:55:00,9.548143729295123,0.7724273435904419,0.027054166909937276,1.7171791995752432,0
2016-08-19 11:00:00,9.686774956248039,0.7790801817033697,0.0277817549967365,2.156272378107447,0
2016-08-19 11:05:00,9.473049183423285,0.7869857581149029,0.02850605290028612,2.8850517839364116,0
2016-08-19 11:10:00,9.407524975562797,0.7837444553295823,0.028129757024138773,2.8850517839364116,0
2016-08-19 11:15:00,9.982979393918189,0.7964839770236686,0.03257536186824779,2.459009361085358,0
2016-08-19 11:20:00,10.274225420016357,0.809615429420529,0.03565034407252362,2.459009361085358,0
2016-08-19 11:25:00,11.259909076800632,0.8143256934357498,0.035551344289765745,5.70229529188432,0
2016-08-19 11:30:00,12.81978865428206,0.8405152793702251,0.03787134111582528,7.271787500128478,0
2016-08-19 11:35:00,11.721521821224595,0.8370696680091906,0.04032796969402937,7.271787500128478,0
2016-08-19 11:40:00,9.957727374746657,0.8085994554648368,0.036170333579180515,4.298489103726493,0
2016-08-19 11:45:00,9.359888583111797,0.7813110770154257,0.028748519655828954,4.298489103726493,0
2016-08-19 11:50:00,9.215040879318778,0.7765109560984356,0.028571136952003483,2.480788391688266,0
2016-08-19 11:55:00,9.10120482678747,0.7704076886646551,0.02855528443764486,3.1266428900502703,0
2016-08-19 12:00:00,8.989573972697292,0.748356715640486,0.026575139998645532,3.1266428900502703,0
2016-08-19 12:05:00,9.550516129764016,0.7771897200249012,0.03141631221906906,3.9602909680940286,0
2016-08-19 12:10:00,9.767840144923436,0.8077258225203918,0.035167108613908905,3.9602909680940286,0
2016-08-19 12:15:00,9.650126599895675,0.8098561694203408,0.03420131259438294,4.113196483360607,0
2016-08-19 12:20:00,9.487133439437269,0.7984243263485854,0.03226623952685258,4.113196483360607,0
2016-08-19 12:25:00,9.337228047748354,0.7939917035194721,0.03139603010035423,1.3324139303353613,0
2016-08-19 12:30:00,9.74516275511262,0.8141145651214245,0.036945550875845834,4.3849169334290625,0
2016-08-19 12:35:00,9.550523827539324,0.7950327453965346,0.0343293473098718,4.3849169334290625,0
2016-08-19 12:40:00,9.201551039691202,0.7741962358048204,0.028425734549136605,2.1772756692806676,0
2016-08-19 12:45:00,9.352299605326314,0.782183878267662,0.030010297945067533,2.1772756692806676,0
2016-08-19 12:50:00,9.173351478466227,0.7994175315075591,0.034001516160842224,3.8036149296298296,0
2016-08-19 12:55:00,9.157698414756947,0.7821249664081616,0.031451967684642854,3.8036149296298296,0
2016-08-19 13:00:00,9.38762501604747,0.7711929331126307,0.028558305339409486,2.636052024067547,0
2016-08-19 13:05:00,9.462292284328408,0.7805569273528963,0.02950747772097992,2.636052024067547,0
2016-08-19 13:10:00,9.420931164810657,0.7780734966518821,0.02938000658465153,3.266089404408485,0
2016-08-19 13:15:00,9.837574219432266,0.80711207212474,0.036282679878881834,6.851868333127841,0
2016-08-19 13:20:00,9.861831748817833,0.8082723545920502,0.0363422379944303,6.851868333127841,0
2016-08-19 13:25:00,9.615614411360424,0.8043666320924168,0.032814619271451885,2.652897827265721,0
2016-08-19 13:30:00,9.751653789296629,0.8146085728860586,0.0347991997598873,2.652897827265721,0
2016-08-19 13:35:00,9.88656998436208,0.8169492817685031,0.035777606042237384,2.6705241584268387,0
2016-08-19 13:40:00,9.846802517540215,0.8150256660619775,0.034936391342418695,3.399242098781321,0
2016-08-19 13:45:00,9.43040563984383,0.796294252540444,0.032297410874229125,3.399242098781321,0
2016-08-19 13:50:00,9.400063612545647,0.8097136718853524,0.03428140715386323,2.2841886556236566,0
2016-08-19 13:55:00,10.640941277264151,0.8324898367537333,0.046236309192631955,18.519593465802515,0
2016-08-19 14:00:00,10.389932006993629,0.8166622535586368,0.04426905724753634,18.519593465802515,0
2016-08-19 14:05:00,9.27292834660772,0.8001471548661183,0.03304483434778024,17.76606580465793,0
2016-08-19 14:10:00,9.726310032371476,0.8136006142124668,0.03518733338813889,4.282329564533637,0
2016-08-19 14:15:00,9.867278870990702,0.8202629044384718,0.03527483082226786,4.282329564533637,0
2016-08-19 14:20:00,9.747455952050757,0.814859894548754,0.032858135633680806,2.255622987783863,0
2016-08-19 14:25:00,9.792022888327896,0.8006213294928728,0.031734279205640196,2.255622987783863,0
2016-08-19 14:30:00,9.874469667739493,0.7858300993045495,0.030510847169625432,1.8893536380820228,0
2016-08-19 14:35:00,10.389553734040867,0.781158575926568,0.02984164070786895,2.782443687123609,0
2016-08-19 14:40:00,10.698793178490115,0.7834110865094135,0.02921202764400719,2.782443687123609,0
2016-08-19 14:45:00,10.109135034354034,0.7775110927682954,0.02875657354367676,1.7850039237090622,0
2016-08-19 14:50:00,10.215843903154262,0.7724568822469707,0.02846164563899532,3.2520667265153946,0
2016-08-19 14:55:00,10.643809177047348,0.7830634767051086,0.029104773969733246,3.2520667265153946,0
2016-08-19 15:00:00,10.161819426425435,0.7901165702633703,0.0314453490330726,1.2675914686959884,0
2016-08-19 15:05:00,9.61888653095647,0.7770240706711624,0.02984174576470583,2.0037087306592456,0
2016-08-19 15:10:00,9.438077699255663,0.7690918787985179,0.027647716958745117,2.0037087306592456,0
2016-08-19 15:15:00,10.5935453198454,0.8019213990513929,0.04281145507781386,22.901698760263024,0
2016-08-19 15:20:00,10.554961489988768,0.8060221314371361,0.04323905464838244,22.901698760263024,0
2016-08-19 15:25:00,9.314060960653102,0.7808700113526366,0.02902484435370754,1.628691427270236,0
2016-08-19 15:30:00,8.964504963541618,0.7889629464916283,0.030808542391494814,1.628691427270236,0
2016-08-19 15:35:00,8.85259259151856,0.7873004345591229,0.030366920489778525,1.77416524039283,0
2016-08-19 15:40:00,9.292458761281477,0.7842046982670527,0.029136400993513056,3.566272209069395,0
2016-08-19 15:45:00,9.852821635363611,0.8273523287977211,0.03722611445487396,4.394415539935471,0
2016-08-19 15:50:00,10.187280592161617,0.8240840721282369,0.037820668381862634,4.394415539935471,0
2016-08-19 15:55:00,9.878040591713615,0.7872788919508362,0.030640616573196798,2.3513907335272988,0
2016-08-19 16:00:00,9.179964493427981,0.7978438278239729,0.032628912779052256,2.9986598243858698,0
2016-08-19 16:05:00,8.837983947478339,0.8038688714572745,0.033904407115184214,2.9986598243858698,0
2016-08-19 16:10:00,9.202896109501836,0.8168591355208593,0.036326631955069244,1.2458485146423453,0
2016-08-19 16:15:00,9.75254592623605,0.8185173064778799,0.03613265040058959,1.7136402783652656,0
2016-08-19 16:20:00,10.021733036260125,0.8202733338078354,0.03536903815758724,2.494277583795291,0
2016-08-19 16:25:00,10.395253979394056,0.8497634669576541,0.04146046940350091,4.5530501582058625,0
2016-08-19 16:30:00,9.877985099289514,0.8265143185477956,0.03719408199556534,4.5530501582058625,0
2016-08-19 16:35:00,9.093050208036637,0.7885111727705851,0.029803193136962437,2.570249814354741,0
2016-08-19 16:40:00,9.21179525791922,0.7840659861026007,0.029313381218494316,1.8065264202306721,0
2016-08-19 16:45:00,8.890862397048565,0.7891144204266978,0.03030894710634067,1.8065264202306721,0
2016-08-19 16:50:00,8.773382556090237,0.7876171685225599,0.030603809609488657,1.4625991332530617,0
2016-08-19 16:55:00,8.892999834320522,0.7831862904050428,0.030180775399941462,1.7847979947197328,0
2016-08-19 17:00:00,8.74594231113253,0.7832016970892491,0.030314769844570523,1.7847979947197328,0
2016-08-19 17:05:00,8.67122455107947,0.7916893210564153,0.03131669150522233,1.8540867513308803,0
2016-08-19 17:10:00,8.600034734201989,0.7939835446439445,0.031775003460883994,1.8540867513308803,0
2016-08-19 17:15:00,8.523021110838151,0.7834422794925543,0.03026179050169144,1.8077574815665758,0
2016-08-19 17:20:00,8.623210693395006,0.7876042099777435,0.030866032119907356,1.7663090609633745,0
2016-08-19 17:25:00,8.931355643823958,0.7943224000708046,0.032084769277991476,2.7450234424357642,0
2016-08-19 17:30:00,8.841134912753146,0.7772954808988575,0.028760047151971592,2.7450234424357642,0
2016-08-19 17:35:00,8.772833495129298,0.7635489743570358,0.02707843478388431,1.801588684166963,0
2016-08-19 17:40:00,9.459699446568594,0.8155853829675157,0.038384115817877915,2.2903594540513086,0
2016-08-19 17:45:00,9.593238679125559,0.8400147923694458,0.04185806572802131,2.510236175536603,0
2016-08-19 17:50:00,8.901783466868958,0.800721050290691,0.032764334303105595,2.510236175536603,0
2016-08-19 17:55:00,8.927064031225536,0.7868933334845053,0.03059234705025987,2.596095528666627,0
2016-08-19 18:00:00,9.223427521438705,0.7801406803463448,0.029948721837204602,2.596095528666627,0
2016-08-19 18:05:00,9.089873035858144,0.7821816938031683,0.02976772672082862,2.6245389456258317,0
2016-08-19 18:10:00,8.806658844180582,0.7915063463220847,0.03099521073489493,2.6245389456258317,0
2016-08-19 18:15:00,9.024851251948935,0.7903847078076465,0.03081294426871837,2.5554164970238555,0
2016-08-19 18:20:00,9.6964281800141,0.8015131755467024,0.03260340290102741,2.6007691713089387,0
2016-08-19 18:25:00,10.03553284340072,0.8040272551123335,0.0338705306978239,2.6007691713089387,0
2016-08-19 18:30:00,9.92669974068613,0.7874681846384891,0.030573697770292667,2.289753906678138,0
2016-08-19 18:35:00,10.122120583040168,0.8050612161193952,0.03369486014084728,2.7279552764290242,0
2016-08-19 18:40:00,10.153137030136248,0.8136795458259138,0.036546749428157645,6.117633805517682,0
2016-08-19 18:45:00,9.599312167418564,0.7890786821523273,0.031173398298717882,6.117633805517682,0
2016-08-19 18:50:00,9.157715770721477,0.7722464365753846,0.02705973452037317,2.0245193455272967,0
2016-08-19 18:55:00,9.374295255357776,0.7895632476353565,0.031276866234926724,2.7053688691600706,0
2016-08-19 19:00:00,9.92511616651689,0.8032225159956592,0.034857302311336054,2.7053688691600706,0
2016-08-19 19:05:00,10.028271864266134,0.7916359737567149,0.03168769114545985,2.0766932652429424,0
2016-08-19 19:10:00,9.892316454564902,0.7925922235593195,0.03112312195471321,3.2525383690655447,0
2016-08-19 19:15:00,9.89541809384044,0.8014575063700713,0.033726064822693504,3.2525383690655447,0
2016-08-19 19:20:00,9.870627223870377,0.8212033669598784,0.03757008414271471,1.9426976788656396,0
2016-08-19 19:25:00,9.90133257237825,0.8113926374038047,0.034864479319470995,1.0365162099613863,0
2016-08-19 19:30:00,10.230874314635528,0.8020235546137437,0.033183257093009746,1.6766809325897187,0
2016-08-19 19:35:00,10.63865646509327,0.8274918967175907,0.03853368896536721,2.8700620013148597,0
2016-08-19 19:40:00,10.597368709470759,0.8402758533199267,0.04102206376848853,2.8700620013148597,0
2016-08-19 19:45:00,10.134231529106126,0.8113274521130163,0.03544654241225667,2.346900568734842,0
2016-08-19 19:50:00,9.929864955004831,0.7873349256245488,0.030052903341540243,2.729535307767738,0
2016-08-19 19:55:00,10.049986673904337,0.7881224572238817,0.028921986991438962,2.729535307767738,0
2016-08-19 20:00:00,10.170840546680605,0.8008669943929101,0.031027252097492568,1.4784788275517222,0
2016-08-19 20:05:00,9.814123618521986,0.8108507827192788,0.03313072026164309,1.3578175914600512,0
2016-08-19 20:10:00,10.784468043842677,0.849570424572635,0.045821848873362894,5.971837729439262,0
2016-08-19 20:15:00,12.31393110771636,0.9110062637633467,0.06196114125372308,5.971837729439262,0
2016-08-19 20:20:00,12.489138078514724,0.9118494330822852,0.05863226174640723,2.144624686850128,0
2016-08-19 20:25:00,11.729068101889524,0.8681213291676053,0.04521224210573743,4.337700559704542,0
2016-08-19 20:30:00,10.462389129639359,0.8347272841243384,0.03678893893459037,4.337700559704542,0
2016-08-19 20:35:00,10.03919000386379,0.8248057567660447,0.03536153097859368,1.3662419932188945,0
2016-08-19 20:40:00,10.5936559461915,0.8401571017540954,0.03916014516329051,1.7240206167725158,0
2016-08-19 20:45:00,11.087522833127151,0.8380373599570612,0.03942447618670007,4.84461208011782,0
2016-08-19 20:50:00,11.399567979577707,0.833462255809293,0.03845815322108831,4.84461208011782,0
2016-08-19 20:55:00,11.249667692322527,0.8375851538724075,0.0390547381159589,2.6805840994379206,0
2016-08-19 21:00:00,10.26861937569068,0.8058531527112742,0.03251772411980407,3.3472071563393633,0
2016-08-19 21:05:00,10.204005984631605,0.8222028761603513,0.04008015693226951,6.266348586944797,0
2016-08-19 21:10:00,11.022157842700471,0.8515878335824556,0.046877307555301145,6.266348586944797,0
2016-08-19 21:15:00,11.036499689186032,0.8345534198588865,0.03923594354174058,2.704876178163891,0
2016-08-19 21:20:00,10.478104018354099,0.8072602519928195,0.03328520530604599,1.5694135915422829,0
2016-08-19 21:25:00,10.236170088361648,0.8081649539510636,0.033817912723651075,1.5694135915422829,0
2016-08-19 21:30:00,10.466425947460982,0.8325084345618963,0.0376940022909334,2.2755471037027095,0
2016-08-19 21:35:00,10.613135351437956,0.8292187845029688,0.03575657247399401,2.3200004267344974,0
2016-08-19 21:40:00,11.147433787996208,0.8464709147131316,0.03891303538457215,2.381837503506903,0
2016-08-19 21:45:00,11.317223791365178,0.8439177335848358,0.039179208545708104,2.381837503506903,0
2016-08-19 21:50:00,10.623714432516712,0.8042938171466798,0.0322234910319454,1.9539557964162437,0
2016-08-19 21:55:00,10.472716657214312,0.7935974743390003,0.03058206590829276,1.9493508380745639,0
2016-08-19 22:00:00,10.603373520487171,0.8010111599032897,0.031150058533093983,4.021991424376153,0
2016-08-19 22:05:00,10.92830390746057,0.8041399651117906,0.030986813266992153,4.021991424376153,0
2016-08-19 22:10:00,11.462662738713798,0.8022018822689218,0.03144649516210057,2.790026003191183,0
2016-08-19 22:15:00,11.216531985329565,0.8111443605853642,0.03344624406219836,3.380795043870523,0
2016-08-19 22:20:00,10.578974935627729,0.8185134068362134,0.03465149438628058,3.380795043870523,0
2016-08-19 22:25:00,11.164296123952951,0.824794964629116,0.036671109946767796,5.94977976981731,0
2016-08-19 22:30:00,12.150452693450976,0.8692018802160056,0.04750033191922476,5.94977976981731,0
2016-08-19 22:35:00,11.25443271821709,0.8665627728222116,0.04698444306854559,1.934889076444428,0
2016-08-19 22:40:00,10.273954883635566,0.8075122904870035,0.034143674700540486,2.535676196860168,0
2016-08-19 22:45:00,10.608055271727135,0.7989795540263923,0.03182285692666948,2.535676196860168,0
2016-08-19 22:50:00,11.29285243345668,0.8199970593887994,0.03452866592763529,2.4126889414662123,0
2016-08-19 22:55:00,11.209055211714851,0.8239077855901581,0.03683604562836585,3.9728998426579536,0
2016-08-19 23:00:00,10.33993909613866,0.8007566651172848,0.03367628071152636,3.9728998426579536,0
2016-08-19 23:05:00,10.16373434002841,0.7887933258954523,0.030481698974419796,2.390591790508861,0
2016-08-19 23:10:00,10.518507256036745,0.7879474122595611,0.03021169412959864,1.5244673387282588,0
2016-08-19 23:15:00,10.538381896097276,0.779611874388748,0.028998834554837778,3.5231276355581906,0
2016-08-19 23:20:00,10.66543336505762,0.7882491225996161,0.03010702842148913,3.5231276355581906,0
2016-08-19 23:25:00,11.082740639112764,0.8153778544747188,0.034583664838865776,2.7230798861169863,0
2016-08-19 23:30:00,11.473671465083411,0.8082552420774776,0.03315010510431428,1.8578901816767388,0
2016-08-19 23:35:00,12.37583639192216,0.7955388125148196,0.03045145103638174,2.704541341871266,0
2016-08-19 23:40:00,12.495000058601253,0.7875095184145782,0.029814155879361186,2.704541341871266,0
2016-08-19 23:45:00,12.323899049185872,0.7844213372352076,0.030687243141460208,4.645952363759704,0
2016-08-19 23:50:00,12.963250898352367,0.8094915110230758,0.03548566194672117,4.645952363759704,0
2016-08-19 23:55:00,12.979797406109082,0.8076908930209403,0.03497941587983294,2.6933181432719646,0
2016-08-20 00:00:00,12.46481352412681,0.8184191702977758,0.03745866417652517,3.137719791459657,0
2016-08-20 00:05:00,12.225882552008553,0.8219847557983092,0.03872052992492954,5.1375103789080105,0
2016-08-20 00:10:00,11.964429343682161,0.7967146993027496,0.034747625453209474,5.1375103789080105,0
2016-08-20 00:15:00,11.7991826521256,0.7811836530870286,0.03176930797582216,2.8338243479192,0
2016-08-20 00:20:00,11.528891923882574,0.7885753078847618,0.032478758674808636,2.832793752905002,0
2016-08-20 00:25:00,11.083971527570494,0.7888374537782916,0.03250032126708691,2.759951326181925,0
2016-08-20 00:30:00,11.424498696175364,0.7968838946102222,0.03336178806242194,2.759951326181925,0
2016-08-20 00:35:00,12.006054474537397,0.8033695578388308,0.03405286543175837,2.25194809748525,0
2016-08-20 00:40:00,11.840932493376723,0.7840788311632465,0.031230857742197294,2.1086642939586624,0
2016-08-20 00:45:00,11.390837212613361,0.7970869009649924,0.03331329662013436,2.7139842142855213,0
2016-08-20 00:50:00,12.572772625181255,0.8285528699447801,0.039269656526254096,7.841492483303832,0
2016-08-20 00:55:00,13.177698732484401,0.8290290199001856,0.03974665716184657,7.841492483303832,0
2016-08-20 01:00:00,11.973042273354778,0.7998636325828369,0.03418560899209895,4.86555984133183,0
2016-08-20 01:05:00,12.03447443496441,0.7873137118438654,0.03195732512661094,4.86555984133183,0
2016-08-20 01:10:00,12.252541607778527,0.7678572472681418,0.0288202531794151,3.1205298018397185,0
2016-08-20 01:15:00,11.821200035823662,0.750074238867755,0.02580090304338576,1.7231633425110462,0
2016-08-20 01:20:00,11.692336884004146,0.7505793413986542,0.02533377255630307,1.6072933550834871,0
2016-08-20 01:25:00,12.171583923715357,0.7858583236414376,0.031108887246409138,3.2608011070732066,0
2016-08-20 01:30:00,12.554281217140211,0.7977624921051132,0.0330272424306704,3.2608011070732066,0
2016-08-20 01:35:00,12.495401590379718,0.7696879993677814,0.028024456144760606,2.8909115874433295,0
2016-08-20 01:40:00,12.784192926540516,0.7618975165797858,0.026918555738699185,1.6721903925054658,0
2016-08-20 01:45:00,12.959485009818863,0.7614365618080197,0.027657879271094178,1.4758784959307016,0
2016-08-20 01:50:00,13.386613088396533,0.7801509756902438,0.034334741782674635,6.765835180764902,0
2016-08-20 01:55:00,13.105870478817582,0.7943491064275567,0.03620221453238605,6.765835180764902,0
2016-08-20 02:00:00,12.337310972503307,0.7788412414817569,0.02999400616178848,3.188459685962583,0
2016-08-20 02:05:00,12.343372456480024,0.7500633377600726,0.025576877932602233,3.188459685962583,0
2016-08-20 02:10:00,12.833312531380647,0.7408489302924979,0.02359721735136227,2.707211807165684,0
2016-08-20 02:15:00,13.04270146305106,0.7657454133853713,0.028576574183107144,4.1755941401692365,0
2016-08-20 02:20:00,12.362690393470393,0.7551467478181226,0.02877482875940019,4.1755941401692365,0
2016-08-20 02:25:00,12.12001356984086,0.7238886039728347,0.022910464319405233,2.5390401399818345,0
2016-08-20 02:30:00,13.035327764833614,0.7751762222685485,0.0318324792295509,2.1764735807803115,0
2016-08-20 02:35:00,14.009826850266062,0.8084782012434001,0.03685361353977493,2.812779693543106,0
2016-08-20 02:40:00,13.814436337977583,0.7714858927905067,0.02875840958567108,2.812779693543106,0
2016-08-20 02:45:00,13.403342623212941,0.7599140411707903,0.026881462879572604,3.7117449259346675,0
2016-08-20 02:50:00,13.915426002550504,0.7726092001303626,0.02918390767812431,3.7117449259346675,0
2016-08-20 02:55:00,13.92899979011644,0.759861968036192,0.027409054296924907,2.8029291483710583,0
2016-08-20 03:00:00,13.204704026859526,0.7457929649751021,0.02615668248875478,2.8029291483710583,0
2016-08-20 03:05:00,13.446846417415676,0.7499143857977331,0.02623794215905423,3.1025398740569683,0
2016-08-20 03:10:00,14.084562323199359,0.7464986225590938,0.02379081880214613,3.1025398740569683,0
2016-08-20 03:15:00,14.371489286980434,0.7441501722817407,0.02314547511107402,1.9918884859708759,0
2016-08-20 03:20:00,13.979240946270437,0.740441314086886,0.023309246115738955,2.4403487289105317,0
2016-08-20 03:25:00,13.786792783905122,0.7480914018689966,0.024575009365060425,2.595395382116019,0
2016-08-20 03:30:00,13.903505671043664,0.7758830862754921,0.02878385267585396,2.904006297823696,0
2016-08-20 03:35:00,13.945854324798276,0.8078249717397664,0.03531650813045863,2.904006297823696,0
2016-08-20 03:40:00,14.290605597279505,0.8006972966430994,0.03468628068813043,2.2325388604231304,0
2016-08-20 03:45:00,15.173462206333799,0.7912429159824768,0.03274986074113403,3.3274415021765678,0
2016-08-20 03:50:00,16.97346291030716,0.8050588798422115,0.039692611028416806,18.64158006766077,0
2016-08-20 03:55:00,16.52444972557194,0.7935888058054724,0.03708427370516833,18.64158006766077,0
2016-08-20 04:00:00,14.34178263780193,0.769078131123489,0.02832198659436121,5.011108139780984,0
2016-08-20 04:05:00,13.665199070784045,0.7488432410040211,0.025246073353158677,5.011108139780984,0
2016-08-20 04:10:00,14.10047339150027,0.75099155945902,0.024699193971959,5.137236462931557,0
2016-08-20 04:15:00,14.767285344670839,0.7563168082379035,0.024538163916706657,5.137236462931557,0
2016-08-20 04:20:00,14.795029467792101,0.748208971580713,0.023258506344415265,2.673122409453451,0
2016-08-20 04:25:00,14.180380251572595,0.7470909772153549,0.02418147075537807,1.296822390897492,0
2016-08-20 04:30:00,14.049674444184882,0.7475359774588145,0.025018169419245236,2.266050379915244,0
2016-08-20 04:35:00,14.992634012637073,0.7534076009105106,0.027004369877600427,2.324047893915267,0
2016-08-20 04:40:00,15.386386447328068,0.755099136489531,0.02672183014715873,2.324047893915267,0
2016-08-20 04:45:00,14.631275146187628,0.7498474523650228,0.024554036347022783,2.1993860259407305,0
2016-08-20 04:50:00,14.823214063189178,0.7558959750594041,0.025996594003636835,3.304207330820613,0
2016-08-20 04:55:00,15.746395442674196,0.7660056376943253,0.028667748829602352,4.296451543574448,0
2016-08-20 05:00:00,15.111175020387938,0.7671150641201483,0.029916733804259975,4.5045694635636515,0
2016-08-20 05:05:00,14.223188428513364,0.761712232146481,0.027774901779142637,4.5045694635636515,0
2016-08-20 05:10:00,14.412801956342378,0.7473373295087034,0.02410100589366822,1.5390295400847127,0
2016-08-20 05:15:00,14.832620738268588,0.7446051227339047,0.023205957594953898,3.410184560036955,0
2016-08-20 05:20:00,15.222999576514379,0.7380047430274708,0.022993712677049548,3.410184560036955,0
2016-08-20 05:25:00,14.737281690674147,0.722017157390656,0.021661314302848733,2.902017206024455,0
2016-08-20 05:30:00,14.269456355320383,0.7304460233001697,0.022602430707777968,2.2475498818052326,0
2016-08-20 05:35:00,14.762773196696767,0.7481671903976782,0.02485278710707581,2.132851701552957,0
2016-08-20 05:40:00,15.070750268676324,0.7532111328467548,0.02465901676490859,1.6623621792297303,0
2016-08-20 05:45:00,15.022674386151156,0.7504814737289128,0.023876486521050195,1.866782077437209,0
2016-08-20 05:50:00,15.20433462925944,0.7524384648266698,0.024066676437491562,2.412146891719339,0
2016-08-20 05:55:00,14.925843811070388,0.7733408129251923,0.02823339816637226,2.412146891719339,0
2016-08-20 06:00:00,14.250026019662112,0.763468024664516,0.02742516020939505,3.132968918419786,0
2016-08-20 06:05:00,13.937844396690537,0.7438717351292254,0.024194473060878775,3.132968918419786,0
2016-08-20 06:10:00,13.998863583846042,0.747978980680705,0.024988429232901496,4.557799769853649,0
2016-08-20 06:15:00,14.964095361497655,0.8025419232395106,0.03648734271495402,4.557799769853649,0
2016-08-20 06:20:00,16.952407255946394,0.896077711768975,0.05673634352680729,3.194547087103549,0
2016-08-20 06:25:00,17.537765420827483,0.9354424328185867,0.06550243284513094,3.655066784744231,0
2016-08-20 06:30:00,17.086739017730288,0.9381960776898908,0.06544181132294716,3.655066784744231,0
2016-08-20 06:35:00,16.279487803306882,0.8682577014085764,0.05028607667360415,3.7659752332591743,0
2016-08-20 06:40:00,14.43999113953026,0.7626139651196164,0.029270106332697204,3.7659752332591743,0
2016-08-20 06:45:00,13.505662413959058,0.7325739635183439,0.02360645716935472,2.2255367177410332,0
2016-08-20 06:50:00,13.355436516022163,0.7270138758325112,0.02255306349139693,0.5979007183054029,0
2016-08-20 06:55:00,13.215485695895875,0.7188494558606744,0.02150010674093236,1.1747420898469276,0
2016-08-20 07:00:00,13.653144592581004,0.7671573165298619,0.03184433767525917,10.738994552432008,0
2016-08-20 07:05:00,13.70878299643346,0.7814491582478349,0.034112562509760885,10.738994552432008,0
2016-08-20 07:10:00,13.96847485126708,0.7469879827046856,0.02715177299796693,2.0208053944492845,0
2016-08-20 07:15:00,14.561766922773106,0.7531988766539828,0.028155531048772088,2.7999447268079094,0
2016-08-20 07:20:00,14.351626673409735,0.7436536016654413,0.026498441461491253,2.7999447268079094,0
2016-08-20 07:25:00,13.993165837368533,0.7240273889420167,0.024405409362553122,2.4340254823458647,0
2016-08-20 07:30:00,13.520499032275747,0.7526518871609698,0.0287079842337077,4.220316313570218,0
2016-08-20 07:35:00,13.055140611661148,0.7722314059381709,0.030671682874896307,4.220316313570218,0
2016-08-20 07:40:00,13.5650611198751,0.7840044376626867,0.03253753636446564,3.858138657851137,0
2016-08-20 07:45:00,13.875809476485193,0.7797550907466148,0.03223707655896328,3.858138657851137,0
2016-08-20 07:50:00,13.315204553706508,0.7507878620002539,0.027300002050285176,3.363072259238398,0
2016-08-20 07:55:00,13.487699686872592,0.7733435998245486,0.030790648474284955,3.363072259238398,0
2016-08-20 08:00:00,13.146273484901418,0.7740363396789676,0.031120747228861063,2.965710813621236,0
2016-08-20 08:05:00,13.451464414027829,0.7693239497152393,0.03491581708380721,16.684214245024194,0
2016-08-20 08:10:00,14.154783836310713,0.771643986974788,0.0351535457404553,16.684214245024194,0
2016-08-20 08:15:00,14.142460587198808,0.7515852890784805,0.025860681492048045,2.670733611723249,0
2016-08-20 08:20:00,14.175633716224851,0.7519197754853343,0.02449273712794522,1.361036996869958,0
2016-08-20 08:25:00,14.461202561029111,0.763087926351914,0.02740532606651803,1.9690432670274116,0
2016-08-20 08:30:00,13.960302752721754,0.7524585681372044,0.026342044275507553,2.624641278429859,0
2016-08-20 08:35:00,13.271741967351115,0.7418053399054748,0.02410200707897292,2.769508629039889,0
2016-08-20 08:40:00,13.59308908307438,0.7547246445710958,0.026617208800228543,2.769508629039889,0
2016-08-20 08:45:00,13.446132325465138,0.7547343697683222,0.026928013729739568,1.5380011397475715,0
2016-08-20 08:50:00,13.404971439376089,0.7630673353734457,0.028293974641199753,2.6546181894733936,0
2016-08-20 08:55:00,13.071607306289044,0.7571850641750699,0.027238061788823913,2.6546181894733936,0
2016-08-20 09:00:00,12.274280900540145,0.7951616666246022,0.033775944233060635,3.6669612134735883,0
2016-08-20 09:05:00,11.740519819261571,0.8240451728192386,0.038791406055124475,3.6669612134735883,0
2016-08-20 09:10:00,11.675922878185267,0.8000583419438608,0.03459433309667449,2.665089907934111,0
2016-08-20 09:15:00,11.224759400291836,0.7821835447342312,0.03211878650505672,1.9700617724362863,0
2016-08-20 09:20:00,10.176298009006516,0.7587209981295994,0.028803683030575244,1.9531488123776517,0
2016-08-20 09:25:00,9.709773494212989,0.7792559908490192,0.032515712389976734,2.9213681683823824,0
2016-08-20 09:30:00,9.482080334153789,0.7994974297581365,0.03529181484675923,2.9213681683823824,0
2016-08-20 09:35:00,9.165059634663892,0.7727091858548144,0.030533414197956615,2.0490658767238488,0
2016-08-20 09:40:00,9.097552377764472,0.7484104794282476,0.02643994380889945,2.0490658767238488,0
2016-08-20 09:45:00,9.284766646596081,0.7605806450942156,0.02861387460724597,3.0200948403883947,0
2016-08-20 09:50:00,9.348928446993037,0.7569141116653835,0.028609892950978606,3.0200948403883947,0
2016-08-20 09:55:00,9.355936320564078,0.7397729295878485,0.025602186406540262,2.225361005710008,0
2016-08-20 10:00:00,10.068433294380217,0.7825599783543099,0.03084219913846743,2.7080271314580764,0
2016-08-20 10:05:00,10.048526577897224,0.8215562258911409,0.03712321623567271,2.7080271314580764,0
2016-08-20 10:10:00,9.533000191135729,0.8230299333121739,0.03866089272968885,1.1946102236061629,0
2016-08-20 10:15:00,9.702733780931018,0.8180437746826612,0.037738189826129656,5.732293487358789,0
2016-08-20 10:20:00,10.382360635404993,0.8267147288309145,0.03846751477713718,6.589435081538074,0
2016-08-20 10:25:00,10.60915150077219,0.8263116373099535,0.037671115325399254,6.589435081538074,0
2016-08-20 10:30:00,10.204981477432682,0.8066566253920144,0.03477413727012864,1.27085670927528,0
2016-08-20 10:35:00,10.209191926263653,0.7959694907149634,0.03308311650114343,2.15640475181435,0
2016-08-20 10:40:00,10.205795951844195,0.7847194357471191,0.03037827015578017,2.806825864264046,0
2016-08-20 10:45:00,10.331136032668791,0.7792526793275281,0.028733361799243424,2.806825864264046,0
2016-08-20 10:50:00,10.631329521766405,0.7825439716306792,0.028945639290088455,1.3819918773120539,0
2016-08-20 10:55:00,10.586106235947835,0.7901365187554648,0.030251470180654112,1.627620103240615,0
2016-08-20 11:00:00,9.942845341583261,0.7929865516229565,0.030743783944915098,2.3566836420464523,0
2016-08-20 11:05:00,9.966285587359268,0.7992574654811128,0.031537730749486105,3.0297588071621626,0
2016-08-20 11:10:00,10.70225047598255,0.8099860535549706,0.033403767528456814,3.0297588071621626,0
2016-08-20 11:15:00,10.839361665741094,0.8057074394841248,0.03284779463929355,3.2103734095602547,0
2016-08-20 11:20:00,10.55883526855069,0.789139393950689,0.029831382731401956,3.2103734095602547,0
2016-08-20 11:25:00,11.02147904594529,0.8054186117119766,0.03271156507789654,2.4779551174230203,0
2016-08-20 11:30:00,10.942926005677753,0.8191357579289592,0.03430984002832922,2.42578795012494,0
2016-08-20 11:35:00,10.801717381555564,0.8048213061125127,0.03163892470588958,1.7792699065765116,0
2016-08-20 11:40:00,11.014018507772017,0.800875469304045,0.031842682885030726,1.3817998238805267,0
2016-08-20 11:45:00,10.788200333885204,0.8101958608009754,0.03332947490965512,1.6151666058475986,0
2016-08-20 11:50:00,10.950494116301602,0.8243154387418665,0.03567278234653319,3.3136315023902503,0
2016-08-20 11:55:00,10.855519351560147,0.81439542431173,0.03372480011561794,3.3136315023902503,0
2016-08-20 12:00:00,10.273985587774515,0.8063134460042702,0.032475338793459096,3.0279939038912733,0
2016-08-20 12:05:00,10.033342995047175,0.8142503879785219,0.03322351249265845,3.0279939038912733,0
2016-08-20 12:10:00,10.767398130035653,0.8481880494415118,0.041606221964703316,2.6254363562288625,0
2016-08-20 12:15:00,11.100471699696346,0.8539313718432385,0.04365747471647644,2.6254363562288625,0
2016-08-20 12:20:00,11.396369309287781,0.8158124645319909,0.033490874820417904,2.3810329536584747,0
2016-08-20 12:25:00,11.462971222034358,0.8274088672076456,0.037418185373642374,3.0980132067744206,0
2016-08-20 12:30:00,10.437860887118742,0.8187774837032484,0.037141363225533505,3.0980132067744206,0
2016-08-20 12:35:00,10.125277887063213,0.8103282850472602,0.03439743169778996,2.6465503836414443,0
2016-08-20 12:40:00,10.333159878309866,0.8253965369682176,0.03652436259872942,2.2618261446241488,0
2016-08-20 12:45:00,10.79251510476664,0.841808959974834,0.03995913622496289,3.6996766493429862,0
2016-08-20 12:50:00,11.109601251828177,0.8593863607610001,0.04421274130309189,3.6996766493429862,0
2016-08-20 12:55:00,10.87176433834402,0.828707300593565,0.03800765644922703,2.7969131160913614,0
2016-08-20 13:00:00,10.65268103888111,0.8230938548467321,0.03544952356503771,3.3976264588468115,0
2016-08-20 13:05:00,10.317278056179436,0.8205550533833474,0.0339219666374218,3.3976264588468115,0
2016-08-20 13:10:00,10.43741731232441,0.8063710240856795,0.03181085552069647,2.4775607875533545,0
2016-08-20 13:15:00,10.160889383248183,0.8005758144846272,0.03216212080073312,2.4775607875533545,0
2016-08-20 13:20:00,9.684935627865524,0.7724119271559876,0.029315137498912413,2.1941560349976266,0
2016-08-20 13:25:00,10.344272618008949,0.7729990079761635,0.028735111481899233,1.1748286465346718,0
2016-08-20 13:30:00,10.101503826476716,0.7847049568032249,0.029690272099893854,2.3660927696902507,0
2016-08-20 13:35:00,9.261344802475158,0.7804746182980404,0.030629789604214218,2.3660927696902507,0
2016-08-20 13:40:00,9.416226990455547,0.7861274050553716,0.03227054248705284,1.9140395960293337,0
2016-08-20 13:45:00,9.442101546020293,0.7776206025102006,0.03027776696902539,2.351335956091109,0
2016-08-20 13:50:00,9.255529034526772,0.7723291273578585,0.02921711942563953,2.351335956091109,0
2016-08-20 13:55:00,9.264671262262684,0.7692619565998022,0.028806319687378724,1.349548373952893,0
2016-08-20 14:00:00,9.054931190033953,0.7670396652919576,0.028575694097621666,1.7452503803283956,0
2016-08-20 14:05:00,9.095754552043047,0.7905029261202188,0.03273231413527729,2.751196759235483,0
2016-08-20 14:10:00,9.922198835693884,0.8071751888326691,0.03469806819246738,2.751196759235483,0
2016-08-20 14:15:00,9.979587478026298,0.7968014562435078,0.032225099778361806,1.9619468147014016,0
2016-08-20 14:20:00,10.169491941691192,0.7763736893111978,0.030213661406775384,4.773196695866808,0
2016-08-20 14:25:00,10.849935104459677,0.7718238973762204,0.029595073917777232,4.773196695866808,0
2016-08-20 14:30:00,10.943920717510098,0.7696790409008343,0.02729840018774512,4.145263524873008,0
2016-08-20 14:35:00,11.504401113945661,0.7898498502789464,0.031224169571510106,2.907854588849707,0
2016-08-20 14:40:00,11.459624563689129,0.7862098947981315,0.03123947026100225,3.132047148301371,0
2016-08-20 14:45:00,10.895182316451834,0.760321534225994,0.025764589388366222,3.132047148301371,0
2016-08-20 14:50:00,11.589236245639622,0.8100144433354552,0.03508079656909051,3.239581466354761,0
2016-08-20 14:55:00,12.394754505060645,0.8429384724888793,0.04105479833212615,3.239581466354761,0
2016-08-20 15:00:00,11.549515264306546,0.8036795206076105,0.03403511253407478,2.5147369209423256,0
2016-08-20 15:05:00,10.697597994188339,0.7628595043589314,0.02833986927906898,1.8515640049803528,0
2016-08-20 15:10:00,11.18966244473269,0.7709514386297904,0.030293068944113915,3.67828128382175,0
2016-08-20 15:15:00,11.453715914632046,0.7794196072703637,0.03073806068117769,3.67828128382175,0
2016-08-20 15:20:00,11.53751403557484,0.7821252276350992,0.02936864510330888,1.081000375931882,0
2016-08-20 15:25:00,11.973078011460117,0.8078260775342399,0.03304395963064767,3.660229906925253,0
2016-08-20 15:30:00,12.084131443404223,0.81539882297679,0.03468120315477,3.660229906925253,0
2016-08-20 15:35:00,12.153002617628129,0.8077382435346692,0.03345011969906966,2.84120775587044,0
2016-08-20 15:40:00,11.985543080703394,0.7847902443425857,0.030177355799689186,2.84120775587044,0
2016-08-20 15:45:00,12.092167185106987,0.7878628615877435,0.03263015009157251,5.734607618991145,0
2016-08-20 15:50:00,11.649602819016096,0.8012451798149911,0.03596595008263329,5.734607618991145,0
2016-08-20 15:55:00,9.974916203717777,0.7739767289885962,0.030442937020807602,2.882944017737582,0
2016-08-20 16:00:00,9.802622724353077,0.8051893616818431,0.035076776878983695,4.715269527386857,0
2016-08-20 16:05:00,9.691826589729196,0.8187058578768898,0.03732936289397788,4.715269527386857,0
2016-08-20 16:10:00,9.194672603607243,0.7839165197257919,0.030266665366764804,3.206213217491685,0
2016-08-20 16:15:00,9.482033906353406,0.8018326335434023,0.032704877098074986,2.745311148075382,0
2016-08-20 16:20:00,9.608430064668092,0.8038570714039752,0.03339954015968673,2.745311148075382,0
2016-08-20 16:25:00,10.21005529532815,0.8195384304245114,0.03615543046130389,1.5870210143542034,0
2016-08-20 16:30:00,10.280229504563598,0.8259982677084178,0.036422321347415784,1.413495943107113,0
2016-08-20 16:35:00,9.774960795985457,0.8044139003399904,0.032303804531214605,1.7736719158786345,0
2016-08-20 16:40:00,9.28207412829635,0.7943258763491798,0.03198897822759565,2.017630598408471,0
2016-08-20 16:45:00,8.66930010257764,0.7919099274679271,0.032915930241167395,2.017630598408471,0
2016-08-20 16:50:00,8.673651893835574,0.8011504745658787,0.03372385836716361,4.699189469959556,0
2016-08-20 16:55:00,8.737141170690702,0.788413950301757,0.030700133321195856,4.699189469959556,0
2016-08-20 17:00:00,9.157283663107387,0.7958030534534406,0.031385168619165474,1.5703867471819644,0
2016-08-20 17:05:00,9.872524163842423,0.8393368623562323,0.03934697978215051,2.295965350815231,0
2016-08-20 17:10:00,9.773697128481453,0.8369311079213668,0.03985165417207777,4.03583085107593,0
2016-08-20 17:15:00,9.577857113658496,0.8034118766959675,0.03297083873310512,4.03583085107593,0
2016-08-20 17:20:00,10.15341059314083,0.8251810999039291,0.03704656028509022,3.075527425789843,0
2016-08-20 17:25:00,10.544046389820618,0.8573682025527797,0.04221484509832794,3.075527425789843,0
2016-08-20 17:30:00,10.569114054331077,0.8582636710531951,0.042915533717446094,1.6209116330263327,0
2016-08-20 17:35:00,10.38224423470358,0.8709174492953872,0.04633528681183883,1.235100058051137,0
2016-08-20 17:40:00,10.79487247388624,0.8780968174018997,0.04716269688353646,4.753493742210744,0
2016-08-20 17:45:00,11.04253194680974,0.8800268918511427,0.04834161571071954,4.753493742210744,0
2016-08-20 17:50:00,10.98207318181877,0.8856434279315927,0.048791274023141415,3.5722773080044217,0
2016-08-20 17:55:00,11.206894331919244,0.877725264284592,0.04700864780454357,3.5722773080044217,0
2016-08-20 18:00:00,10.929434219727503,0.870374003893639,0.047011027161105556,2.184049336001248,0
2016-08-20 18:05:00,11.207387353370038,0.8721942767562371,0.0485750746842134,5.3747863848652235,0
2016-08-20 18:10:00,11.216346848406555,0.8692505273244969,0.04837671214583991,5.3747863848652235,0
2016-08-20 18:15:00,10.86040176738676,0.8669004628192721,0.04658974057431843,1.84627623289368,0
2016-08-20 18:20:00,11.080839116415163,0.8706783426415907,0.04656431041058228,1.9902395698058284,0
2016-08-20 18:25:00,11.279324910298097,0.8826855731606174,0.04732848512377211,1.9902395698058284,0
2016-08-20 18:30:00,11.159590924543291,0.8840860578657409,0.04679630030500873,1.7637415729211618,0
2016-08-20 18:35:00,10.707697314454009,0.8795715907131005,0.04821113235518604,1.3440724554248349,0
2016-08-20 18:40:00,10.097615988493711,0.8855895273570326,0.05104262352457691,1.3440724554248349,0
2016-08-20 18:45:00,10.3801650685692,0.8815999909122189,0.049247681561627496,5.222687934098078,0
2016-08-20 18:50:00,10.846879745396828,0.8749808510905072,0.04715173843657454,5.222687934098078,0
2016-08-20 18:55:00,10.678147362524495,0.87985378565739,0.04905493355814687,1.5533289640119463,0
2016-08-20 19:00:00,10.732149418317055,0.8833520633201982,0.049918580366970514,1.815036012894022,0
2016-08-20 19:05:00,11.02301618596819,0.886247356889751,0.05180801082268209,6.793485673576706,0
2016-08-20 19:10:00,10.762586551335406,0.8804927028437028,0.050807037752768645,6.793485673576706,0
2016-08-20 19:15:00,10.303008532764213,0.8662193191108732,0.04630047171108784,1.5588052357529338,0
2016-08-20 19:20:00,10.467959462762803,0.8571625423463368,0.043608447670025335,1.5781461079016554,0
2016-08-20 19:25:00,12.01451822112891,0.8714101813415154,0.055922296812372076,24.246635379099096,0
2016-08-20 19:30:00,11.935263567417397,0.8875279786122656,0.05920424566740675,24.246635379099096,0
2016-08-20 19:35:00,10.075983250908266,0.8831572851505138,0.048545724110823626,2.0215791769337508,0
2016-08-20 19:40:00,9.980016972215381,0.8759889457781393,0.047482711628911975,3.6369932685329283,0
2016-08-20 19:45:00,10.307660184526158,0.8689769608216356,0.046969170111026796,3.682048615947001,0
2016-08-20 19:50:00,10.573995572976976,0.8799535043687325,0.04908277492432836,3.682048615947001,0
2016-08-20 19:55:00,11.367875411011436,0.893914396146108,0.05140044413303964,4.685979912424194,0
2016-08-20 20:00:00,11.533610277124586,0.8875801898067209,0.049658959811353175,4.685979912424194,0
2016-08-20 20:05:00,11.425234589650053,0.8834209946142343,0.04785003634359196,3.7733662139779036,0
2016-08-20 20:10:00,11.267876865576307,0.8744869048683117,0.045564373914313845,3.7733662139779036,0
2016-08-20 20:15:00,10.72920197005504,0.85327879343821,0.04182461684355275,2.192246845359046,0
2016-08-20 20:20:00,10.376015847329864,0.8377112157325646,0.04014057969475133,2.568950017638094,0
2016-08-20 20:25:00,10.3008898681249,0.8384970228509749,0.04020284862924903,2.568950017638094,0
2016-08-20 20:30:00,10.616182088318197,0.8455315114492878,0.04103115679534338,1.095708114769888,0
2016-08-20 20:35:00,10.582486749157464,0.8406502088651239,0.04061560206546914,1.095708114769888,0
2016-08-20 20:40:00,10.581837022324857,0.8322627523455485,0.03976043075955732,2.4858878431724323,0
2016-08-20 20:45:00,10.862520591717702,0.839220775474309,0.04139392334205879,2.4858878431724323,0
2016-08-20 20:50:00,10.396883211151266,0.8541437183332513,0.043564268507379635,3.4292608705791747,0
2016-08-20 20:55:00,10.714476789079635,0.8600361822169788,0.042186461049392256,3.5613717317572777,0
2016-08-20 21:00:00,10.938781705239885,0.8718841529068766,0.04563082848607969,3.5613717317572777,0
2016-08-20 21:05:00,10.697613040335613,0.8752036775267986,0.04620289265696394,1.9398114931578447,0
2016-08-20 21:10:00,10.749555704994187,0.8689908148322238,0.04304756495167704,1.341559589203763,0
2016-08-20 21:15:00,10.371130369252153,0.8557226637585442,0.042830404377877086,1.4379889617379422,0
2016-08-20 21:20:00,10.29682400811672,0.855656536707766,0.043327559619374116,2.125508489389879,0
2016-08-20 21:25:00,10.415865638441563,0.864604819770705,0.04493524169086109,2.5703463100152346,0
2016-08-20 21:30:00,10.610799518613259,0.8715759344072589,0.04649479404624359,2.5703463100152346,0
2016-08-20 21:35:00,10.799843721987763,0.8780679793765798,0.04610413989151267,2.264800166991354,0
2016-08-20 21:40:00,10.716001800546815,0.8676232922413682,0.044003670866005165,2.108594349231725,0
2016-08-20 21:45:00,10.76610545177353,0.8489002546528435,0.0425401842098965,2.108594349231725,0
2016-08-20 21:50:00,11.842518681636736,0.831808587079404,0.038214274864556,2.047781739729736,0
2016-08-20 21:55:00,11.727664421287253,0.8328756067595783,0.03834365460710147,2.506621349007102,0
2016-08-20 22:00:00,10.838722266243789,0.8442720230383041,0.040908449965295655,2.828037468429698,0
2016-08-20 22:05:00,10.500195268534744,0.8548383927713097,0.04154948226084858,2.828037468429698,0
2016-08-20 22:10:00,10.419911727427705,0.8598059294841013,0.04364384392274803,2.573748592977071,0
2016-08-20 22:15:00,11.439570005125203,0.8905555375598295,0.05335388614371757,1.814212632370358,0
2016-08-20 22:20:00,11.622038980538997,0.8813300075568191,0.0511777133520568,2.2337976767330923,0
2016-08-20 22:25:00,10.875058671686514,0.8339366355308193,0.04005315165593455,2.2337976767330923,0
2016-08-20 22:30:00,12.121361895650614,0.8609270118056433,0.04611028051145457,3.312190753979702,0
2016-08-20 22:35:00,12.505494702694442,0.8538568561160211,0.045046012426629305,3.312190753979702,0
2016-08-20 22:40:00,11.274381011278654,0.8238807541315981,0.03845297573132548,2.4717616843833095,0
2016-08-20 22:45:00,11.046238405966898,0.8465352242812326,0.04108814740543115,1.969375408372631,0
2016-08-20 22:50:00,11.224077727069476,0.8500649854147594,0.041655215426375056,2.296615137505471,0
2016-08-20 22:55:00,11.703185554052252,0.8461101647590339,0.041136328336837745,4.833752354456518,0
2016-08-20 23:00:00,11.351475138779644,0.8480226993857267,0.042258996931807506,4.833752354456518,0
2016-08-20 23:05:00,10.668402984214058,0.8485411952968185,0.04241174314529049,1.8925070089239056,0
2016-08-20 23:10:00,11.114302054233207,0.8660204129305324,0.0478550161038037,7.488717516319071,0
2016-08-20 23:15:00,11.310142992782483,0.8707426234850946,0.048917652291753475,7.488717516319071,0
2016-08-20 23:20:00,11.00788694463803,0.8778165862594556,0.04819647701121205,1.8569987110156563,0
2016-08-20 23:25:00,11.350077050877328,0.8935901780373584,0.051368323646650324,1.8569987110156563,0
2016-08-20 23:30:00,11.571239143763638,0.8890559534062861,0.05061063601329976,1.3933360445019307,0
2016-08-20 23:35:00,11.45426148057504,0.884285879793791,0.050169836556156665,0.9724035617913069,0
2016-08-20 23:40:00,11.448209176448502,0.8894608269204225,0.050769467997696126,0.9486644737271702,0
2016-08-20 23:45:00,11.306992563006675,0.8935991917720998,0.05127608561103516,1.360779998788664,0
2016-08-20 23:50:00,11.454364553416559,0.8871491831872365,0.050173766241850784,1.360779998788664,0
2016-08-20 23:55:00,12.14483207024846,0.8801883770857466,0.04901517431225267,5.408752817405688,0
2016-08-21 00:00:00,11.880119600304385,0.8657620782774904,0.04608168314936008,5.408752817405688,0
2016-08-21 00:05:00,11.359679495372527,0.8732530219965529,0.04697264624813724,3.48346301815518,0
2016-08-21 00:10:00,11.18607399150566,0.8891577014219744,0.05010984184594297,3.7159093647947556,0
2016-08-21 00:15:00,10.763117269644237,0.868066411226457,0.0463525503695648,3.7159093647947556,0
2016-08-21 00:20:00,10.584603238643705,0.84161581551538,0.0410841981401576,1.5715447591336589,0
2016-08-21 00:25:00,10.722347772559841,0.8383346990900242,0.03934013348469101,2.2187514006064264,0
2016-08-21 00:30:00,12.245586662791862,0.8785137820913755,0.05219601178354218,13.40744342760856,0
2016-08-21 00:35:00,12.264514710492886,0.8837680155085346,0.05322615794690486,13.40744342760856,0
2016-08-21 00:40:00,10.79768771446406,0.853857066048084,0.04175912298496822,2.1839980352030643,0
2016-08-21 00:45:00,10.579205726593198,0.8452038109161278,0.040591801408793024,2.070998204762292,0
2016-08-21 00:50:00,10.733610792833215,0.8273236096211628,0.03740294460776329,2.4664153061899743,0
2016-08-21 00:55:00,10.785323844406939,0.8171127953901686,0.03559157334600301,2.4664153061899743,0
2016-08-21 01:00:00,10.976197880565213,0.8309151533546174,0.03818465730987185,3.492106008577338,0
2016-08-21 01:05:00,11.623395665608168,0.8565798799733649,0.04206659669933717,4.639457206695876,0
2016-08-21 01:10:00,12.028092405340534,0.8656376106337962,0.043188909569319436,4.639457206695876,0
2016-08-21 01:15:00,11.989343162909837,0.8680297380501956,0.045047880814342106,2.679586809360725,0
2016-08-21 01:20:00,12.055091178519135,0.8767523345338508,0.046534675803164706,1.8901449333361202,0
2016-08-21 01:25:00,12.406491112940287,0.8671674219863498,0.043619314563226305,1.9734293781941947,0
2016-08-21 01:30:00,12.273767040312965,0.8514950619098343,0.04155286686470364,1.9734293781941947,0
2016-08-21 01:35:00,11.92572024714094,0.839340063606578,0.04003982434134639,1.4586610281606018,0
2016-08-21 01:40:00,11.738054773878744,0.8290272214532172,0.038591954818452165,1.45434914746845,0
2016-08-21 01:45:00,11.520826620778902,0.8352253816669626,0.03985541590515327,1.7953600866194492,0
2016-08-21 01:50:00,11.89100556057963,0.8287200629093292,0.03888914384669219,2.7562021985891554,0
2016-08-21 01:55:00,12.028860183686819,0.8357997694529041,0.04104172074940116,3.7785287141523485,0
2016-08-21 02:00:00,11.89840998296586,0.8426889962758306,0.041704464269427796,3.7785287141523485,0
2016-08-21 02:05:00,11.826883143445313,0.8364885601962923,0.040214548887328935,2.007030964403538,0
2016-08-21 02:10:00,11.991804397403978,0.8277468086040254,0.03969889823834873,2.4024357594347423,0
2016-08-21 02:15:00,12.454327605014885,0.8223884396095089,0.03842894187572239,2.4024357594347423,0
2016-08-21 02:20:00,12.37183939377782,0.8199681134219561,0.03835408701738445,1.3033541137556832,0
2016-08-21 02:25:00,12.626382732792106,0.8108500252353061,0.03717711062677383,1.827209826237704,0
2016-08-21 02:30:00,12.8030573375277,0.8098110130404419,0.03658665848993632,2.0975906922612486,0
2016-08-21 02:35:00,12.7497495074803,0.7873550373406721,0.03363956271994926,2.2586303266171734,0
2016-08-21 02:40:00,13.21778516729135,0.77971000359589,0.03179968611605615,2.614314246854832,0
2016-08-21 02:45:00,14.002652490564813,0.7854686395780516,0.03199841222286217,2.614314246854832,0
2016-08-21 02:50:00,14.544093120436079,0.8009323784488585,0.03732789381471037,7.211826407071625,0
2016-08-21 02:55:00,13.917866947590579,0.798467312251739,0.0380165879517889,7.211826407071625,0
2016-08-21 03:00:00,12.91956559215013,0.7903600388932787,0.03481359547844798,1.9915693540182886,0
2016-08-21 03:05:00,13.135126265828728,0.8146640634060527,0.04056679633284896,4.6307576411435,0
2016-08-21 03:10:00,13.680819116565164,0.8152976861690899,0.042732232312407234,4.6307576411435,0
2016-08-21 03:15:00,13.620669806096632,0.7936787674836256,0.03746507972435427,4.228865640574301,0
2016-08-21 03:20:00,13.02010125113209,0.7845725937757922,0.03458905923162221,1.5209688078649617,0
2016-08-21 03:25:00,12.834704907545765,0.7942606920199703,0.0358519971934953,1.2566497750925618,0
2016-08-21 03:30:00,13.414173485516795,0.7716957680619011,0.03213642871960847,1.3216138634350936,0
2016-08-21 03:35:00,13.761478263142655,0.7445309198745158,0.028165916916210947,1.9581895444434474,0
2016-08-21 03:40:00,13.807335134257533,0.7578837257014207,0.02962193534270372,1.9581895444434474,0
2016-08-21 03:45:00,13.97827375391318,0.7674389561790803,0.03091557640251268,2.0511296885833223,0
2016-08-21 03:50:00,14.632487585048775,0.7651634531106972,0.03111414453716989,3.0055001557268697,0
2016-08-21 03:55:00,14.87857630980684,0.759609940429642,0.030379480390965562,3.0055001557268697,0
2016-08-21 04:00:00,13.883379278501788,0.7659905040436057,0.03171400720898472,2.1864177052509004,0
2016-08-21 04:05:00,13.413471381880337,0.7778353593307038,0.03375703991595448,2.4040726400394266,0
2016-08-21 04:10:00,14.169264030331547,0.7772781848188103,0.03336800732486204,2.4040726400394266,0
2016-08-21 04:15:00,14.913099598181422,0.7864859127647288,0.03362467158473844,3.0963153888085566,0
2016-08-21 04:20:00,15.110938562079152,0.7948704137309006,0.03421962461055794,3.0963153888085566,0
2016-08-21 04:25:00,15.061376577150355,0.7798233844955649,0.0326881274152506,2.3892831890664836,0
2016-08-21 04:30:00,15.272454725430936,0.7576785545766435,0.029433401114725966,2.457253769877735,0
2016-08-21 04:35:00,14.970843225667773,0.7474488821175629,0.027303737513959453,2.457253769877735,0
2016-08-21 04:40:00,14.358563040145025,0.7465806453068453,0.02754111690469773,2.2038000467029937,0
2016-08-21 04:45:00,14.108723175874868,0.7413286543622812,0.027190551972571298,2.5211461367213777,0
2016-08-21 04:50:00,13.924335015827504,0.7430574974590152,0.02744660857791263,2.5211461367213777,0
2016-08-21 04:55:00,14.3628660254794,0.7529799231632379,0.02889493481100639,2.278738805080889,0
2016-08-21 05:00:00,14.452696224099038,0.759058879984286,0.02950115735867844,2.2168536616434533,0
2016-08-21 05:05:00,14.200975393386381,0.7494684220586117,0.028227360202737684,3.751833660223911,0
2016-08-21 05:10:00,14.147325555111632,0.7355776729424411,0.026295989169741157,3.751833660223911,0
2016-08-21 05:15:00,14.239138901945608,0.7329716349638691,0.025586691334690458,2.719121399046415,0
2016-08-21 05:20:00,14.422267642368556,0.734192344409818,0.025444302197961444,2.719121399046415,0
2016-08-21 05:25:00,15.187567380697393,0.7804029529904022,0.03732653393134156,14.306329366588185,0
2016-08-21 05:30:00,15.03508220637479,0.8018312242573067,0.04071215854920958,14.306329366588185,0
2016-08-21 05:35:00,13.749730091979231,0.7620424774836859,0.029399190509385213,1.6969604936755713,0
2016-08-21 05:40:00,13.975932963371807,0.7340934262237323,0.025080748250048922,2.3210166358528506,0
2016-08-21 05:45:00,14.467057255787648,0.7303334701107107,0.024190517800262563,2.3210166358528506,0
2016-08-21 05:50:00,14.65671475636027,0.7385543076766682,0.024986396480079973,2.1346923185575664,0
2016-08-21 05:55:00,14.930652426290525,0.7237167067006276,0.022876864020576017,3.460409997241177,0
2016-08-21 06:00:00,14.460671001590054,0.7219011343580966,0.02233486285481088,3.6459172314194586,0
2016-08-21 06:05:00,14.113313800634945,0.7360729075049666,0.02451207972732693,3.6459172314194586,0
2016-08-21 06:10:00,14.439472486442076,0.7304501959599817,0.02392519886552071,1.4875312979961233,0
2016-08-21 06:15:00,14.550290848121543,0.7335487113351077,0.024263163975358396,1.5162178309864633,0
2016-08-21 06:20:00,14.386587611167869,0.7518325915215047,0.02790296193939427,1.7386191596359115,0
2016-08-21 06:25:00,14.185643624538788,0.7624690701388817,0.02998365387652287,3.3698325988475175,0
2016-08-21 06:30:00,14.060557888165468,0.7455828801864604,0.027269809739174894,3.3698325988475175,0
2016-08-21 06:35:00,14.042314224813751,0.7363208075913438,0.026885817510879484,2.8165348979488125,0
2016-08-21 06:40:00,13.87769922095919,0.7474584796888003,0.028950620939028532,2.5193714461348926,0
2016-08-21 06:45:00,13.954397818873343,0.7458604484702998,0.027600382331461077,2.5193714461348926,0
2016-08-21 06:50:00,14.496012218252773,0.7412128222613477,0.025905433451464316,1.3819689798811046,0
2016-08-21 06:55:00,15.330025349721414,0.7452644858998392,0.02677266950106292,1.8519147688221653,0
2016-08-21 07:00:00,15.65692372473137,0.753605717193107,0.027896421621420763,1.9841814710689425,0
2016-08-21 07:05:00,14.787978145695368,0.7312174575536892,0.024203107475535356,1.9841814710689425,0
2016-08-21 07:10:00,14.562493847292377,0.707809716033917,0.02004934046554819,2.1403745503435174,0
2016-08-21 07:15:00,14.70114775570003,0.7189251756787662,0.020634428647532295,3.586584175306626,0
2016-08-21 07:20:00,14.580835913611946,0.7298670074443419,0.021298942220719645,3.586584175306626,0
2016-08-21 07:25:00,14.46158127020252,0.7298120923138856,0.02133119329852202,1.7904897581751196,0
2016-08-21 07:30:00,14.250582814977486,0.7508765507924622,0.027130863086679342,5.970509744278076,0
2016-08-21 07:35:00,15.659494185411608,0.8548873154993057,0.04858258376737738,5.970509744278076,0
2016-08-21 07:40:00,17.662764772858417,0.933605930115213,0.06497973494818596,4.0013251527169,0
2016-08-21 07:45:00,19.080632788623728,0.9352484146516421,0.06853375794314218,18.911024424656453,0
2016-08-21 07:50:00,18.366923405028288,0.8909417104579846,0.05916914030717172,18.911024424656453,0
2016-08-21 07:55:00,15.400884412481506,0.7890487524895977,0.034978606585541264,6.198931136192744,0
2016-08-21 08:00:00,13.456924282670991,0.7227733290792686,0.021957492202106594,2.8251715025580753,0
2016-08-21 08:05:00,12.770982981543522,0.719592220466234,0.022626410146974585,2.0423128624577753,0
2016-08-21 08:10:00,13.251683329501802,0.7285467119145046,0.024285280446550712,2.6518163767857157,0
2016-08-21 08:15:00,14.102583153146531,0.7508481926713003,0.02693691849932761,2.6518163767857157,0
2016-08-21 08:20:00,13.89046494894213,0.7635679211559669,0.02895328565537451,2.0988292995839095,0
2016-08-21 08:25:00,13.669133875357506,0.7630510878004423,0.02871956433354922,2.9464533025068396,0
2016-08-21 08:30:00,13.789334713043434,0.7720235569649279,0.029395642026820257,3.075060286794844,0
2016-08-21 08:35:00,12.831084710941147,0.7470771178879143,0.026245833496720335,3.075060286794844,0
2016-08-21 08:40:00,11.672993514322538,0.725536506722992,0.02369176724789503,2.0377566062625245,0
2016-08-21 08:45:00,11.738974256807367,0.7377659696780762,0.025616841973126588,1.9249191114826503,0
2016-08-21 08:50:00,11.888829798829091,0.7300588025279291,0.02455389931577893,2.1995152583980464,0
2016-08-21 08:55:00,12.162188987818691,0.7446920228265739,0.026914877485615368,5.1282144014427224,0
2016-08-21 09:00:00,12.140933908752364,0.7599835313963362,0.0294077353663171,5.1282144014427224,0
2016-08-21 09:05:00,11.579526537954322,0.7392126842001253,0.026538942639223025,2.6157792676279072,0
2016-08-21 09:10:00,11.608705260465397,0.7285882165616958,0.02496180412371269,2.2442444239836314,0
2016-08-21 09:15:00,11.847307714356823,0.7242349025681185,0.02380067655587532,2.2442444239836314,0
2016-08-21 09:20:00,11.950154325243167,0.7482795400549307,0.02767000317542149,3.0348592431566006,0
2016-08-21 09:25:00,11.823092131473997,0.7488824224596965,0.02753216377834042,3.2569030036662876,0
2016-08-21 09:30:00,12.39531489273058,0.7621520277402365,0.0286961136729711,3.333687736611083,0
2016-08-21 09:35:00,12.348184761321821,0.7791933987695876,0.031121723657134927,3.333687736611083,0
2016-08-21 09:40:00,11.548280163131256,0.7516668384061215,0.02715660366709986,1.6963281894702682,0
2016-08-21 09:45:00,11.726048685341928,0.7691586758944722,0.031051692739189302,4.093508832200044,0
2016-08-21 09:50:00,11.788333398975084,0.7854416351566526,0.03365148624596876,4.093508832200044,0
2016-08-21 09:55:00,11.666603832665501,0.7512486444827627,0.02780250315067625,1.8394647311642518,0
2016-08-21 10:00:00,11.596460513287983,0.7459337473055941,0.0268959897335468,2.4039150318363323,0
2016-08-21 10:05:00,11.183333873427705,0.7522820916368704,0.0278825227701751,2.4039150318363323,0
2016-08-21 10:10:00,11.233904356465892,0.7336056155295142,0.025292383014227305,1.4439126454587377,0
2016-08-21 10:15:00,11.801672387775856,0.7319489490103522,0.024460320037168574,1.8643732196910607,0
2016-08-21 10:20:00,12.208084827783646,0.752741691642617,0.028288876946113057,7.297579923692041,0
2016-08-21 10:25:00,12.039397843692155,0.7512215811906671,0.02842327888477373,7.297579923692041,0
2016-08-21 10:30:00,11.387329529095116,0.7313655394219887,0.02480278350452402,2.6992240840196415,0
2016-08-21 10:35:00,10.816780283271271,0.7278633656910312,0.02477144958192854,2.169415961938035,0
2016-08-21 10:40:00,10.642558039527078,0.7507737081014032,0.028026494943558605,1.927486713777909,0
2016-08-21 10:45:00,10.848391468406614,0.7600671263382506,0.02790700458289156,1.927486713777909,0
2016-08-21 10:50:00,10.859607150203857,0.7395399177181305,0.0251178325648226,1.2560301202990933,0
2016-08-21 10:55:00,10.713528410152911,0.7383125013373387,0.02514329216797396,1.2560301202990933,0
2016-08-21 11:00:00,10.872795405962545,0.775095356784123,0.029475161131953993,2.887947395577503,0
2016-08-21 11:05:00,11.872737465889008,0.8280956415184744,0.045702894791500324,19.564984327096116,0
2016-08-21 11:10:00,12.2507715247546,0.8084246673511488,0.04352021365061653,19.564984327096116,0
2016-08-21 11:15:00,11.23968566977553,0.7583906667843228,0.02793526143211287,11.572978657953238,0
2016-08-21 11:20:00,10.35224118321518,0.7605145020599482,0.02928612254136364,2.9254004178756348,0
2016-08-21 11:25:00,9.960345642137696,0.7734627647395127,0.03156156119576452,2.9254004178756348,0
2016-08-21 11:30:00,9.605512905416001,0.7680891490649745,0.029343927830982903,2.96309621174586,0
2016-08-21 11:35:00,9.930617904566645,0.7556812564518243,0.027659745365638082,2.96309621174586,0
2016-08-21 11:40:00,10.641190325965464,0.7415338470318535,0.025673791016619242,2.3007133490679132,0
2016-08-21 11:45:00,13.408895385901625,0.7851814709978469,0.04398549022626898,12.130771718194952,0
2016-08-21 11:50:00,20.269587853667627,0.912523204004426,0.1062940741276576,12.130771718194952,0
2016-08-21 11:55:00,23.974852758402257,0.988520359302955,0.14361316347945824,12.085411305786893,0
2016-08-21 12:00:00,23.662428465203995,0.9875892321319435,0.1394198633036201,12.085411305786893,0
2016-08-21 12:05:00,19.124530925964955,0.9109379557024317,0.1023762110408634,15.610671607714217,0
2016-08-21 12:10:00,13.426113273414419,0.817204150684949,0.049548073963068075,15.610671607714217,0
2016-08-21 12:15:00,12.467581655377057,0.7916952997766382,0.03360448892629066,3.595696044023367,0
2016-08-21 12:20:00,11.969840832340486,0.7606987160897023,0.02895446126936037,2.328626451564461,0
2016-08-21 12:25:00,11.736778337665095,0.7426247973858411,0.025953083876125372,2.288396998697911,0
2016-08-21 12:30:00,11.942598108084583,0.7582848429460499,0.027919549316677495,2.288396998697911,0
2016-08-21 12:35:00,11.853505431742024,0.7736686093186269,0.0296492087216756,1.9266464251357398,0
2016-08-21 12:40:00,11.772060663008457,0.7617485578561105,0.027635606546938807,1.149794529184648,0
2016-08-21 12:45:00,12.434012119526956,0.759834099479218,0.027566928841964267,2.3006929626855674,0
2016-08-21 12:50:00,12.680045567766168,0.764328463971791,0.02747271413985892,2.4547378213046787,0
2016-08-21 12:55:00,11.413032051660995,0.7548760583852088,0.026141634741071222,2.4547378213046787,0
2016-08-21 13:00:00,10.702412398311466,0.7659585647053967,0.028710881788704717,2.5052517352223926,0
2016-08-21 13:05:00,10.717377233992702,0.7772803320045611,0.03121899183951683,2.5052517352223926,0
2016-08-21 13:10:00,10.876818032029744,0.7636084116808631,0.02914951671408226,1.8297569140178818,0
2016-08-21 13:15:00,11.318049786351962,0.7704263472834207,0.0313480473820137,7.344416974198879,0
2016-08-21 13:20:00,11.679217266774447,0.7927864253022374,0.03407528712497791,7.344416974198879,0
2016-08-21 13:25:00,11.753555558903244,0.7814197771602004,0.029959826784252686,6.675430797387006,0
2016-08-21 13:30:00,11.800280136455177,0.7747960220346589,0.029965641868517145,2.3402112687557937,0
2016-08-21 13:35:00,11.713226577273137,0.7742820456540573,0.030082638776510483,2.365367484497982,0
2016-08-21 13:40:00,11.608918390992994,0.7515182532662161,0.02601930896780775,2.365367484497982,0
2016-08-21 13:45:00,11.799358982771029,0.7397608866027137,0.02360457017037084,2.2805061115699288,0
2016-08-21 13:50:00,11.701192264762806,0.7496339185282603,0.02561597236267721,2.2805061115699288,0
2016-08-21 13:55:00,11.494055295218217,0.7481795660553248,0.025786268788407257,2.045899487701113,0
2016-08-21 14:00:00,11.657416773580772,0.7724132600192627,0.02880740930081931,3.0674696578336165,0
2016-08-21 14:05:00,11.541219950071012,0.7756900481673726,0.029987538963672837,3.0674696578336165,0
2016-08-21 14:10:00,11.581083435081279,0.7420259744069422,0.025046388945403557,2.5120275577608737,0
2016-08-21 14:15:00,13.258341719172119,0.7782691499081555,0.037128927271752876,20.127476191855518,0
2016-08-21 14:20:00,12.877742223455154,0.7904679863100944,0.03936563874611784,20.127476191855518,0
2016-08-21 14:25:00,11.384839835441252,0.7568561787859749,0.027780386713063744,2.5098753600647927,0
2016-08-21 14:30:00,11.60022067787931,0.7555873291816237,0.026779160930218298,2.5098753600647927,0
2016-08-21 14:35:00,11.513036813183499,0.7478947065091002,0.025477290507400885,1.6207085033049247,0
2016-08-21 14:40:00,11.212379229013328,0.7346562640727232,0.024408402287849188,1.6207085033049247,0
2016-08-21 14:45:00,11.190353772790171,0.7574574592225499,0.029882135566568213,7.784728270288594,0
2016-08-21 14:50:00,11.21529161347284,0.7860543826673232,0.03377136002460982,7.784728270288594,0
2016-08-21 14:55:00,11.079999912603748,0.7789269211082266,0.030565534295266965,3.6598538047643756,0
2016-08-21 15:00:00,10.668589816425339,0.7770609686021678,0.029413900013344596,3.6598538047643756,0
2016-08-21 15:05:00,10.933996096571587,0.7940310199538465,0.036410130618490646,12.697080113526054,0
2016-08-21 15:10:00,10.837030608702218,0.7804403268538933,0.035339351794602826,12.697080113526054,0
2016-08-21 15:15:00,9.924205204924238,0.7609809957840862,0.02776866537767475,1.498206398184192,0
2016-08-21 15:20:00,9.902706860854204,0.7776926650535614,0.030338853569744778,1.764620678631199,0
2016-08-21 15:25:00,10.008153703689008,0.7760068968944638,0.029869141092427786,1.764620678631199,0
2016-08-21 15:30:00,10.499948053284221,0.7605245670170677,0.026677938987469257,1.6554262034793406,0
2016-08-21 15:35:00,11.361877581346784,0.7490885744056897,0.025711123579903572,3.514018294586472,0
2016-08-21 15:40:00,12.235269469736082,0.7665626147406641,0.029135017310820733,4.4928158565375735,0
2016-08-21 15:45:00,12.590040187159442,0.7817727395689276,0.03203107101515512,4.4928158565375735,0
2016-08-21 15:50:00,12.930757395507237,0.7607363886906219,0.030438480812413894,3.0488999121136278,0
2016-08-21 15:55:00,12.922744334599713,0.7619882133075542,0.030147778400641617,3.2302698029405352,0
2016-08-21 16:00:00,12.331390583450514,0.7705136528926749,0.030530409848701024,3.2302698029405352,0
2016-08-21 16:05:00,12.363541725563653,0.7614723633353359,0.02970649689218032,2.763480647890315,0
2016-08-21 16:10:00,12.243167008406704,0.745667450557033,0.026757619845739683,2.0232063145643733,0
2016-08-21 16:15:00,12.0809716843976,0.7408046189389357,0.02553666170707585,1.8292206006422975,0
2016-08-21 16:20:00,12.45864539846641,0.7713390423371951,0.030428896753527956,2.1035632139426124,0
2016-08-21 16:25:00,12.698807623507161,0.7739749054119553,0.030519496885864722,2.990335303972461,0
2016-08-21 16:30:00,12.290523384051701,0.746298862110894,0.026418862399791056,2.990335303972461,0
2016-08-21 16:35:00,12.072399716588317,0.7426537512278667,0.026396534422604624,2.6368740679982423,0
2016-08-21 16:40:00,12.387538115924242,0.7488570394161972,0.02756091746109343,1.67383835068798,0
2016-08-21 16:45:00,12.742673405283528,0.7497548374314783,0.027802661144186853,2.1431407421891713,0
2016-08-21 16:50:00,12.711703634499582,0.7435483113478653,0.026919786782931665,2.1431407421891713,0
2016-08-21 16:55:00,12.612057650027355,0.7381946069283738,0.025772057685915777,2.482767118694613,0
2016-08-21 17:00:00,12.177265383258623,0.7505968134136064,0.027924687273982878,5.380557302331569,0
2016-08-21 17:05:00,11.835582136084684,0.760698001787105,0.02977104028307905,5.380557302331569,0
2016-08-21 17:10:00,12.254043985058658,0.7741851992889132,0.03249351311099567,4.190305839117215,0
2016-08-21 17:15:00,12.694234334765232,0.7709039597209641,0.031042604659072482,4.4688362499910514,0
2016-08-21 17:20:00,12.632069902216058,0.744846462089074,0.024948717084643645,4.4688362499910514,0
2016-08-21 17:25:00,12.321836144635217,0.761511690253265,0.027049263858428835,2.8652059028069474,0
2016-08-21 17:30:00,12.070351481600557,0.7938245516759037,0.030990848078299355,2.881374993480957,0
2016-08-21 17:35:00,11.92475156218543,0.7943789632105522,0.03219210724328163,4.753412616886094,0
2016-08-21 17:40:00,12.355648231906065,0.7602180015541264,0.029266185297954012,4.753412616886094,0
2016-08-21 17:45:00,12.356199306103209,0.7398136644247267,0.02711258774700842,2.970591690220128,0
2016-08-21 17:50:00,12.742102576169511,0.7934976750231699,0.04295359133489229,12.982841558122624,0
2016-08-21 17:55:00,11.768096068769996,0.802027874645564,0.043583099698538554,12.982841558122624,0
2016-08-21 18:00:00,9.752508271364288,0.7586683093699863,0.028606898247325502,2.5492594665285147,0
2016-08-21 18:05:00,9.687254722894352,0.7483729867928403,0.028024016611995117,2.5492594665285147,0
2016-08-21 18:10:00,10.411625689962195,0.7406914127426809,0.02697828027066577,2.7641030627716754,0
2016-08-21 18:15:00,10.63770765599848,0.7476772532978306,0.026285190972381883,2.7641030627716754,0
2016-08-21 18:20:00,10.122163558636071,0.7527004187550892,0.02751396231541652,2.4700543489140614,0
2016-08-21 18:25:00,10.121692069727867,0.7563955005282452,0.028240389460448434,1.7398102988458513,0
2016-08-21 18:30:00,10.1311767707556,0.7651215909581512,0.028087827294497807,1.773108179336437,0
2016-08-21 18:35:00,9.980094215396097,0.7665734963055666,0.027943394266835363,2.017748413806828,0
2016-08-21 18:40:00,10.083882084942442,0.7615760218911434,0.027413997027399634,2.017748413806828,0
2016-08-21 18:45:00,10.311910646978895,0.7692836094930464,0.027613533283277793,3.6613273697630513,0
2016-08-21 18:50:00,10.731804299920562,0.7778709901257659,0.02876295846231307,3.6613273697630513,0
2016-08-21 18:55:00,11.046882069074908,0.7857480539846909,0.031621298392100414,1.7800055876872058,0
2016-08-21 19:00:00,10.689562339059382,0.7773562799657797,0.031219649753247765,3.262564459238796,0
2016-08-21 19:05:00,10.425449668256565,0.773178948178382,0.030088324750213325,3.262564459238796,0
2016-08-21 19:10:00,10.847143507865704,0.7672523867299611,0.029509956088918148,3.1649130894427886,0
2016-08-21 19:15:00,11.548934204788747,0.7626359094009076,0.02935111525641741,3.1649130894427886,0
2016-08-21 19:20:00,11.360779407173704,0.7662795578186653,0.02961310310195765,1.8770440033085611,0
2016-08-21 19:25:00,10.462708233150927,0.7594549645464431,0.027870820420107866,2.7517703055145755,0
2016-08-21 19:30:00,10.305943145610161,0.7762330256516548,0.029464562211456248,2.7517703055145755,0
2016-08-21 19:35:00,9.939567059671491,0.8025671804724617,0.033266067398836974,2.453474712281724,0
2016-08-21 19:40:00,9.956126705649066,0.7999807609306582,0.03261640119077182,4.175426486055204,0
2016-08-21 19:45:00,10.901164525188106,0.8169200932280416,0.035451589951006814,4.175426486055204,0
2016-08-21 19:50:00,11.09652561929467,0.8340748116510711,0.038631533192175785,3.973507186225807,0
2016-08-21 19:55:00,10.901881726273407,0.8111646207939518,0.03464603142842182,3.3069414882082375,0
2016-08-21 20:00:00,11.451035146716718,0.8195065447199756,0.03628960589914466,8.300094697170435,0
2016-08-21 20:05:00,11.08856297636373,0.8224174130797678,0.036688361696333216,8.300094697170435,0
2016-08-21 20:10:00,11.517631286276481,0.8106608720248323,0.0326840679597929,10.181306630450248,0
2016-08-21 20:15:00,11.480241916979574,0.8021332925820648,0.031114264648435287,10.181306630450248,0
2016-08-21 20:20:00,10.558090781747909,0.81968541803737,0.03621764487302303,2.3774539384951883,0
2016-08-21 20:25:00,10.796787255162851,0.8224117536771999,0.03619155716249171,9.129400451677519,0
2016-08-21 20:30:00,10.992410070773511,0.8232366273159044,0.03592418006149252,9.129400451677519,0
2016-08-21 20:35:00,11.019966107315593,0.8347887432751673,0.03862927186056048,2.7677325623152753,0
2016-08-21 20:40:00,10.513958790971682,0.8119307041341092,0.035396518157878754,2.7734670814051516,0
2016-08-21 20:45:00,10.317793085085139,0.7821821881191708,0.03072287455182447,4.348620211563542,0
2016-08-21 20:50:00,10.350484081887682,0.770051047735374,0.028220924973122646,4.348620211563542,0
2016-08-21 20:55:00,10.341985620243399,0.7947648864513788,0.03294639484737662,2.0853808558422586,0
2016-08-21 21:00:00,10.117640744782852,0.7951541013867707,0.033995296700977416,2.0853808558422586,0
2016-08-21 21:05:00,10.032075471211705,0.7783220370476948,0.03085092836034778,1.7818520825486623,0
2016-08-21 21:10:00,10.322176547729764,0.7709352796157185,0.02864663150002717,1.7818520825486623,0
2016-08-21 21:15:00,10.556285011418959,0.7681111121462701,0.02715924459651196,1.1952978896031203,0
2016-08-21 21:20:00,10.66995245844436,0.764564120365174,0.026807756991974407,3.5765619066707366,0
2016-08-21 21:25:00,10.543836436730595,0.7554897108208032,0.026009189392531402,3.5765619066707366,0
2016-08-21 21:30:00,10.558223297355916,0.7602922044401587,0.026501547333383318,2.632352473416167,0
2016-08-21 21:35:00,10.943626731057687,0.7667397259981132,0.02670872192689875,2.6077472029114803,0
2016-08-21 21:40:00,10.940326287252878,0.7686125186338763,0.026578653226399275,2.6077472029114803,0
2016-08-21 21:45:00,10.924962749911774,0.7891215995416312,0.03180253303091646,2.5040392608679776,0
2016-08-21 21:50:00,10.959079574853856,0.7910123633573393,0.033010323444956156,2.5040392608679776,0
2016-08-21 21:55:00,10.944226566201724,0.7659505840312523,0.02719239956971422,1.937828997313576,0
2016-08-21 22:00:00,10.814795890499266,0.7545313323916323,0.025257330083055522,2.8777486918099204,0
2016-08-21 22:05:00,10.816095343534515,0.785092762659537,0.030783616317577495,2.8777486918099204,0
2016-08-21 22:10:00,11.341657744116526,0.787441861812955,0.031242532334703838,2.3004847951524714,0
2016-08-21 22:15:00,11.261457993440981,0.7692697371163244,0.028826889995738618,1.7929136623944004,0
2016-08-21 22:20:00,10.136925041730924,0.7655188040688599,0.02980651200570735,2.0863691762097365,0
2016-08-21 22:25:00,9.3991873765357,0.7589682578236436,0.028514535923117403,2.1541405642737312,0
2016-08-21 22:30:00,10.289999379879422,0.8452007021028152,0.045176805733116804,3.3557785846303685,0
2016-08-21 22:35:00,10.269744311526,0.8829185930546759,0.05097157685272573,3.3557785846303685,0
2016-08-21 22:40:00,10.009127666900502,0.8433895186279703,0.039228874146322944,2.4466867546714433,0
2016-08-21 22:45:00,10.098694754966948,0.833661544684735,0.037253674308153,2.0708176472117406,0
2016-08-21 22:50:00,9.76665217956679,0.8061148947701485,0.03369994565360632,1.5527195577275674,0
2016-08-21 22:55:00,9.635393375034662,0.7838810945902187,0.030855785323183643,1.1338931532806267,0
2016-08-21 23:00:00,9.11222499808925,0.7845803045818667,0.03067115339203446,1.1389746992676213,0
2016-08-21 23:05:00,9.45741007016488,0.7915068093792414,0.031926132626478546,2.328627287370078,0
2016-08-21 23:10:00,10.45830011313112,0.8229940746951391,0.03749134039749359,2.328627287370078,0
2016-08-21 23:15:00,10.578510260130397,0.8275985841403264,0.03753323765349262,3.6901636576263117,0
2016-08-21 23:20:00,10.409689461264904,0.78534457409229,0.03061549547711285,3.6901636576263117,0
2016-08-21 23:25:00,10.626757424005245,0.7708461438897976,0.028161413034936782,2.181953651605818,0
2016-08-21 23:30:00,10.673847892076221,0.7693231392073612,0.027091885589984294,2.2877136107645577,0
2016-08-21 23:35:00,10.307156929816184,0.7700863774653406,0.027642965482188208,2.2877136107645577,0
2016-08-21 23:40:00,10.217216160391649,0.7703747858368307,0.02781532993538498,2.610807506797853,0
2016-08-21 23:45:00,10.779401308072996,0.7610746783605946,0.026075505148439548,2.610807506797853,0
2016-08-21 23:50:00,10.940114047642258,0.7668857938841449,0.027987764219218482,2.449899696265529,0
2016-08-21 23:55:00,10.947892030393358,0.7877821768339266,0.03155122724508282,2.5565808562258594,0
2016-08-22 00:00:00,10.82617689537654,0.793546659158992,0.031996802309215026,2.5565808562258594,0
2016-08-22 00:05:00,10.215227814955178,0.7813443584195462,0.03043368358343628,2.8086963045617224,0
2016-08-22 00:10:00,10.43498019444592,0.7715923400840953,0.02819334533237273,2.8086963045617224,0
2016-08-22 00:15:00,10.884045465545132,0.769573241610073,0.027271937737702905,1.8960936301278617,0
2016-08-22 00:20:00,10.702424130573592,0.7523688608221297,0.02579668449713607,1.8184545954203348,0
2016-08-22 00:25:00,10.842022658424394,0.7716463611912219,0.029245086172846834,3.7604964860226393,0
2016-08-22 00:30:00,10.826169829631096,0.7812275820669697,0.030157171161671388,3.7604964860226393,0
2016-08-22 00:35:00,10.525471205742893,0.7497159360873438,0.026307465234679243,3.3036729603443136,0
2016-08-22 00:40:00,10.87746216945011,0.7461428246929338,0.02616577291004767,2.067468021404315,0
2016-08-22 00:45:00,11.304370824629252,0.745612268284875,0.02530435108685399,2.067468021404315,0
2016-08-22 00:50:00,11.344439940229728,0.7395322664321733,0.02427200670672768,1.519501914500883,0
2016-08-22 00:55:00,11.513034254408755,0.7581153084767888,0.026587303900861482,3.384526782277419,0
2016-08-22 01:00:00,11.245025051900516,0.774677914210719,0.029631436692757956,3.384526782277419,0
2016-08-22 01:05:00,11.806902722671389,0.7915135099390295,0.03749664699644114,13.50923938292841,0
2016-08-22 01:10:00,12.08327687480716,0.7890237472911955,0.036486634804537364,13.50923938292841,0
2016-08-22 01:15:00,11.611748919182244,0.7743137773242391,0.029074526040898423,4.7245104188395715,0
2016-08-22 01:20:00,11.827066215213932,0.7766136796915222,0.028948498835153845,1.904949547899994,0
2016-08-22 01:25:00,12.509865294353073,0.7917669043410775,0.03227806849771843,2.9190893922018852,0
2016-08-22 01:30:00,13.002028299522483,0.786485424325374,0.03216315718261721,2.9190893922018852,0
2016-08-22 01:35:00,13.001824307032035,0.7518300517105939,0.02586120380449989,2.119887792342044,0
2016-08-22 01:40:00,13.935841591408652,0.7443740977337536,0.0245327569372381,5.44659437053602,0
2016-08-22 01:45:00,14.180438090669673,0.7389102241365928,0.02336918793787014,6.894052192225847,0
2016-08-22 01:50:00,13.867640531984174,0.7355635797322057,0.022362777508223332,6.894052192225847,0
2016-08-22 01:55:00,14.300244111365227,0.7423749402548694,0.0234006959808733,2.503746796352814,0
2016-08-22 02:00:00,13.806883549876972,0.7351392361638054,0.023135488209579568,4.1571681229805,0
2016-08-22 02:05:00,13.314491997561039,0.7295033253064848,0.023195544625351616,4.1571681229805,0
2016-08-22 02:10:00,13.941607913275211,0.7307600768782541,0.023083996003381145,2.014207414103802,0
2016-08-22 02:15:00,14.243859427998979,0.7230274307251969,0.021042404692099285,2.014207414103802,0
2016-08-22 02:20:00,14.096225184807995,0.7226294422592787,0.020676299874466248,1.4482710685679392,0
2016-08-22 02:25:00,15.004015232147287,0.766318409984279,0.02969426487786131,8.113270270312656,0
2016-08-22 02:30:00,14.877103890420846,0.7563216412969319,0.028773445331113683,8.113270270312656,0
2016-08-22 02:35:00,13.417364099484999,0.7048264665154671,0.019744489351631235,3.1979161378983827,0
2016-08-22 02:40:00,12.761462513419712,0.7024470856873608,0.020206471263475766,2.140201865974617,0
2016-08-22 02:45:00,12.822285409591151,0.7136431630311586,0.021253777838122462,1.4881360365366771,0
2016-08-22 02:50:00,13.725419669938509,0.7422405273100607,0.025482055293579987,4.936269955300042,0
2016-08-22 02:55:00,13.38419147557992,0.7319060470572338,0.024787189588448378,4.936269955300042,0
2016-08-22 03:00:00,12.28329359762788,0.7283677126750352,0.025162930268710203,4.406892011622653,0
2016-08-22 03:05:00,11.988902214433542,0.7317342826857379,0.025402014872598598,2.183077220489128,0
2016-08-22 03:10:00,12.162961420240745,0.7099894187393212,0.021319443494898817,2.628559046781715,0
2016-08-22 03:15:00,12.53880115882736,0.7084390856645251,0.021045964721806556,2.628559046781715,0
2016-08-22 03:20:00,12.275212711172347,0.707859283124438,0.021302953138505994,1.379333415175057,0
2016-08-22 03:25:00,12.857832059940748,0.709348483326876,0.021513188266862892,3.1914289750322986,0
2016-08-22 03:30:00,13.968669282275965,0.7147553526569762,0.021653151700549236,3.1914289750322986,0
2016-08-22 03:35:00,14.227720373352838,0.7170109256174477,0.021657564483192424,2.0538706486366776,0
2016-08-22 03:40:00,14.691971348887597,0.7231616422897624,0.021974563777705923,1.9368391306962838,0
2016-08-22 03:45:00,15.174058007877255,0.7315778285300778,0.022658092654780356,2.0917326101323024,0
2016-08-22 03:50:00,15.366088066689247,0.7236483545717549,0.021889431034170397,2.0917326101323024,0
2016-08-22 03:55:00,15.016973198272416,0.7113245817462264,0.02130317552341549,1.5433245566075275,0
2016-08-22 04:00:00,13.895285199355225,0.7085969538754893,0.020759944620667152,2.2785275334051867,0
2016-08-22 04:05:00,13.490205785463933,0.7065913055729229,0.01998157166378107,2.2785275334051867,0
2016-08-22 04:10:00,13.543582269542398,0.7093410979350157,0.02058555578843554,2.5447195424263236,0
2016-08-22 04:15:00,13.91706302822799,0.7179759030273815,0.021495894369110792,2.5447195424263236,0
2016-08-22 04:20:00,14.196391535931388,0.7182433527679823,0.021143372045893952,1.2893978807379756,0
2016-08-22 04:25:00,13.922642668994717,0.7146490419731654,0.02050943098240434,1.6534711836341625,0
2016-08-22 04:30:00,14.18543711280141,0.7169211096523942,0.021533883578931885,3.13032236607808,0
2016-08-22 04:35:00,14.547478052884713,0.7256371048704309,0.023108417844377983,3.13032236607808,0
2016-08-22 04:40:00,14.63572709863701,0.7290350656776663,0.022334157203942055,2.4717208032087337,0
2016-08-22 04:45:00,14.838013940238028,0.7235498846832948,0.020994462047213763,1.939263779655334,0
2016-08-22 04:50:00,14.894886606802467,0.7240350518270307,0.021070763041627187,1.939263779655334,0
2016-08-22 04:55:00,14.640913857347599,0.7439142576206804,0.02451417649932991,1.0947852904575905,0
2016-08-22 05:00:00,14.510336003096725,0.770485474953847,0.02983713746344064,2.675612800490389,0
2016-08-22 05:05:00,14.329514033342383,0.7482080466392089,0.026457548233819524,2.675612800490389,0
2016-08-22 05:10:00,14.25709775992193,0.7196714388921024,0.020752305412934487,2.3153313316742565,0
2016-08-22 05:15:00,14.484695437951455,0.718549102523054,0.020182392342660137,2.354412075328324,0
2016-08-22 05:20:00,14.492628223948737,0.7083092691468434,0.0194112685218862,2.354412075328324,0
2016-08-22 05:25:00,14.21840039317468,0.7092809901986562,0.01966901968399272,1.7485938753834664,0
2016-08-22 05:30:00,14.240512539126305,0.7271979420809835,0.022335906014305563,3.290049136279757,0
2016-08-22 05:35:00,15.412320835250247,0.752813964588904,0.02918917564984863,9.717179362612987,0
2016-08-22 05:40:00,15.258528519210227,0.7355248744715212,0.026542737324097444,10.09702461328466,0
2016-08-22 05:45:00,14.803991390192317,0.7163706670017347,0.021020381062887148,10.09702461328466,0
2016-08-22 05:50:00,15.295416568618526,0.726758781442405,0.02203984294991342,2.1265570565841574,0
2016-08-22 05:55:00,14.70190438604634,0.7145971694523388,0.020133889647426996,2.729674788670483,0
2016-08-22 06:00:00,13.681326177789021,0.7248287290368782,0.022742946493242468,2.729674788670483,0
2016-08-22 06:05:00,13.38731762176732,0.7394588460467693,0.02585710719602762,2.3545743072072534,0
2016-08-22 06:10:00,13.500737802843656,0.7411940617343536,0.025794821108740727,2.3545743072072534,0
2016-08-22 06:15:00,14.214489290582227,0.7625694758119196,0.028991086300342094,7.68362521813444,0
2016-08-22 06:20:00,14.33832944677331,0.7534175689288032,0.028212228439041993,7.68362521813444,0
2016-08-22 06:25:00,13.180903185217394,0.7448175277180397,0.027080662537268242,3.482523186254689,0
2016-08-22 06:30:00,13.229891507745327,0.7464734082493436,0.026953024474510263,1.7815747457301765,0
2016-08-22 06:35:00,13.636043189446132,0.7341362948902704,0.02443745272244243,3.0093686385361207,0
2016-08-22 06:40:00,13.5437395086431,0.7424379648304964,0.02598501197646417,3.85376910552372,0
2016-08-22 06:45:00,13.613518632949702,0.7427788410632314,0.026208347028765976,3.85376910552372,0
2016-08-22 06:50:00,13.745792968110617,0.7522575737924992,0.027491051592617482,2.2199290709691,0
2016-08-22 06:55:00,13.898310947396705,0.743202252461429,0.026165830261066537,2.767496392143082,0
2016-08-22 07:00:00,13.219692166435143,0.7196408271596351,0.022014295756402964,5.996446484121274,0
2016-08-22 07:05:00,12.859212372717575,0.7173778466008354,0.02130766694711921,5.996446484121274,0
2016-08-22 07:10:00,13.643607635730481,0.711783069492889,0.02164133505140428,3.582813680064125,0
2016-08-22 07:15:00,13.940069144238425,0.7158732028934063,0.021988503596919513,4.022868176110622,0
2016-08-22 07:20:00,13.917620501294058,0.7278441946121961,0.02334225251342408,4.022868176110622,0
2016-08-22 07:25:00,13.679319999065106,0.7310487028807968,0.024275574492560154,1.5413271801579553,0
2016-08-22 07:30:00,13.567179313404267,0.7233594750918614,0.02266479042581507,2.437929072343024,0
2016-08-22 07:35:00,14.42506457245222,0.7534615299586851,0.029500478397269415,7.359546036682513,0
2016-08-22 07:40:00,15.028912103404338,0.7557961362221238,0.029169075205761653,7.359546036682513,0
2016-08-22 07:45:00,15.34170656192957,0.7511139268508387,0.026675565193990187,5.6843402897107875,0
2016-08-22 07:50:00,15.374791055227439,0.7686977720977276,0.030648175630225438,5.6843402897107875,0
2016-08-22 07:55:00,14.56400289805787,0.7685727118727826,0.03084360148328636,5.4463669764648825,0
2016-08-22 08:00:00,13.31679321621265,0.7715509708152994,0.031628368462309944,3.7703845663538527,0
2016-08-22 08:05:00,12.2888847625691,0.7827039846562546,0.03268634687797893,3.7703845663538527,0
2016-08-22 08:10:00,12.049527176938744,0.7822134509003462,0.032135069308138406,3.7657117595514165,0
2016-08-22 08:15:00,12.241360937243481,0.7803263300287722,0.0329621106535384,3.7657117595514165,0
2016-08-22 08:20:00,11.99966951695034,0.7667238694901457,0.031512735682793266,3.018229728098883,0
2016-08-22 08:25:00,11.358824040451477,0.7332462694969234,0.02535110861927997,3.530681865096945,0
2016-08-22 08:30:00,11.289436672844904,0.7780417845352635,0.03231953959137045,3.530681865096945,0
2016-08-22 08:35:00,10.94221101218344,0.8005693427876488,0.03662902122296534,3.2125893973824096,0
2016-08-22 08:40:00,10.367344117369276,0.8000628594762798,0.036062914042353525,3.7754046880326007,0
2016-08-22 08:45:00,10.130913080792077,0.7958596897599793,0.033706802392610494,3.7754046880326007,0
2016-08-22 08:50:00,10.183043000431681,0.7898084224660501,0.03122088826563533,4.397727380339939,0
2016-08-22 08:55:00,10.07624069576389,0.8106520981776669,0.03347874367897251,4.397727380339939,0
2016-08-22 09:00:00,9.430770734374567,0.8076524057301852,0.03251160682029519,2.439653956185251,0
2016-08-22 09:05:00,9.321339363053749,0.8320385315820191,0.03793346169409009,3.2684467825059635,0
2016-08-22 09:10:00,9.813702933440217,0.8427770652718533,0.04188019038089906,4.227053280319612,0
2016-08-22 09:15:00,9.692867515174083,0.8156699547989616,0.03661940074347218,4.357208597214065,0
2016-08-22 09:20:00,9.50871779582875,0.7839255476158863,0.0304826176039917,4.357208597214065,0
2016-08-22 09:25:00,9.862655006006714,0.7960757707352547,0.0343791021379739,2.7670661839518043,0
2016-08-22 09:30:00,10.484059756793993,0.8107986726072232,0.03650379364824417,4.515043991250731,0
2016-08-22 09:35:00,9.766016263229858,0.794883497314433,0.03152297349031461,4.515043991250731,0
2016-08-22 09:40:00,9.152638796937769,0.7968548962204087,0.03031521840657698,2.3177335102526486,0
2016-08-22 09:45:00,9.986686026062175,0.8061302879622185,0.03200794601033993,3.011933625101696,0
2016-08-22 09:50:00,10.289368399576404,0.8060545072901715,0.03249880239660068,3.011933625101696,0
2016-08-22 09:55:00,10.165896158201402,0.795947633545808,0.031587576363364935,4.728605629572684,0
2016-08-22 10:00:00,10.633344413319822,0.7848058375004703,0.030577968729883758,4.728605629572684,0
2016-08-22 10:05:00,10.82165961763487,0.770526036501402,0.02873877434968581,3.5896499778113826,0
2016-08-22 10:10:00,10.404816061424347,0.772993062258252,0.029422976428903198,1.847702477794726,0
2016-08-22 10:15:00,10.152235834005968,0.784628991851332,0.031053109317511384,4.46079415367962,0
2016-08-22 10:20:00,10.61211119979186,0.813183948003972,0.03483134013426722,4.46079415367962,0
2016-08-22 10:25:00,10.637706940185353,0.8216641292050109,0.034164349881730366,2.122162637857547,0
2016-08-22 10:30:00,10.204774145174635,0.7921825984468607,0.029813667755846956,2.122162637857547,0
2016-08-22 10:35:00,10.164775726414089,0.7916934240173568,0.03148794380187207,1.5773259704405458,0
2016-08-22 10:40:00,10.354109537294022,0.8116962024019998,0.03509374845500567,4.0646234265920755,0
2016-08-22 10:45:00,10.765991829444545,0.813875523449554,0.03580378663163688,6.04314954961922,0
2016-08-22 10:50:00,10.913809752526968,0.795714921462888,0.03318175258924897,6.04314954961922,0
2016-08-22 10:55:00,10.561717241371255,0.7782473968552976,0.029712779178477013,3.607071142568881,0
2016-08-22 11:00:00,10.326331116071502,0.7553170925935242,0.027060844915055882,2.191683979897115,0
2016-08-22 11:05:00,10.261219014593365,0.7400515429264807,0.025869598192693372,2.1507624068216082,0
2016-08-22 11:10:00,9.873562537682128,0.7534082951656403,0.02701153624979038,1.4722582913367808,0
2016-08-22 11:15:00,9.714611663784982,0.8008762509644739,0.034895988702728316,3.3674711761849063,0
2016-08-22 11:20:00,9.738238199190812,0.8145607113241666,0.03561839331509932,3.3674711761849063,0
2016-08-22 11:25:00,9.801043756809909,0.7861718896731995,0.029120671461865456,1.7208096620977023,0
2016-08-22 11:30:00,10.185104187998768,0.7902253647131599,0.03190639219825882,4.296507867864435,0
2016-08-22 11:35:00,10.501946849358092,0.7907477368062104,0.033240317750869844,4.296507867864435,0
2016-08-22 11:40:00,10.341716600163897,0.7963627925766668,0.03437369334579475,3.206823454663094,0
2016-08-22 11:45:00,10.229889466221854,0.8127294937642657,0.036597745520490256,3.206823454663094,0
2016-08-22 11:50:00,10.177750609897021,0.7949999638549049,0.03229595009833194,2.5946151158120223,0
2016-08-22 11:55:00,11.869940599343286,0.823142220924234,0.0451760723894596,16.54476828500975,0
2016-08-22 12:00:00,11.954066758977241,0.8285680261558801,0.04604018818320636,16.54476828500975,0
2016-08-22 12:05:00,10.251621180138793,0.7845529249662977,0.030319436316407305,1.075591973534826,0
2016-08-22 12:10:00,10.205848529945008,0.7806976996087899,0.02936355877345806,2.1889205195116785,0
2016-08-22 12:15:00,10.347841172123697,0.7768400216989286,0.028156357381970042,2.1889205195116785,0
2016-08-22 12:20:00,10.467884897438429,0.7623220412142167,0.027234462157680477,1.0781826783719042,0
2016-08-22 12:25:00,10.903048606167664,0.7375159790297978,0.025970848330526375,1.519722711098409,0
2016-08-22 12:30:00,11.207128582593022,0.737391811669022,0.025854639585442228,1.8567009445717004,0
2016-08-22 12:35:00,11.328021249386875,0.7566206041363382,0.0270521391198942,2.313293505422878,0
2016-08-22 12:40:00,11.678012549859087,0.7589757842720801,0.027576816771846212,2.7398081414818978,0
2016-08-22 12:45:00,12.055087604010168,0.7879118229822432,0.03278507009296173,2.7398081414818978,0
2016-08-22 12:50:00,11.633493699060288,0.79759863024342,0.03340040371347605,3.247782044681938,0
2016-08-22 12:55:00,11.461624493264953,0.7798516274935422,0.03036461710063857,3.247782044681938,0
2016-08-22 13:00:00,12.04455171865389,0.771453673054759,0.029846081589534522,1.991646797972494,0
2016-08-22 13:05:00,11.84899730848515,0.7651357631090729,0.028073974915292392,4.481490677099797,0
2016-08-22 13:10:00,11.43964414508404,0.7825430956335824,0.028972690576473024,4.481490677099797,0
2016-08-22 13:15:00,10.938290228950107,0.7899597413705699,0.029757888419153423,3.1219451359045687,0
2016-08-22 13:20:00,10.711857105223949,0.79600998065373,0.031083388494986486,2.1209658742918016,0
2016-08-22 13:25:00,10.927620913871154,0.8125599317919459,0.0332706267069632,4.935914069839823,0
2016-08-22 13:30:00,10.575406929144965,0.8087916000368378,0.032045514332107394,4.942093259149148,0
2016-08-22 13:35:00,10.410214855940572,0.7926143216941838,0.02982904425721588,4.942093259149148,0
2016-08-22 13:40:00,10.794157671034602,0.7821174541775084,0.028135675324309745,2.1589928042168878,0
2016-08-22 13:45:00,10.921110734465447,0.7794583498758332,0.027695102651784237,2.1589928042168878,0
2016-08-22 13:50:00,10.860774762619146,0.7806668851312832,0.027800182363103155,1.9949524806255237,0
2016-08-22 13:55:00,10.432917835391994,0.7835940170537172,0.02795455519703093,1.7377202391280202,0
2016-08-22 14:00:00,10.275738634525263,0.8094546208767166,0.033819097029360076,1.8423911069632317,0
2016-08-22 14:05:00,9.79928849897515,0.8169595781973162,0.03447077438784326,3.6702509385758817,0
2016-08-22 14:10:00,9.445371963053608,0.8119854537183591,0.0325086495281536,3.6702509385758817,0
2016-08-22 14:15:00,10.48524582462516,0.8334690587540496,0.0371505799701778,8.58633978675428,0
2016-08-22 14:20:00,10.440702744404996,0.8328885091710726,0.035855187994651636,8.58633978675428,0
2016-08-22 14:25:00,9.460855030508764,0.819066479934379,0.03165413896484497,1.3342613158685572,0
2016-08-22 14:30:00,9.383626516608983,0.8109112602638998,0.031034663051183513,1.486802805119797,0
2016-08-22 14:35:00,9.427357706819908,0.812873169478427,0.03315881653241879,1.486802805119797,0
2016-08-22 14:40:00,9.459022828838803,0.8159367230450116,0.03349276529783303,1.1981203337581086,0
2016-08-22 14:45:00,9.386510355644457,0.802998794748804,0.031202200769606107,1.457540542898111,0
2016-08-22 14:50:00,9.442424533912952,0.8116095381124462,0.033684046135225375,1.8616613748356956,0
2016-08-22 14:55:00,9.63194468741365,0.8141320011341602,0.033685495962983494,1.8616613748356956,0
2016-08-22 15:00:00,9.686651192457408,0.8055143817297141,0.031641869574194445,1.6369989794710085,0
2016-08-22 15:05:00,9.48177317568147,0.8038220924370189,0.03196834570693374,2.5587193455784516,0
2016-08-22 15:10:00,9.313166713786206,0.8080557284800889,0.033873658634702764,2.5587193455784516,0
2016-08-22 15:15:00,9.324266558225013,0.8123054082212186,0.03492960423253995,2.225251568855366,0
2016-08-22 15:20:00,9.411672443552472,0.8163443154536838,0.03478558252269016,1.6841031724440372,0
2016-08-22 15:25:00,9.940184630657296,0.8203512699630653,0.03467875947889846,9.223869313965574,0
2016-08-22 15:30:00,9.598344866538786,0.8251435556763296,0.03477161343815658,9.223869313965574,0
2016-08-22 15:35:00,8.861713909873481,0.8158021361216719,0.033881049507097714,7.924773836270188,0
2016-08-22 15:40:00,9.31715117298209,0.8029778372023582,0.03362835151867936,1.8385478211170074,0
2016-08-22 15:45:00,9.811566304716838,0.814859902380465,0.0360535045019406,3.535916047990845,0
2016-08-22 15:50:00,9.467666399552943,0.816805348536596,0.03513063501533607,3.535916047990845,0
2016-08-22 15:55:00,9.741586988199785,0.8411916169321633,0.03945658764940184,3.022106382973668,0
2016-08-22 16:00:00,9.967816193323229,0.8355629534775484,0.03790684950868215,3.022106382973668,0
2016-08-22 16:05:00,9.433849124998396,0.8035142464866385,0.031462494478358596,2.664117533537823,0
2016-08-22 16:10:00,9.596455272742777,0.8348555866086209,0.041056737871491264,7.162296238196679,0
2016-08-22 16:15:00,9.386528494743313,0.8310347879019726,0.0404225085837885,7.162296238196679,0
2016-08-22 16:20:00,9.512897693669407,0.8193094355786539,0.035012757210145365,2.33539195394139,0
2016-08-22 16:25:00,10.150944402458155,0.8375746176023621,0.03902387424886942,6.473508218125814,0
2016-08-22 16:30:00,10.700741589330034,0.8351070592157955,0.03921752010141056,6.473508218125814,0
2016-08-22 16:35:00,10.496053489435791,0.8244251015788074,0.036363935927174004,6.151937791658638,0
2016-08-22 16:40:00,9.488232033659084,0.8083792827731191,0.032452249540710465,1.5085172083044094,0
2016-08-22 16:45:00,9.525826288117125,0.8059696325932272,0.03210589550457864,3.3097494386789443,0
2016-08-22 16:50:00,10.228331443084882,0.8135237871312208,0.033108458233177616,3.3097494386789443,0
2016-08-22 16:55:00,10.335770799572328,0.821127090724251,0.03420770329630955,2.37976373883457,0
2016-08-22 17:00:00,10.482622393293436,0.8355677244573904,0.03773890065074429,3.1486839892299057,0
2016-08-22 17:05:00,10.730510392222431,0.8303147466853402,0.036318046336723205,3.526730439175014,0
2016-08-22 17:10:00,10.488262609120081,0.8288413116904721,0.03639550118407596,3.526730439175014,0
2016-08-22 17:15:00,10.480881585183505,0.8485618101329042,0.04122633139996153,3.6070738044889294,0
2016-08-22 17:20:00,11.626718867349615,0.8347644534236333,0.04735859462225038,22.269234517141363,0
2016-08-22 17:25:00,10.993529798456285,0.8107218511846229,0.0426162790428112,22.269234517141363,0
2016-08-22 17:30:00,9.469958442298125,0.783760587693827,0.029993684435071572,22.17020265182136,0
2016-08-22 17:35:00,9.518347048402228,0.7651335141452513,0.028296079708508937,2.25989447996979,0
2016-08-22 17:40:00,9.405275919081685,0.7813182495897157,0.02975007806150829,2.25989447996979,0
2016-08-22 17:45:00,9.34133057289317,0.7865626112326032,0.030166100524810658,2.187672797967942,0
2016-08-22 17:50:00,9.862753094444841,0.7809968455998305,0.03125739982119061,2.736710572941651,0
2016-08-22 17:55:00,10.817364884087889,0.7860832631422461,0.03193809495831914,2.736710572941651,0
2016-08-22 18:00:00,11.473390269348645,0.7720538417666264,0.02864321201209454,4.1146962086384065,0
2016-08-22 18:05:00,11.380450862600288,0.7577151875070479,0.026302914772051083,4.1146962086384065,0
2016-08-22 18:10:00,10.694810710784571,0.7706956979212821,0.027633632235690254,1.2871860464152034,0
2016-08-22 18:15:00,10.647484022345768,0.804515102787958,0.032020310018761045,2.769212980354435,0
2016-08-22 18:20:00,10.505252356036802,0.8155590155422011,0.0338179387136303,3.1382122088915323,0
2016-08-22 18:25:00,9.9774486731628,0.81987435741152,0.03478966904003884,3.1382122088915323,0
2016-08-22 18:30:00,10.098072980922689,0.8385704516237371,0.03807652278005191,2.3673557177730262,0
2016-08-22 18:35:00,10.50485307222128,0.8401281487389247,0.037579879799201237,2.5900952045677754,0
2016-08-22 18:40:00,10.941723116531398,0.8309040288213467,0.034908296598156655,2.5900952045677754,0
2016-08-22 18:45:00,11.564057984167256,0.8313902044691597,0.03761763455983932,3.6307187563473975,0
2016-08-22 18:50:00,11.308215829501375,0.8142749222793089,0.0358991663432655,3.6307187563473975,0
2016-08-22 18:55:00,10.821487003312843,0.7804416407071866,0.02945071558994139,1.827524993314218,0
2016-08-22 19:00:00,11.302704515178316,0.7754192619223155,0.02956418553897397,1.827524993314218,0
2016-08-22 19:05:00,11.193609414263552,0.7740631481556189,0.030095805349348175,1.8603433944852317,0
2016-08-22 19:10:00,10.547084161216107,0.7890106591840145,0.03203829875695254,1.8603433944852317,0
2016-08-22 19:15:00,10.317675035931778,0.7986363082271585,0.032716943947730365,1.9622549464974122,0
2016-08-22 19:20:00,10.247533516349552,0.8004528379094206,0.03302721334698892,1.9622549464974122,0
2016-08-22 19:25:00,10.695717533296627,0.8374960014504937,0.03937299256800837,2.4769489635666604,0
2016-08-22 19:30:00,11.168197098102208,0.8640771919716718,0.04357653705687026,3.216602903969394,0
2016-08-22 19:35:00,11.09922691322327,0.8494291275055057,0.041493646269204265,3.216602903969394,0
2016-08-22 19:40:00,12.04728907029953,0.8507603953004441,0.046323630467518084,10.687004523474952,0
2016-08-22 19:45:00,12.561692464484935,0.8271600314741486,0.04149500250402208,10.687004523474952,0
2016-08-22 19:50:00,14.099513385788054,0.8137883219248462,0.03308792427811065,7.050899289336511,0
2016-08-22 19:55:00,15.522966350234833,0.8329462829914618,0.03500788413147703,7.689305155464056,0
2016-08-22 20:00:00,13.246435143572096,0.8262739760138137,0.03545834826533016,7.689305155464056,0
2016-08-22 20:05:00,11.44350430538332,0.8135763100953901,0.03480739218969102,2.2602656623836257,0
2016-08-22 20:10:00,11.210398350456225,0.8139745282665752,0.036016111945322074,6.01397150353344,0
2016-08-22 20:15:00,10.925814638886658,0.8228633302589241,0.037357471316922554,6.01397150353344,0
2016-08-22 20:20:00,10.737273141930796,0.815194846763998,0.0356558033111737,2.6835518417946247,0
2016-08-22 20:25:00,10.588751423433129,0.8200421310190472,0.03568225794026976,3.0325690838563926,0
2016-08-22 20:30:00,10.646862356842476,0.8140373958199498,0.03366496687632431,3.0325690838563926,0
2016-08-22 20:35:00,11.091200700814632,0.8179431482905157,0.03497309678561542,1.7245651218324665,0
2016-08-22 20:40:00,11.267214604834505,0.8445807556932978,0.039686813701064534,2.11434475867454,0
2016-08-22 20:45:00,11.78636789212476,0.867694084172054,0.04828577770701339,3.6370533672679675,0
2016-08-22 20:50:00,11.278170931529958,0.8710527651157477,0.0504161009337409,6.179271270901375,0
2016-08-22 20:55:00,10.320943881092692,0.8406836278936537,0.040948871756234004,6.179271270901375,0
2016-08-22 21:00:00,10.43017287478589,0.8364368475633651,0.03992530797868725,1.5334010453785254,0
2016-08-22 21:05:00,10.574969673387592,0.8436730142830035,0.04132008172552761,1.804255460120151,0
2016-08-22 21:10:00,10.683793389770646,0.8471129003273014,0.041655377822654924,1.804255460120151,0
2016-08-22 21:15:00,10.574749648445497,0.8315283295632228,0.03854759644941833,2.4813920978008035,0
2016-08-22 21:20:00,10.721495139384796,0.8293270187644716,0.03735539891459245,4.2749387238789245,0
2016-08-22 21:25:00,10.783888045196354,0.842408498854659,0.03895404756554997,4.2749387238789245,0
2016-08-22 21:30:00,10.333223552556985,0.8268531297770099,0.03499855641668603,2.5073595027311746,0
2016-08-22 21:35:00,10.331980016887844,0.8271493131331119,0.03531543980252493,2.0785128543028093,0
2016-08-22 21:40:00,10.403111165971403,0.8204664655918794,0.03475364346380681,2.7691544166462347,0
2016-08-22 21:45:00,10.390651016110425,0.8178812978934171,0.034525252956460445,2.7691544166462347,0
2016-08-22 21:50:00,10.420849734039955,0.831034955456859,0.03735255820501727,1.8993595015960543,0
2016-08-22 21:55:00,10.31175604112645,0.8116362614487719,0.03345708179551657,1.261033219226694,0
2016-08-22 22:00:00,10.205320203909839,0.7895201174572277,0.028885179742834683,1.3730272484782915,0
2016-08-22 22:05:00,10.194316018046447,0.8095020870226899,0.033596034452507646,3.6016544243531565,0
2016-08-22 22:10:00,10.389880635321784,0.8171840020890371,0.03558352052628584,3.6016544243531565,0
2016-08-22 22:15:00,10.915575576059057,0.8137823409686898,0.03852114400203492,9.515737067817918,0
2016-08-22 22:20:00,11.043386867282301,0.8065837432955427,0.03695510818856069,9.515737067817918,0
2016-08-22 22:25:00,11.187937168940987,0.804967052313945,0.03181885920855142,9.270855004639538,0
2016-08-22 22:30:00,12.950070105207834,0.8682287898331456,0.04492252939184357,2.887394422969084,0
2016-08-22 22:35:00,12.68808018178277,0.8844670044349173,0.04865284062633285,2.887394422969084,0
2016-08-22 22:40:00,11.051935739167998,0.8428254290857228,0.040230246740257776,4.8870917587788,0
2016-08-22 22:45:00,10.97878488371964,0.8420720920320846,0.03981961352129251,4.8870917587788,0
2016-08-22 22:50:00,10.977947794901912,0.8290324737311943,0.037071355434132425,3.9346126244721056,0
2016-08-22 22:55:00,10.747737123205969,0.8024103940460341,0.031869637932964615,2.042118985884918,0
2016-08-22 23:00:00,10.46632076344312,0.8072173103430049,0.03229536998766843,3.053857192784345,0
2016-08-22 23:05:00,10.611399624394563,0.8151563829956348,0.03465255862023268,3.053857192784345,0
2016-08-22 23:10:00,10.98806085867155,0.8223984932205761,0.03571416744458232,3.303696637412438,0
2016-08-22 23:15:00,10.900435809090853,0.8241074053160022,0.035422298084471074,3.451190042121192,0
2016-08-22 23:20:00,10.76657765479639,0.8249745563343225,0.03685264019201969,3.451190042121192,0
2016-08-22 23:25:00,10.525887665364491,0.8312573400567287,0.03774242773153476,2.1879152882575625,0
2016-08-22 23:30:00,10.959092748222721,0.8390685042985022,0.03868057340391846,5.648337940061591,0
2016-08-22 23:35:00,10.69745763383921,0.8439396512815862,0.03979148565247908,5.648337940061591,0
2016-08-22 23:40:00,9.943642500392608,0.8282859007403419,0.0371069519916877,2.80792260867397,0
2016-08-22 23:45:00,10.349524232903619,0.8289820748454284,0.037031489650099156,2.80792260867397,0
2016-08-22 23:50:00,10.113800633983729,0.8245116062343151,0.03567005827716582,1.494981555230704,0
2016-08-22 23:55:00,9.941329381598937,0.8131029629670274,0.03382781512539066,2.5851866062107285,0
2016-08-23 00:00:00,10.580418275030063,0.8136821472977072,0.03452078317307374,3.1944474227978006,0
2016-08-23 00:05:00,11.218061295579313,0.8115318158023728,0.03500578566904876,9.365739702036748,0
2016-08-23 00:10:00,11.569539841615134,0.8233647571926426,0.03637074196568927,9.365739702036748,0
2016-08-23 00:15:00,11.804291458002725,0.8309604842884105,0.03720495966964667,5.235760883666522,0
2016-08-23 00:20:00,11.816785534378642,0.8257845104783557,0.03624930876769991,5.235760883666522,0
2016-08-23 00:25:00,11.381978232763677,0.8117452165904475,0.032918219967757435,2.9214072422019575,0
2016-08-23 00:30:00,10.886453658860468,0.7991989222221665,0.03123232834805979,4.59391264877125,0
2016-08-23 00:35:00,11.139800035550206,0.8302586149614071,0.03857951116387125,4.59391264877125,0
2016-08-23 00:40:00,11.174316193336342,0.8371914893352036,0.03955245419763743,2.909990629529312,0
2016-08-23 00:45:00,10.621384200886984,0.7982093579212612,0.03180063429705215,2.5516681272012107,0
2016-08-23 00:50:00,10.84439299502105,0.8033472352092789,0.034181813030688374,1.7742007914603632,0
2016-08-23 00:55:00,11.164881150554674,0.8156110497370919,0.03599492316648468,2.2100305518078724,0
2016-08-23 01:00:00,10.89510754131374,0.8018276876638954,0.03282862110594961,2.2100305518078724,0
2016-08-23 01:05:00,11.114622529257002,0.7989801032966503,0.033309318691143536,6.184988276420015,0
2016-08-23 01:10:00,11.546792064426636,0.7965600804367517,0.03258788884533702,6.184988276420015,0
2016-08-23 01:15:00,11.607631197553541,0.786600641128021,0.0306070254204385,1.8023123218413573,0
2016-08-23 01:20:00,12.052369164088718,0.7739635743136948,0.028767175773978897,6.401724956875003,0
2016-08-23 01:25:00,12.18077732323112,0.7743418939580522,0.028829046794657347,6.401724956875003,0
2016-08-23 01:30:00,11.915341795691784,0.7862955453981125,0.03152666291703363,4.262977171723755,0
2016-08-23 01:35:00,11.616317969189186,0.7757177896225051,0.03090977721337958,3.547087754086589,0
2016-08-23 01:40:00,11.520253781787122,0.7792255224375522,0.029624236419963,2.7925620289486663,0
2016-08-23 01:45:00,11.66344232536591,0.8032094741349822,0.03176800002621391,2.7925620289486663,0
2016-08-23 01:50:00,11.171553428562259,0.7920458321345741,0.03103777900689685,3.443722870430744,0
2016-08-23 01:55:00,11.146913553492277,0.7832260543109161,0.0308914789086283,3.443722870430744,0
2016-08-23 02:00:00,11.09799759474255,0.7716390683892902,0.029963256867408916,3.361245022016811,0
2016-08-23 02:05:00,10.760393620995213,0.7491202950542619,0.026781561078062045,3.361245022016811,0
2016-08-23 02:10:00,11.91794774662605,0.8096025587053831,0.03819496854767148,3.739276090205881,0
2016-08-23 02:15:00,12.491777005835967,0.8076260846959156,0.03797009609671712,3.739276090205881,0
2016-08-23 02:20:00,12.582396964774581,0.7592507549439725,0.02748668711906401,1.6798443446870006,0
2016-08-23 02:25:00,13.361307134972767,0.765332447823903,0.027604937879678004,1.6798443446870006,0
2016-08-23 02:30:00,13.475131109536937,0.7682325955167683,0.027579016254364357,2.6241197829781466,0
2016-08-23 02:35:00,13.448999162196838,0.7750876901853766,0.028893338330048386,2.6241197829781466,0
2016-08-23 02:40:00,13.628068636234238,0.7690639310036584,0.028476142002074274,2.3169593061535303,0
2016-08-23 02:45:00,13.732444254785644,0.7554549628181997,0.02678809728256052,2.3169593061535303,0
2016-08-23 02:50:00,14.160049750451966,0.7574652318870192,0.02826205052879801,4.0039440704455895,0
2016-08-23 02:55:00,14.036883750866366,0.7699853845698597,0.030568835251510756,4.0039440704455895,0
2016-08-23 03:00:00,13.238317791504551,0.7771753933529888,0.0315795793241214,3.2573634446446653,0
2016-08-23 03:05:00,13.15867789445071,0.78343692069776,0.03145159101361199,4.4145930548737695,0
2016-08-23 03:10:00,13.28125823435071,0.7688593515652984,0.028765316167165333,4.4145930548737695,0
2016-08-23 03:15:00,13.86130829450894,0.7550659074070345,0.02719490326624044,3.0654662819286873,0
2016-08-23 03:20:00,15.112368563885695,0.7666540653576586,0.029433337598757,13.42857587796437,0
2016-08-23 03:25:00,14.592488568016114,0.7720353204920914,0.02975892900244746,13.42857587796437,0
2016-08-23 03:30:00,13.517767847614866,0.7477442693007723,0.025746970496528104,4.202654420319792,0
2016-08-23 03:35:00,14.082623625661535,0.7316500699802062,0.023992403463159475,4.202654420319792,0
2016-08-23 03:40:00,14.923740350571075,0.7584910543837844,0.031033670687074483,4.551599654711487,0
2016-08-23 03:45:00,14.553844957996265,0.7786219082804821,0.03387685738105349,4.6385573436696435,0
2016-08-23 03:50:00,13.911833089523853,0.7665709147262274,0.02877506188042838,4.6385573436696435,0
2016-08-23 03:55:00,13.95329626283888,0.7660723102702769,0.028193612050910456,1.5782966337234117,0
2016-08-23 04:00:00,13.134126589342861,0.761546029711051,0.02812752238243661,2.9643652133889846,0
2016-08-23 04:05:00,13.166744753973665,0.7468494902387252,0.026777524959162975,3.46774948305348,0
2016-08-23 04:10:00,13.64616109035875,0.7352485848129976,0.024374267289425162,3.46774948305348,0
2016-08-23 04:15:00,13.531117522055826,0.730756587425542,0.023498826738832884,2.933347466664632,0
2016-08-23 04:20:00,14.015245116632277,0.7331147416928523,0.0244135234577273,3.797858222354976,0
2016-08-23 04:25:00,14.446556340860457,0.7544425568439346,0.028771435846141658,5.588929468002148,0
2016-08-23 04:30:00,14.470579712171794,0.7603649462587807,0.029563027377918816,5.588929468002148,0
2016-08-23 04:35:00,15.401616743201554,0.7908871686214174,0.035979305788721064,7.144505937673186,0
2016-08-23 04:40:00,15.721892637750576,0.7876342666849697,0.03546130111727068,7.144505937673186,0
2016-08-23 04:45:00,15.105427332079298,0.7431793113934708,0.02494815073870045,2.541282798488258,0
2016-08-23 04:50:00,14.871153707078534,0.7589267525405907,0.027129973106211586,1.4250049384609473,0
2016-08-23 04:55:00,14.817118159650239,0.778947590303122,0.030955975196785796,3.1187232843182042,0
2016-08-23 05:00:00,14.374848322712054,0.7853809059136669,0.033437217255913226,3.3992685223452783,0
2016-08-23 05:05:00,13.631023435440682,0.7639397675752968,0.030340687481811825,3.3992685223452783,0
2016-08-23 05:10:00,13.91374937589507,0.7568472151744882,0.02745926297715981,2.945664703055677,0
2016-08-23 05:15:00,15.387367523394593,0.7994291260931575,0.04099428864968238,20.631833542456324,0
2016-08-23 05:20:00,14.357225495152472,0.7922189249352305,0.03983302134121469,22.414563101114815,0
2016-08-23 05:25:00,12.338750832709902,0.7458635778945675,0.025390631453667135,22.414563101114815,0
2016-08-23 05:30:00,12.728315532442636,0.7503547406931369,0.026397715147217997,2.489191753779992,0
2016-08-23 05:35:00,12.838061547592144,0.784068296191968,0.031851941583040916,2.489191753779992,0
2016-08-23 05:40:00,12.484463793311082,0.7642331300367426,0.029693188760635824,2.2885758910817193,0
2016-08-23 05:45:00,12.70116610345264,0.7396673550774979,0.026589838238077895,1.561185466112416,0
2016-08-23 05:50:00,12.954177027850946,0.7496391105205081,0.028347619696847237,2.1130163991743545,0
2016-08-23 05:55:00,13.272081911888204,0.7464424572298122,0.02699467970770176,2.1130163991743545,0
2016-08-23 06:00:00,12.786778467353946,0.7384314008840469,0.025452885174041755,3.619587124304151,0
2016-08-23 06:05:00,12.150710196662818,0.7492846548366009,0.027265591236564097,3.619587124304151,0
2016-08-23 06:10:00,13.70969004902554,0.7501463418927673,0.026789804077939166,2.17594272239216,0
2016-08-23 06:15:00,15.096955647555921,0.736838390535909,0.02479519328610881,2.3191624369600428,0
2016-08-23 06:20:00,15.595319835438408,0.7456559597960698,0.02640551373774027,2.5222764329587677,0
2016-08-23 06:25:00,15.136489733794287,0.7427125314442586,0.025811878311430742,2.5222764329587677,0
2016-08-23 06:30:00,14.26623848754665,0.7335584473711771,0.02433229481268465,5.114334709075617,0
2016-08-23 06:35:00,14.410597732572711,0.7361398905060237,0.024371692725080638,5.114334709075617,0
2016-08-23 06:40:00,14.379753205195698,0.7360592746432768,0.024278757210524513,2.349794899809281,0
2016-08-23 06:45:00,14.17089422615762,0.7382175442802312,0.02444888396631914,2.349794899809281,0
2016-08-23 06:50:00,14.11046816784176,0.7333642904818679,0.024527135776845885,1.526807419567046,0
2016-08-23 06:55:00,14.439740152990463,0.7431134426119681,0.027312009360365975,2.689230890981553,0
2016-08-23 07:00:00,13.956065623717777,0.7506260737123875,0.02763404369852786,3.7031881916342786,0
2016-08-23 07:05:00,13.445538926990812,0.7403690023264081,0.025403809026306307,3.7031881916342786,0
2016-08-23 07:10:00,13.89852520489218,0.7385406955831715,0.025998669666672542,2.472642906158914,0
2016-08-23 07:15:00,13.693542090560005,0.7299349479446335,0.025215937836225367,2.472642906158914,0
2016-08-23 07:20:00,13.751603226212191,0.7344358706949946,0.025288752838252916,2.7007475269194154,0
2016-08-23 07:25:00,13.921777782811228,0.7334242531948185,0.024821490440926575,2.7007475269194154,0
2016-08-23 07:30:00,13.774949947418449,0.7423661895545095,0.026456434556881365,3.1029181967404615,0
2016-08-23 07:35:00,14.16744575675635,0.759414823912256,0.028619360985442134,3.1029181967404615,0
2016-08-23 07:40:00,14.334541993107417,0.7535444618434297,0.026984289626204767,2.373012604804529,0
2016-08-23 07:45:00,14.163271846488765,0.7423942605362732,0.025681929431189986,3.626969629513964,0
2016-08-23 07:50:00,13.887433903812596,0.741863065826149,0.026194177329070624,3.626969629513964,0
2016-08-23 07:55:00,13.172095399141588,0.7534332260591383,0.028003557128675353,3.268802839087336,0
2016-08-23 08:00:00,11.958539920497486,0.7552863690143627,0.027439638453072363,3.268802839087336,0
2016-08-23 08:05:00,11.277822746539915,0.7533054013360785,0.02673556540736353,2.9323411580294088,0
2016-08-23 08:10:00,12.381114215974495,0.7584982065561413,0.02780238149453466,5.384135340586275,0
2016-08-23 08:15:00,11.922973597691646,0.7571283263540547,0.027747208982501177,5.384135340586275,0
2016-08-23 08:20:00,10.349225397012711,0.7600748633790995,0.02838133189396354,3.0871732979094144,0
2016-08-23 08:25:00,9.911488088302898,0.7724627442061913,0.029555498329755986,3.0871732979094144,0
2016-08-23 08:30:00,9.43471231818556,0.790952890315562,0.030652302391088758,1.9946029994545729,0
2016-08-23 08:35:00,10.146645321580328,0.8318200844096585,0.03720729652303157,2.2507621340427137,0
2016-08-23 08:40:00,11.062103978222085,0.8666803468236167,0.04602277784480634,6.444788325022216,0
2016-08-23 08:45:00,10.794014600715109,0.8617127170192886,0.04550582380906913,6.444788325022216,0
2016-08-23 08:50:00,10.333704777324181,0.8637391666899926,0.04520944099500159,3.390003595381625,0
2016-08-23 08:55:00,10.4651560960306,0.8868100421341826,0.05138507939538576,1.5488735868917822,0
2016-08-23 09:00:00,10.848872610494011,0.8956986778597996,0.053666926039329696,1.3197536103558813,0
2016-08-23 09:05:00,10.763031644236271,0.8887318889525895,0.05157860584368286,1.7523967108744125,0
2016-08-23 09:10:00,10.18961289786861,0.8319556852963137,0.039703911760717595,3.0134584236629136,0
2016-08-23 09:15:00,9.760683265248932,0.7834457332966263,0.030079124972910265,3.0134584236629136,0
2016-08-23 09:20:00,9.905893722254977,0.7980510938616939,0.03292691971916515,4.268075668212132,0
2016-08-23 09:25:00,10.164355800608364,0.7993699290347049,0.031415064948384065,4.268075668212132,0
2016-08-23 09:30:00,10.101599658552258,0.7904821857771659,0.029360512452121613,1.75452694634296,0
2016-08-23 09:35:00,9.952618509188515,0.7961691512330953,0.0314804577529897,3.4076935982955936,0
2016-08-23 09:40:00,9.740581030018854,0.7898994435673613,0.030665639821964942,3.4076935982955936,0
2016-08-23 09:45:00,9.437467068195662,0.7863363403931054,0.030109648171265747,3.3757661096886604,0
2016-08-23 09:50:00,9.528257891702099,0.7896858227726474,0.03132312578320049,3.3757661096886604,0
2016-08-23 09:55:00,9.748581336215947,0.7860515000013892,0.03139694262406366,2.5261789910044294,0
2016-08-23 10:00:00,10.301858323758328,0.7793351446888748,0.029784898761827765,2.5261789910044294,0
2016-08-23 10:05:00,10.461648595890711,0.7814127473772169,0.031033122831119565,4.322774756592984,0
2016-08-23 10:10:00,9.850969240529253,0.7768997150883497,0.03097336467218712,4.322774756592984,0
2016-08-23 10:15:00,9.898162332431786,0.7780234856331816,0.03040091975991297,3.7902278878258913,0
2016-08-23 10:20:00,10.716815269423993,0.7968792300425815,0.03377421936400319,3.7902278878258913,0
2016-08-23 10:25:00,11.119187563478764,0.8037626148512452,0.03420862838733598,4.509716976217914,0
2016-08-23 10:30:00,10.844786107591634,0.7934522851208387,0.031226765518387982,4.509716976217914,0
2016-08-23 10:35:00,10.803506243544025,0.7942937798645217,0.03190581632612227,5.197656664255857,0
2016-08-23 10:40:00,11.040339747582351,0.7999228045831235,0.03275018845474119,5.197656664255857,0
2016-08-23 10:45:00,11.169455574884308,0.7937269149678198,0.03196052259320983,1.6797935302880806,0
2016-08-23 10:50:00,11.15711234656838,0.7847721467213749,0.031452885722824495,5.954808991316836,0
2016-08-23 10:55:00,10.824984852916247,0.7650230302033281,0.028131801567023784,5.954808991316836,0
2016-08-23 11:00:00,10.685134693940388,0.7552886351757604,0.026944667235408882,2.42011844620574,0
2016-08-23 11:05:00,10.872387012998303,0.779038100048548,0.03159475795328577,3.8514032138410843,0
2016-08-23 11:10:00,10.975330322945059,0.7682099417594539,0.029863307903301002,3.8514032138410843,0
2016-08-23 11:15:00,10.794519392756111,0.7420876589913554,0.025436973071923073,2.942086771340614,0
2016-08-23 11:20:00,11.04416538502286,0.7544249103523255,0.02758859909936744,2.9676304142237,0
2016-08-23 11:25:00,11.307597899191403,0.7671457638153738,0.02904813217066049,3.8080883847934666,0
2016-08-23 11:30:00,11.233947616215351,0.7817118951535068,0.03094746704266845,3.8080883847934666,0
2016-08-23 11:35:00,12.09369571498494,0.7785177137027838,0.031078787241937696,4.171953385206914,0
2016-08-23 11:40:00,12.31829937826602,0.760278979837095,0.027316644811895014,4.171953385206914,0
2016-08-23 11:45:00,11.39813807325497,0.7568444404433794,0.025490056445367892,4.765730949825354,0
2016-08-23 11:50:00,10.70645348035561,0.7578467461057532,0.02635549133392327,4.765730949825354,0
2016-08-23 11:55:00,10.519816922353467,0.7677308109722095,0.02827904868251054,1.6437060569617745,0
2016-08-23 12:00:00,10.962991357603725,0.772071587671859,0.028891658753128924,2.7076643083638836,0
2016-08-23 12:05:00,11.414315587989742,0.7745480130691356,0.02877544388303906,2.7076643083638836,0
2016-08-23 12:10:00,11.479499433226662,0.7896458396833149,0.02952120153765232,2.518415683194862,0
2016-08-23 12:15:00,11.314669862143512,0.793348699816437,0.029432111765784436,1.301084416815415,0
2016-08-23 12:20:00,11.160231087832326,0.791725906274472,0.029182039725093402,1.976824905415232,0
2016-08-23 12:25:00,11.843448261131972,0.791156188894591,0.028436672762255012,2.0577941159804523,0
2016-08-23 12:30:00,12.431161749546838,0.7960807107111854,0.029026076180249206,2.0577941159804523,0
2016-08-23 12:35:00,11.96966388649505,0.7978342278681433,0.029089569036573493,1.6118429039027913,0
2016-08-23 12:40:00,11.360253978559571,0.7959600560621709,0.02901554486625855,2.3369726198521885,0
2016-08-23 12:45:00,11.272946458482988,0.794430054707908,0.029798956448112555,3.4793629053723993,0
2016-08-23 12:50:00,11.565446123152984,0.7830072771670815,0.02909919995689154,3.4793629053723993,0
2016-08-23 12:55:00,11.768046267618967,0.7744866644564087,0.028661538362556978,8.721926987913951,0
2016-08-23 13:00:00,11.792153650692532,0.7767302057124184,0.029578179997650732,8.721926987913951,0
2016-08-23 13:05:00,11.688360133958808,0.7876235662013248,0.03151398774894569,2.544491439895553,0
2016-08-23 13:10:00,11.148292517005757,0.7813620850546291,0.030912240362055594,2.4631188066411642,0
2016-08-23 13:15:00,10.41029279228631,0.7624406104820014,0.027820431950179792,2.03650930991997,0
2016-08-23 13:20:00,10.68548158893228,0.7803156620931201,0.030015400269217424,1.2060705384639665,0
2016-08-23 13:25:00,11.045842228696387,0.7916528267637708,0.030817785516630208,1.9563462441910249,0
2016-08-23 13:30:00,10.979446820885181,0.776254817473967,0.027224749290321593,2.4316999173979528,0
2016-08-23 13:35:00,11.216255507687311,0.7704768948377669,0.02684406543467931,2.4316999173979528,0
2016-08-23 13:40:00,11.156782419702493,0.7819447265111765,0.02878403958718338,2.638025717495049,0
2016-08-23 13:45:00,10.809503158437543,0.7885580400824599,0.029659027479344936,2.638025717495049,0
2016-08-23 13:50:00,11.869357769069667,0.7977434052937318,0.038306391701993715,16.5864860251073,0
2016-08-23 13:55:00,11.696137713706179,0.7899072832001899,0.03689601287836547,16.5864860251073,0
2016-08-23 14:00:00,11.02276186824309,0.804991225313952,0.03252707824941103,3.7104732088337915,0
2016-08-23 14:05:00,11.299473098673754,0.8352387113898305,0.03890318185428277,3.7104732088337915,0
2016-08-23 14:10:00,10.754645996171913,0.8085540019993145,0.03356227832718589,3.4392912585346758,0
2016-08-23 14:15:00,10.524082546463287,0.7906299843349693,0.028828505154608434,2.9341622539575076,0
2016-08-23 14:20:00,10.33362425253727,0.7980513101836345,0.029868407416714808,2.9341622539575076,0
2016-08-23 14:25:00,9.870093793975968,0.808299675539981,0.03131743385520722,1.318639960249062,0
2016-08-23 14:30:00,9.973906264466745,0.8074244685348472,0.031484263380682345,1.437311390101186,0
2016-08-23 14:35:00,10.344296823401423,0.8023606767581741,0.03029713140000253,1.437311390101186,0
2016-08-23 14:40:00,10.440933948800682,0.812688489020993,0.032236765252066465,1.6190096161348537,0
2016-08-23 14:45:00,10.984509990731631,0.8154621435000782,0.033816666695899625,2.784569684766441,0
2016-08-23 14:50:00,11.167601306473644,0.8138352413847934,0.03367733577700389,3.2268974012167124,0
2016-08-23 14:55:00,10.731449905836886,0.813000242230693,0.032703600690639996,3.2268974012167124,0
2016-08-23 15:00:00,10.547892172811654,0.8038340008047502,0.031003596567329518,2.1795882295007014,0
2016-08-23 15:05:00,10.565464070226643,0.811707891438296,0.03257211755007399,3.068541644984094,0
2016-08-23 15:10:00,10.677694743745706,0.8264227162556412,0.03666489823679016,3.068541644984094,0
2016-08-23 15:15:00,10.534909371260916,0.8206868194464626,0.03549160319834116,1.939189532797788,0
2016-08-23 15:20:00,10.321751566614179,0.8235653641310927,0.03422670848862232,1.939189532797788,0
2016-08-23 15:25:00,10.672835049034049,0.8478086471632544,0.0399394918939673,1.8861822631452367,0
2016-08-23 15:30:00,10.930608787559445,0.8450257747964021,0.042301615207271215,5.044972644025624,0
2016-08-23 15:35:00,10.77833126175542,0.8256949604062251,0.0374347798420666,5.044972644025624,0
2016-08-23 15:40:00,10.551349574896177,0.8199362636269707,0.033069036733298876,1.427971445100983,0
2016-08-23 15:45:00,10.560763470465943,0.8250756649410408,0.03462762410621657,3.4286975014920538,0
2016-08-23 15:50:00,10.23719120776844,0.8250280592820257,0.034613146934445865,3.4286975014920538,0
2016-08-23 15:55:00,9.810884189895297,0.8134629957882854,0.031897708140388656,3.058534148054798,0
2016-08-23 16:00:00,9.99847798211333,0.8106742330619334,0.031601760062116985,3.058534148054798,0
2016-08-23 16:05:00,10.528427401718861,0.8180182050116678,0.03588118430106524,7.980906732455579,0
2016-08-23 16:10:00,10.953770374522774,0.826925060295837,0.04330862272671387,8.461316123584735,0
2016-08-23 16:15:00,10.335248396002118,0.8149876664369061,0.03810942022536129,8.461316123584735,0
2016-08-23 16:20:00,10.589188289098379,0.8085739182836762,0.03222459578465206,3.0849180795273545,0
2016-08-23 16:25:00,11.144161013685675,0.8067226869424007,0.03239240786647453,3.0811284061462962,0
2016-08-23 16:30:00,10.684659554550256,0.8012729884077339,0.03070266418204618,2.1816555544724046,0
2016-08-23 16:35:00,10.885161951319011,0.8154588704667515,0.03464329945778842,4.075166644179761,0
2016-08-23 16:40:00,11.543136480654656,0.8298611372931357,0.03755491436394884,9.382231746934803,0
2016-08-23 16:45:00,11.421749305141185,0.8253225594931703,0.036431135829763414,9.382231746934803,0
2016-08-23 16:50:00,10.775377277143814,0.8022731324748724,0.03377903268619704,2.936665012417017,0
2016-08-23 16:55:00,10.491764187265346,0.7926770943000786,0.030978185726805985,2.936665012417017,0
2016-08-23 17:00:00,10.847869638692064,0.7851348176654372,0.0298732085937052,2.4268451027254754,0
2016-08-23 17:05:00,11.469165321708413,0.7654749161391727,0.02757211657131665,3.947796765408917,0
2016-08-23 17:10:00,10.872598223280276,0.7745669349249412,0.027967181749331584,4.210577571338728,0
2016-08-23 17:15:00,10.0065833620348,0.8039449516254138,0.032702909490188316,4.210577571338728,0
2016-08-23 17:20:00,9.873180124437615,0.8072811606453375,0.03364372321859088,2.6341722850074034,0
2016-08-23 17:25:00,9.823539914969174,0.7946184945213941,0.03157745966045257,2.6341722850074034,0
2016-08-23 17:30:00,10.068000163098855,0.7911320366920231,0.03168320037312995,2.1278670523137277,0
2016-08-23 17:35:00,10.320056860980795,0.8168844094765544,0.035874105975398626,2.853241003188001,0
2016-08-23 17:40:00,10.234816908114237,0.8274820371405477,0.03706853624820854,4.589549318406527,0
2016-08-23 17:45:00,10.433130403134076,0.8138614010285319,0.03442902208922001,4.589549318406527,0
2016-08-23 17:50:00,10.534145743394845,0.8051224509187151,0.03188543439193183,2.0912758963428484,0
2016-08-23 17:55:00,10.466905375688762,0.791839773565431,0.0299496617765286,2.8575859229992724,0
2016-08-23 18:00:00,10.784974194466779,0.7818581210518587,0.029453993455745398,2.8575859229992724,0
2016-08-23 18:05:00,11.317639786628737,0.8136127834482112,0.035321359554875836,3.11424738034837,0
2016-08-23 18:10:00,11.409442878393259,0.8428973440705032,0.04013220859806398,5.231565629982261,0
2016-08-23 18:15:00,10.909978387891162,0.8339581656883672,0.03839761845930352,5.231565629982261,0
2016-08-23 18:20:00,10.630028993276385,0.8206927502768893,0.036805189975266106,2.2737021997378273,0
2016-08-23 18:25:00,10.746453006531267,0.8022933720247756,0.03319313730623906,2.1516257879300795,0
2016-08-23 18:30:00,10.419092806111594,0.7878383602468726,0.030205101455897148,2.6856313128903877,0
2016-08-23 18:35:00,10.038044945800914,0.785210232546613,0.03044753150354972,2.6856313128903877,0
2016-08-23 18:40:00,10.132841239420493,0.7764108672728438,0.0294960379749446,5.134197554730119,0
2016-08-23 18:45:00,9.901599588352383,0.783613179510941,0.03095814270477797,5.134197554730119,0
2016-08-23 18:50:00,9.8948577425226,0.8014811570279236,0.033912943805819454,2.8177496506290027,0
2016-08-23 18:55:00,10.353251693734816,0.7933821819803579,0.03329571903966945,2.9006664580415156,0
2016-08-23 19:00:00,10.685557517548883,0.7756740845203326,0.030393321972411347,2.9006664580415156,0
2016-08-23 19:05:00,11.004591499653317,0.7615826801009796,0.028027897736286767,2.213614717724031,0
2016-08-23 19:10:00,10.56146417507893,0.7730759290068979,0.02976443972597363,1.4324479331241462,0
2016-08-23 19:15:00,10.078655327683967,0.7896736204815852,0.030860699002565044,4.023078759076066,0
2016-08-23 19:20:00,10.291627982802508,0.783780534891309,0.030025646647688316,4.023078759076066,0
2016-08-23 19:25:00,10.613031681450668,0.8140141813345718,0.035155559001789155,3.6488946426500894,0
2016-08-23 19:30:00,10.433525894309952,0.8077366760583159,0.03402227218032581,4.9933127447235925,0
2016-08-23 19:35:00,10.418355686401792,0.7980102081996882,0.033219178947391986,4.9933127447235925,0
2016-08-23 19:40:00,11.505473850108926,0.8503117213599773,0.04137717903516954,4.634446820904506,0
2016-08-23 19:45:00,11.094733490194361,0.8219160508802605,0.036491012836106854,4.634446820904506,0
2016-08-23 19:50:00,9.856401875284433,0.7814467929524992,0.031081757082617057,4.510768549089577,0
2016-08-23 19:55:00,9.934186153294279,0.7913793134376048,0.03264884793827031,2.6361982513783353,0
2016-08-23 20:00:00,10.200723564838281,0.7939338495787386,0.031610153201535554,2.6361982513783353,0
2016-08-23 20:05:00,10.583654993639197,0.8014532005921428,0.032705223860088645,2.591363188780495,0
2016-08-23 20:10:00,10.572484984075157,0.8097028518013187,0.035565066839129564,3.0118369314856963,0
2016-08-23 20:15:00,10.028984929770356,0.7940104621469962,0.03296411944927104,3.0118369314856963,0
2016-08-23 20:20:00,9.78515342808117,0.7935202495047369,0.03247440012325485,2.726976810259233,0
2016-08-23 20:25:00,10.15286512289643,0.809617366547819,0.03501036523204692,2.962633928561291,0
2016-08-23 20:30:00,10.986719897229161,0.8118630148499077,0.03416377759330777,8.461954741433356,0
2016-08-23 20:35:00,10.960010608599372,0.830807789647372,0.0398384601846671,8.461954741433356,0
2016-08-23 20:40:00,10.227716413455012,0.8329714221874202,0.040284935767460214,7.665178960605913,0
2016-08-23 20:45:00,9.516191441631396,0.8022336286697485,0.03246119409138132,7.348833862503157,0
2016-08-23 20:50:00,9.190205660396073,0.7892371582005747,0.031229064004336827,2.1296068729311854,0
2016-08-23 20:55:00,9.476830294261264,0.79964786081985,0.03474293193132201,4.000419171786165,0
2016-08-23 21:00:00,9.161081548293335,0.8092245862025714,0.03532622097250624,4.000419171786165,0
2016-08-23 21:05:00,9.544170024189626,0.8315611394435216,0.03806158982528522,1.98825304586707,0
2016-08-23 21:10:00,10.191508731505321,0.8532083388546348,0.042150208565493875,2.8055055196696643,0
2016-08-23 21:15:00,10.052288493271487,0.858468490336392,0.04440678522440596,2.8055055196696643,0
2016-08-23 21:20:00,9.916059453065813,0.8370253834853065,0.04010231506131296,3.727989603320239,0
2016-08-23 21:25:00,9.376345666363806,0.80517687626394,0.03282442345984427,3.727989603320239,0
2016-08-23 21:30:00,9.376868089433751,0.8078925767411452,0.03342734007372386,1.5671399837065858,0
2016-08-23 21:35:00,9.781018519316902,0.8150440183260688,0.03423942805511041,1.5057185932435209,0
2016-08-23 21:40:00,9.542108995364838,0.8030753243425505,0.03258088982864212,1.8251597392378631,0
2016-08-23 21:45:00,9.71174099829705,0.8182894956096636,0.03648374725743385,2.2212027318109175,0
2016-08-23 21:50:00,9.861205112174869,0.8344259286177323,0.038856974243386674,2.8637769730841445,0
2016-08-23 21:55:00,9.215932555785056,0.8125784896437696,0.03350294028797038,2.8637769730841445,0
2016-08-23 22:00:00,8.975287626442725,0.7956156209392953,0.031145466062230988,1.1477750316483826,0
2016-08-23 22:05:00,9.467067805997546,0.8073614471648266,0.0339129653577367,1.832378907407518,0
2016-08-23 22:10:00,9.971605145380867,0.8207849391963761,0.035745237298049175,1.832378907407518,0
2016-08-23 22:15:00,9.663075382761843,0.7978635398211046,0.032928100018513644,1.2986653240263295,0
2016-08-23 22:20:00,9.162119033286146,0.7942303795633703,0.03327146005093278,1.905680331351429,0
2016-08-23 22:25:00,8.948525676434882,0.8112331401714062,0.03496552103508994,1.905680331351429,0
2016-08-23 22:30:00,10.38221477967023,0.8749519693684434,0.0500043532218513,2.833503161939547,0
2016-08-23 22:35:00,11.005536173691805,0.8639991646242969,0.04905052663794827,3.983869347995626,0
2016-08-23 22:40:00,9.982827071132542,0.8023602882642228,0.03355339625519003,3.983869347995626,0
2016-08-23 22:45:00,9.803591750617432,0.8214347319580164,0.03625903327250205,1.683721696277494,0
2016-08-23 22:50:00,9.577213739642204,0.8134608876197784,0.03472557068211353,2.250630761899123,0
2016-08-23 22:55:00,9.758072934709515,0.7914255059513973,0.0310413613713655,5.961363990812199,0
2016-08-23 23:00:00,9.815030211530765,0.8085583471726303,0.03414131195887858,5.961363990812199,0
2016-08-23 23:05:00,9.454673420585662,0.8312196143629732,0.038040716818547045,3.001736603033532,0
2016-08-23 23:10:00,9.328915225240195,0.827236583707502,0.03700113831105377,3.001736603033532,0
2016-08-23 23:15:00,9.556409515569992,0.8248843058709325,0.03678613918302169,4.041657887223464,0
2016-08-23 23:20:00,9.347655545403041,0.8118476638989129,0.03534149055529085,4.041657887223464,0
2016-08-23 23:25:00,9.146452793420128,0.813041442719033,0.03670416976451707,4.337019409015769,0
2016-08-23 23:30:00,9.09402855646482,0.808780489321243,0.0358303289540813,4.337019409015769,0
2016-08-23 23:35:00,9.499132017594272,0.8128562840510977,0.036472963323717994,3.259213740891739,0
2016-08-23 23:40:00,10.178079274501535,0.8406288859196427,0.0418878625337693,4.215130895482205,0
2016-08-23 23:45:00,9.36283511515052,0.8069792921367068,0.03524059506297322,4.215130895482205,0
2016-08-23 23:50:00,8.922232649082835,0.7933698212585736,0.031426058136347905,2.473472422924115,0
2016-08-23 23:55:00,9.927708830883882,0.8268695117216586,0.03673252095287112,7.301748017062034,0
2016-08-24 00:00:00,9.9247357723806,0.8266475411853322,0.03706343721118071,7.301748017062034,0
2016-08-24 00:05:00,9.17282174143047,0.8051315994895548,0.032339496675148696,3.845797277404969,0
2016-08-24 00:10:00,9.011594929118106,0.7899396534055605,0.029992406714226223,0.8990484622696828,0
2016-08-24 00:15:00,9.170689485443706,0.8045391025163575,0.034292701170816474,3.0572397319729774,0
2016-08-24 00:20:00,9.749730454980547,0.8432543374483384,0.043185410301135485,3.0572397319729774,0
2016-08-24 00:25:00,9.693376925331627,0.8465955529066549,0.04417214724365896,3.622028258964396,0
2016-08-24 00:30:00,9.0315545409773,0.8192920673113115,0.037798464418220455,3.622028258964396,0
2016-08-24 00:35:00,8.959113700953337,0.8188251555226216,0.03603434677006026,3.319150385449723,0
2016-08-24 00:40:00,9.050866436053354,0.815246656514738,0.03436237272673008,3.319150385449723,0
2016-08-24 00:45:00,9.627596864803571,0.8279432265450967,0.038376249159521356,4.54681155423884,0
2016-08-24 00:50:00,9.640909830366889,0.827316333453052,0.03892484286402448,4.54681155423884,0
2016-08-24 00:55:00,9.257688828301742,0.7816116760330316,0.030155042937982275,1.7494642601456738,0
2016-08-24 01:00:00,9.32220427856951,0.7647346002456915,0.027533917268646752,1.8368637553414295,0
2016-08-24 01:05:00,9.19982356821411,0.7696748669041873,0.028295709958662336,2.57163159645893,0
2016-08-24 01:10:00,9.287675184937312,0.7705199920217912,0.02839912256107796,2.57163159645893,0
2016-08-24 01:15:00,9.237985813118474,0.7592856449387889,0.02651741921167815,2.3525372204170667,0
2016-08-24 01:20:00,9.315217278741716,0.7592287145334466,0.02681587028914726,2.3525372204170667,0
2016-08-24 01:25:00,9.318165958787468,0.7801000184410891,0.029220338041199567,2.476642569018886,0
2016-08-24 01:30:00,8.918555929588328,0.7946201038280345,0.03157310258787783,2.5789145468053762,0
2016-08-24 01:35:00,8.778077836872459,0.7822841157083762,0.030159937102743506,2.5789145468053762,0
2016-08-24 01:40:00,8.832280880408273,0.7622451150762495,0.02711547806555741,1.0103766280010928,0
2016-08-24 01:45:00,8.928056248590645,0.7563404918739502,0.02693439344062195,1.749813805124889,0
2016-08-24 01:50:00,9.22505294246192,0.7718276839768449,0.029622845631286737,4.149666958380775,0
2016-08-24 01:55:00,9.436019077710231,0.7860987386263072,0.031790896448407595,4.149666958380775,0
2016-08-24 02:00:00,9.644090017387926,0.7915181082235115,0.03301557458522645,2.8095902217564497,0
2016-08-24 02:05:00,9.973227077372494,0.7596165382910331,0.0291101564851401,1.7241317845888915,0
2016-08-24 02:10:00,10.435002023514489,0.7252532737893211,0.023660315317355553,1.7241317845888915,0
2016-08-24 02:15:00,10.734856788534255,0.7218857802600196,0.022909480163390804,1.4494882464919765,0
2016-08-24 02:20:00,10.77287658952471,0.748642914445363,0.027433545903158874,1.791516831895233,0
2016-08-24 02:25:00,10.645201513713378,0.763959998558303,0.02963915086529756,2.543778600835702,0
2016-08-24 02:30:00,10.717798654348732,0.7586701599809075,0.028612052256864702,2.6335166705659807,0
2016-08-24 02:35:00,11.19321369689124,0.7684527499281201,0.031062317767856777,4.498576438885476,0
2016-08-24 02:40:00,11.390940643619341,0.7436811239013004,0.028193468206750488,4.498576438885476,0
2016-08-24 02:45:00,11.594683247859098,0.7085090265394862,0.02236677072371969,2.312923723580606,0
2016-08-24 02:50:00,12.035137538119631,0.7345376648170852,0.025403890900052278,2.312923723580606,0
2016-08-24 02:55:00,12.158286084484093,0.7858362945302467,0.03274900200312093,2.3633107441945165,0
2016-08-24 03:00:00,11.107292011441235,0.7761921534762339,0.031472250835215446,2.973654692258851,0
2016-08-24 03:05:00,10.777042859194088,0.7580481623369267,0.02871720159818129,6.486525433577388,0
2016-08-24 03:10:00,11.204837357870868,0.7606786291875745,0.028648197306257013,6.486525433577388,0
2016-08-24 03:15:00,11.039314142437451,0.743712581615951,0.026494234867764633,1.7067043861617976,0
2016-08-24 03:20:00,11.09336457707494,0.7251620108175043,0.024035184636729212,1.7067043861617976,0
2016-08-24 03:25:00,10.929429972193518,0.724814517389514,0.02424435015290059,1.1280996099306373,0
2016-08-24 03:30:00,11.404741868294725,0.7729899601861744,0.03228980057159241,3.7805450188649483,0
2016-08-24 03:35:00,12.319375828507926,0.7908572928462784,0.035590840949686134,4.782301818053466,0
2016-08-24 03:40:00,12.241338916254586,0.7437847224410905,0.02768847987385963,4.782301818053466,0
2016-08-24 03:45:00,12.062522703772547,0.723156612045817,0.023035205024999977,1.5279827182204226,0
2016-08-24 03:50:00,12.633793086217661,0.7173340858353301,0.022224138864863546,1.5279827182204226,0
2016-08-24 03:55:00,12.659023968088643,0.7118429496401779,0.02241136403816638,1.4686149650831803,0
2016-08-24 04:00:00,11.695491895597641,0.7111395249312302,0.022287982065902344,5.097155980928692,0
2016-08-24 04:05:00,11.708902296470455,0.7212399088876839,0.023544074973474244,5.097155980928692,0
2016-08-24 04:10:00,12.395405579557782,0.7265693103624853,0.024514130129510498,3.3875441772206747,0
2016-08-24 04:15:00,12.985084768783533,0.7542875420646163,0.03235473439926476,8.272747029402565,0
2016-08-24 04:20:00,12.375344312408659,0.7523113486685807,0.031902556077199065,8.272747029402565,0
2016-08-24 04:25:00,11.98984519033733,0.7646107010301109,0.029738509695262073,3.924055224194127,0
2016-08-24 04:30:00,12.352122102741511,0.7840208622744846,0.03235498868222464,3.924055224194127,0
2016-08-24 04:35:00,12.35045373814202,0.75370505027461,0.027415055357301026,3.4231188334575764,0
2016-08-24 04:40:00,12.774196773778879,0.7595990339691502,0.028453759854073994,3.6244488396641925,0
2016-08-24 04:45:00,13.050392310059717,0.7531328005887576,0.02754260179739355,3.6244488396641925,0
2016-08-24 04:50:00,13.212235459849106,0.7274873093402343,0.02330756193740367,2.84319669519877,0
2016-08-24 04:55:00,12.786655662753123,0.7121480154143853,0.021066204327554558,2.84319669519877,0
2016-08-24 05:00:00,12.548680373155701,0.706714169242755,0.020665528308269975,1.6875912667146749,0
2016-08-24 05:05:00,13.036244957756725,0.7092872311784861,0.02062406377532338,2.6916494504545274,0
2016-08-24 05:10:00,13.51135873215972,0.7100053146126031,0.021002940318044165,2.6916494504545274,0
2016-08-24 05:15:00,13.355102625057379,0.7148813020428986,0.022392846363448255,2.414165147790729,0
2016-08-24 05:20:00,13.195660884533165,0.7128279435249846,0.021601950301841956,3.675391262162904,0
2016-08-24 05:25:00,13.524981466312834,0.7081887166213662,0.02097650457894611,3.675391262162904,0
2016-08-24 05:30:00,13.921535417569128,0.7196584310171612,0.02373998590427796,3.631392376935236,0
2016-08-24 05:35:00,14.105971046477865,0.7215467639976376,0.022980317020918746,3.631392376935236,0
2016-08-24 05:40:00,14.216476652236679,0.7152206467743707,0.020681818095261276,2.2774922079590105,0
2016-08-24 05:45:00,14.6424950303483,0.7307991491530738,0.023320304039256216,2.2774922079590105,0
2016-08-24 05:50:00,14.42498507485718,0.7300247218881443,0.022910287712901958,2.2549526186702424,0
2016-08-24 05:55:00,13.973243018890608,0.7071922151346637,0.019873367828023916,1.4049545164231374,0
2016-08-24 06:00:00,13.424526271567487,0.7100379922934451,0.020677841882659375,2.8437584147433395,0
2016-08-24 06:05:00,13.164054796644411,0.7206625801169151,0.02273106919776923,2.8437584147433395,0
2016-08-24 06:10:00,13.772992885448318,0.7184187635850483,0.02228400145908959,1.4576884477095795,0
2016-08-24 06:15:00,13.889650282077493,0.7136294385252022,0.020755190488382015,2.4108880423633967,0
2016-08-24 06:20:00,13.767095984841879,0.7192541317850896,0.02209824987252304,2.4108880423633967,0
2016-08-24 06:25:00,13.753260656298611,0.7383153809822668,0.0260219373248367,3.0356387338878474,0
2016-08-24 06:30:00,13.192351661650017,0.7493787664308484,0.028241363604577012,3.906892614131351,0
2016-08-24 06:35:00,13.822618044396396,0.7602910426518242,0.0320964339128237,7.9536502877732485,0
2016-08-24 06:40:00,14.649761636158726,0.7523527223671685,0.030662509697478628,9.309388405942835,0
2016-08-24 06:45:00,14.010807506008414,0.7305487886440645,0.024191935328701328,9.309388405942835,0
2016-08-24 06:50:00,13.253700358492646,0.7372306639260063,0.025544638381794233,1.9999149201402575,0
2016-08-24 06:55:00,12.904079877853396,0.7375266279566608,0.025943120405933245,1.6721684877596843,0
2016-08-24 07:00:00,12.780499805859028,0.7488597705317706,0.027109809335438086,2.883460921504682,0
2016-08-24 07:05:00,13.417114385785407,0.769910530544829,0.0301068107304509,2.883460921504682,0
2016-08-24 07:10:00,13.368557251837817,0.7566866740207897,0.027445349825113714,2.714090421927721,0
2016-08-24 07:15:00,12.714133504856362,0.7877662624967481,0.03379535666610106,2.4826689301315352,0
2016-08-24 07:20:00,13.128138222917348,0.820081120687659,0.041245839449625316,4.684735420980691,0
2016-08-24 07:25:00,12.810320421819819,0.782269163441834,0.03378808655024714,4.684735420980691,0
2016-08-24 07:30:00,12.386974178316642,0.7583941658559782,0.02858063702254911,2.392859232928613,0
2016-08-24 07:35:00,13.032914983070594,0.7613277868962331,0.029483819945870952,2.169135945254596,0
2016-08-24 07:40:00,12.884929648025926,0.7503079495657351,0.02714426403386568,2.169135945254596,0
2016-08-24 07:45:00,12.152988791042295,0.7310107761465413,0.024137847101208514,2.0234567587102905,0
2016-08-24 07:50:00,11.678962642582835,0.7299739474190012,0.02446843111535278,2.4437682279087016,0
2016-08-24 07:55:00,11.22128270459779,0.7588769758654634,0.029024960018815743,2.4437682279087016,0
2016-08-24 08:00:00,11.207644721286353,0.7860514604747595,0.03281726729200195,2.9115098272473774,0
2016-08-24 08:05:00,11.324272552815257,0.8105673776308718,0.03692153225342595,3.972054597262288,0
2016-08-24 08:10:00,11.137674034572486,0.798038812091583,0.03514968903488684,3.972054597262288,0
2016-08-24 08:15:00,11.42732369310291,0.7923235085228169,0.03601757318164815,3.8541548370164467,0
2016-08-24 08:20:00,11.21553664417363,0.7986812671119465,0.03525875792480362,3.8541548370164467,0
2016-08-24 08:25:00,10.295424060362471,0.7775825849838531,0.02878488481397818,2.3665907615021093,0
2016-08-24 08:30:00,10.183917869518144,0.7761089586980249,0.029155503543215094,2.3665907615021093,0
2016-08-24 08:35:00,10.065648252388542,0.784507596426808,0.030826136998623393,1.5292330743623759,0
2016-08-24 08:40:00,10.225642908912416,0.8050414565071135,0.03403862189471992,1.5292330743623759,0
2016-08-24 08:45:00,10.496489232249516,0.8034063792397181,0.033619006170066794,2.3259034928588704,0
2016-08-24 08:50:00,10.835113082094171,0.8230064103068937,0.038125249199638715,2.3259034928588704,0
2016-08-24 08:55:00,10.483496451256896,0.8201476600600932,0.036800610850810454,1.6106498808326533,0
2016-08-24 09:00:00,9.893374328688177,0.8077943614333738,0.033077089303506946,1.4742112498713984,0
2016-08-24 09:05:00,9.666632567476523,0.8201643701946151,0.03529557697138612,2.301847990620592,0
2016-08-24 09:10:00,9.517883234810537,0.8171909619458051,0.03708703087443248,5.251580545758114,0
2016-08-24 09:15:00,9.470188138544682,0.8187579045537942,0.037618829870738155,5.251580545758114,0
2016-08-24 09:20:00,9.774466039928202,0.8218371937137263,0.03638459456060965,4.184619415490749,0
2016-08-24 09:25:00,9.963860714492085,0.8002473385433841,0.03279228281532124,4.184619415490749,0
2016-08-24 09:30:00,9.830267849253142,0.7906265749111977,0.03078298560653655,3.524755208724516,0
2016-08-24 09:35:00,9.670139245141492,0.7955538529741811,0.03107035157249501,1.2908769598190537,0
2016-08-24 09:40:00,9.766992103349075,0.7871460699991436,0.029339996997299823,1.2908769598190537,0
2016-08-24 09:45:00,9.868547128027478,0.7899010776792589,0.02988608059318636,2.374347185827638,0
2016-08-24 09:50:00,9.52859661942124,0.7907678228203546,0.030029473558175767,2.374347185827638,0
2016-08-24 09:55:00,9.535690032660593,0.7954205700354761,0.029807458281411466,1.812748492563998,0
2016-08-24 10:00:00,10.065191660127535,0.7863989873091635,0.028797924547201297,3.1986038719835044,0
2016-08-24 10:05:00,10.347912069696733,0.7770399331423908,0.028250149887230687,3.1986038719835044,0
2016-08-24 10:10:00,9.983465918837798,0.7732960876264092,0.02711716657676867,2.4786935913043306,0
2016-08-24 10:15:00,10.752647981178354,0.7906701679439938,0.03223857637286036,15.227438026470626,0
2016-08-24 10:20:00,11.128973771384986,0.7908777211827784,0.03286780698884827,15.227438026470626,0
2016-08-24 10:25:00,10.682023604362048,0.769960537244824,0.027538701855010582,1.2499221117116068,0
2016-08-24 10:30:00,10.725727645154077,0.7852838116141718,0.029481101891511857,2.2193630350237785,0
2016-08-24 10:35:00,11.05525164219738,0.8094627539875194,0.03452967088103244,3.1282190616547707,0
2016-08-24 10:40:00,11.086093698859813,0.8061459841408634,0.035586137327352316,3.1282190616547707,0
2016-08-24 10:45:00,10.279996774042512,0.7915398019743378,0.03143333143614463,2.5860701460271707,0
2016-08-24 10:50:00,10.456030919130496,0.7859356007139963,0.02978142580492494,3.5405719908930644,0
2016-08-24 10:55:00,10.739459601082283,0.7817182447967456,0.029089473895151124,3.5405719908930644,0
2016-08-24 11:00:00,10.663266672104502,0.7793794759971537,0.02854506881533978,3.153808091068833,0
2016-08-24 11:05:00,10.826983667380647,0.7815391449140543,0.02869826527907357,3.153808091068833,0
2016-08-24 11:10:00,10.681768992520961,0.7895049134627249,0.029600981279059985,1.8901962413890958,0
2016-08-24 11:15:00,10.497361011686976,0.8050958890916079,0.032811849311885036,3.5720717746803947,0
2016-08-24 11:20:00,10.34293823984589,0.799249906105257,0.03248749068754886,3.5720717746803947,0
2016-08-24 11:25:00,10.709385712854813,0.7926932608801729,0.0319219360220096,3.2239877734672597,0
2016-08-24 11:30:00,10.688673247819619,0.7994518796440653,0.03256046657381106,3.2239877734672597,0
2016-08-24 11:35:00,9.948313478119475,0.7797588224307935,0.02893794883086087,2.4712519471180046,0
2016-08-24 11:40:00,9.846148178234632,0.7670116710143574,0.02708676773201052,2.3281597233107445,0
2016-08-24 11:45:00,10.316468847263597,0.8014839127973505,0.03268850594227446,3.3035871915339388,0
2016-08-24 11:50:00,10.585568867452185,0.833993656523479,0.03858936603147338,3.3035871915339388,0
2016-08-24 11:55:00,10.965848958542246,0.8398929558527027,0.040414147058833325,5.027871203052892,0
2016-08-24 12:00:00,11.041555856057112,0.8050362104615311,0.0341484771885183,5.027871203052892,0
2016-08-24 12:05:00,10.64389022920317,0.7780054300070697,0.0284632922597384,1.856115931282585,0
2016-08-24 12:10:00,10.396166486236561,0.7855411757901991,0.02870589499022207,1.856115931282585,0
2016-08-24 12:15:00,10.026809211917278,0.7824023247232479,0.030570423830911374,1.6368373965458858,0
2016-08-24 12:20:00,10.251315704803886,0.7757189153822694,0.030987552265214335,2.3617393063541883,0
2016-08-24 12:25:00,11.490455106546007,0.7931407417236055,0.03778306318623097,9.048265527691768,0
2016-08-24 12:30:00,11.605715223739281,0.8079644602199247,0.03946180598226027,9.048265527691768,0
2016-08-24 12:35:00,10.850176179439847,0.7986561579294384,0.03187376192715421,2.6921468004144966,0
2016-08-24 12:40:00,10.334410361324611,0.8070160853016705,0.03270806747476824,2.16742491942381,0
2016-08-24 12:45:00,10.17651889535345,0.8133969805322794,0.033073376340815516,1.442716134899097,0
2016-08-24 12:50:00,10.347039206126233,0.8055039896521223,0.03252947549438723,2.405882775208106,0
2016-08-24 12:55:00,10.613615255843587,0.7989793205093875,0.0321258229491947,2.405882775208106,0
2016-08-24 13:00:00,10.925453566252024,0.7739987771887494,0.028291482891828267,1.5284653212973476,0
2016-08-24 13:05:00,10.891678961913826,0.7689083576402924,0.026692144577012373,1.7633726177884306,0
2016-08-24 13:10:00,11.148667946686658,0.7727156573635139,0.02732916609769396,1.7633726177884306,0
2016-08-24 13:15:00,11.121253018971029,0.7622649023606425,0.02715684196412005,1.8191793573541004,0
2016-08-24 13:20:00,11.161183363626238,0.7677796053939211,0.028009660897746043,1.8191793573541004,0
2016-08-24 13:25:00,11.676595538110465,0.7951933726171624,0.03281252082528065,1.4132089494360367,0
2016-08-24 13:30:00,11.35868031164976,0.8164096211963322,0.03630299482145673,1.203813558372936,0
2016-08-24 13:35:00,11.044710146282775,0.7945582728923307,0.032059081573580256,1.9465366818367533,0
2016-08-24 13:40:00,11.053228566018225,0.7841286205742528,0.029405840987708737,1.9465366818367533,0
2016-08-24 13:45:00,11.271558358322817,0.8333828356274802,0.037496242213273356,2.579085586936109,0
2016-08-24 13:50:00,11.222627622460674,0.8230147825990652,0.03639962188837009,2.579085586936109,0
2016-08-24 13:55:00,10.654903112123726,0.7878730709504422,0.029448783524287803,2.308857561351107,0
2016-08-24 14:00:00,10.434950836298363,0.8084549257301525,0.03246825578319764,2.2867234534811534,0
2016-08-24 14:05:00,10.063694925119975,0.8166761257406953,0.03412721352032409,0.9600239335851023,0
2016-08-24 14:10:00,9.955155763286962,0.8326017695949622,0.03756616717721848,3.2692917032614015,0
2016-08-24 14:15:00,10.156159440143238,0.8219567241738786,0.03591666188648464,3.2692917032614015,0
2016-08-24 14:20:00,10.3710133095623,0.8251260353604063,0.036712779039987875,2.9566306452965145,0
2016-08-24 14:25:00,9.98063727432079,0.8281735686209517,0.037010998846668024,2.9566306452965145,0
2016-08-24 14:30:00,9.858761571164981,0.8227541860146357,0.03439368852469789,2.601480459409606,0
2016-08-24 14:35:00,9.928319289945104,0.8346922361262108,0.03750093022256847,2.601480459409606,0
2016-08-24 14:40:00,10.003832397679867,0.8305948881050647,0.03774120724744854,4.817795124176407,0
2016-08-24 14:45:00,9.948411736283845,0.8263081767438227,0.036904785975637074,4.817795124176407,0
2016-08-24 14:50:00,9.764324856352772,0.8202653815830192,0.035870421864412735,3.0389206710949863,0
2016-08-24 14:55:00,9.976069480415838,0.8078964297739095,0.03309138295133067,1.9493975870619382,0
2016-08-24 15:00:00,9.836210543725892,0.8043556503845672,0.032414730022395456,1.9493975870619382,0
2016-08-24 15:05:00,9.791808702802415,0.8228954927814266,0.03968802881845025,7.467855970300456,0
2016-08-24 15:10:00,9.746889039913942,0.8344439657806969,0.04201090402142997,7.467855970300456,0
2016-08-24 15:15:00,10.06234342943462,0.8443565608333748,0.04272883265619927,6.273086930529567,0
2016-08-24 15:20:00,9.757063190886225,0.8212378170209347,0.03933752640530171,6.273086930529567,0
2016-08-24 15:25:00,9.351648227626722,0.8126521647541489,0.036356986885800524,2.51194202622759,0
2016-08-24 15:30:00,9.556075807089695,0.8407900391794083,0.04088276859283971,3.208153840356944,0
2016-08-24 15:35:00,9.54395912605736,0.8601530688429329,0.04492845439006373,3.208153840356944,0
2016-08-24 15:40:00,9.927394271606412,0.8744805349445286,0.04708875969057731,2.7676092514149806,0
2016-08-24 15:45:00,10.061958837474958,0.8577414007893209,0.042668526269621074,1.6797477522508606,0
2016-08-24 15:50:00,9.723967593654024,0.8501517223141003,0.041451524240089195,3.3152752666207985,0
2016-08-24 15:55:00,9.731235816698305,0.8530576180102726,0.0412023682876755,3.3152752666207985,0
2016-08-24 16:00:00,9.92955644891396,0.8270059402760966,0.036915809221209454,2.255577805181256,0
2016-08-24 16:05:00,10.13047568799662,0.8106372031054548,0.036198744189560525,4.6480316390017915,0
2016-08-24 16:10:00,10.013386235905774,0.8155717586831486,0.03642421283439164,4.6480316390017915,0
2016-08-24 16:15:00,10.169825225794892,0.8370921651621649,0.03855790701721273,1.9634977140123127,0
2016-08-24 16:20:00,10.601393227400452,0.8450096766106213,0.04036572223706489,1.5943126505551224,0
2016-08-24 16:25:00,10.5496551663662,0.8103044171059981,0.03375648267159629,1.5943126505551224,0
2016-08-24 16:30:00,10.658504838979628,0.7976011395200198,0.0315460537005595,2.7832541355503344,0
2016-08-24 16:35:00,10.13062361634809,0.806549577019848,0.0337599347179294,2.7832541355503344,0
2016-08-24 16:40:00,9.605335325456778,0.802221342083359,0.033192715922464804,2.6906483622556863,0
2016-08-24 16:45:00,9.976448399490014,0.816505769429782,0.03592327467856853,3.455612228125126,0
2016-08-24 16:50:00,10.262292848421342,0.8374770213990205,0.04005111654850243,3.6431231705508753,0
2016-08-24 16:55:00,10.415973428834697,0.82247603839413,0.03912328399234268,3.6431231705508753,0
2016-08-24 17:00:00,11.151237384881197,0.8210818661571956,0.040124618072272904,6.277262535240274,0
2016-08-24 17:05:00,11.441205746081781,0.827758547572044,0.039380034233418224,6.277262535240274,0
2016-08-24 17:10:00,10.824623539418491,0.810672357430424,0.034565777301691254,3.646380712672705,0
2016-08-24 17:15:00,10.014133768985669,0.8020665217488813,0.03353808394826666,3.646380712672705,0
2016-08-24 17:20:00,9.536892549690673,0.8120753956261763,0.03560919355460178,2.7722429236141326,0
2016-08-24 17:25:00,9.972964188701722,0.8199661821023206,0.03648141789016547,6.825857040353373,0
2016-08-24 17:30:00,10.358881003282656,0.8136295193274619,0.03557846151603167,6.825857040353373,0
2016-08-24 17:35:00,9.947698484345626,0.8027427827205539,0.034518308418993324,4.108505858418496,0
2016-08-24 17:40:00,9.750765132744679,0.7884412286720213,0.03225739172286619,2.2691528700148496,0
2016-08-24 17:45:00,9.503217450777058,0.7851542601660386,0.03251399003092196,1.960914291427784,0
2016-08-24 17:50:00,9.398538320630163,0.7957412370939431,0.03390122588230606,1.960914291427784,0
2016-08-24 17:55:00,10.248471632559802,0.8078375923231085,0.03472512264598639,2.507290712810516,0
2016-08-24 18:00:00,10.542881831065142,0.8029097199902288,0.03476232484099304,2.5822126321355148,0
2016-08-24 18:05:00,10.237268513956618,0.7866729887922169,0.03264814520445821,2.5822126321355148,0
2016-08-24 18:10:00,10.04179681470401,0.7784406118482439,0.03163938635558014,1.5591330528370697,0
2016-08-24 18:15:00,9.667148708633302,0.7745055549451141,0.03168894487881686,1.5750644922207155,0
2016-08-24 18:20:00,9.984372982180364,0.7699052497573112,0.030853086545913993,1.5750644922207155,0
2016-08-24 18:25:00,10.479950255839636,0.7547566404602443,0.028725255324036813,2.0520858315281028,0
2016-08-24 18:30:00,10.679193456130962,0.7620625315145759,0.02889079172809156,2.2623175440536487,0
2016-08-24 18:35:00,10.527984849016116,0.7924548750987038,0.03140909085600843,2.2623175440536487,0
2016-08-24 18:40:00,10.08365296505114,0.7963653487124536,0.031341957174156665,2.1583823331427827,0
2016-08-24 18:45:00,10.460229698066264,0.7792181144918419,0.02897820787589182,3.9336030399754858,0
2016-08-24 18:50:00,10.371409411741181,0.7653696528580449,0.028659825050965693,3.9336030399754858,0
2016-08-24 18:55:00,10.257036691655868,0.7499473863104633,0.028030590701931053,1.6695208097893484,0
2016-08-24 19:00:00,11.622224555436173,0.7480159423906001,0.02747643883677079,4.317969229761751,0
2016-08-24 19:05:00,11.560041316289677,0.7666743478270244,0.028493198119120218,4.317969229761751,0
2016-08-24 19:10:00,10.764763735561685,0.7834540169967503,0.03072276921929651,2.7443650756947737,0
2016-08-24 19:15:00,10.878768730879347,0.7780864360242852,0.03097927973751128,2.056743960701589,0
2016-08-24 19:20:00,10.697195238716178,0.7875528790528701,0.032698039502519705,2.056743960701589,0
2016-08-24 19:25:00,10.247909569735024,0.7948835193987726,0.03415574728906631,1.8046951103928297,0
2016-08-24 19:30:00,9.755548761122801,0.7854704250577164,0.032255710813441654,1.6531888580941796,0
2016-08-24 19:35:00,9.680595556210665,0.7836663522460384,0.03172448932633619,1.6818391759371898,0
2016-08-24 19:40:00,9.689043839019156,0.7768414343799318,0.030239168666566663,1.9721790806097954,0
2016-08-24 19:45:00,9.630786722526755,0.7740101404398765,0.02956462941147333,1.9721790806097954,0
2016-08-24 19:50:00,9.878500460232488,0.7744446591176893,0.029339303354791835,2.5188443718368796,0
2016-08-24 19:55:00,10.178335637984633,0.7858630549665266,0.03137693948590327,2.5188443718368796,0
2016-08-24 20:00:00,10.448385682359577,0.8094997211800684,0.03525367670575637,2.764320028369374,0
2016-08-24 20:05:00,10.181018415114973,0.8225655862466659,0.0365660274822611,3.072296785382653,0
2016-08-24 20:10:00,9.682677954059802,0.8236677620717968,0.037061602265422,3.072296785382653,0
2016-08-24 20:15:00,9.811124804826884,0.8285609694680431,0.038486483015177854,2.7454030746221996,0
2016-08-24 20:20:00,9.638153204286162,0.8215303917782064,0.03635228363927799,1.4179030314862664,0
2016-08-24 20:25:00,9.060049309513493,0.8105595024547465,0.03364284322939149,1.1557444720620786,0
2016-08-24 20:30:00,9.115021106970314,0.8194962422357626,0.035129582308731984,2.0840704249178676,0
2016-08-24 20:35:00,9.306065964759345,0.8123425473093405,0.034567492921896245,2.0840704249178676,0
2016-08-24 20:40:00,9.856684362166105,0.8301670192069512,0.04577953653774575,10.505087113271639,0
2016-08-24 20:45:00,10.237256221234352,0.8543768663500224,0.04826954234614493,10.505087113271639,0
2016-08-24 20:50:00,9.730616947042414,0.8405155654468057,0.03799599637327935,6.83839871641708,0
2016-08-24 20:55:00,9.919796093417496,0.8427373645297351,0.038671954756909425,3.651391674451257,0
2016-08-24 21:00:00,9.882272863790831,0.8358496293194834,0.036405006511434405,3.651391674451257,0
2016-08-24 21:05:00,9.869670672230587,0.8329586331448426,0.03578054896750826,2.441172881490146,0
2016-08-24 21:10:00,10.780908549620209,0.8533576071867359,0.04515137713861851,8.701522211156364,0
2016-08-24 21:15:00,10.759088952309947,0.8304720580888476,0.041826240442783005,8.701522211156364,0
2016-08-24 21:20:00,10.110292047217907,0.8042654011327596,0.03267210176299378,1.2348164604008176,0
2016-08-24 21:25:00,9.820719923669216,0.8057394747234045,0.03264252227214752,1.9624633705799661,0
2016-08-24 21:30:00,10.206146287431407,0.8082032856595591,0.032830664386003974,2.016499793513371,0
2016-08-24 21:35:00,10.099582610737647,0.8118757567436093,0.033008231536676994,2.016499793513371,0
2016-08-24 21:40:00,9.642411236060534,0.8081566987118736,0.032679388321165945,2.701146593058587,0
2016-08-24 21:45:00,9.647039054100642,0.8022883845023785,0.03287541510302118,2.701146593058587,0
2016-08-24 21:50:00,9.512018855548328,0.8038503863727876,0.03227881946258453,2.109649147524899,0
2016-08-24 21:55:00,9.72578768167921,0.8110052792136995,0.03243738313872239,1.8848177777738708,0
2016-08-24 22:00:00,9.76280358233662,0.8070489365582632,0.03191522419451872,1.5565036666036072,0
2016-08-24 22:05:00,9.893904699117947,0.8123446442880972,0.03336471790253941,1.985788122827751,0
2016-08-24 22:10:00,10.163471307796748,0.8129081825942845,0.03362402530586644,1.985788122827751,0
2016-08-24 22:15:00,10.461821801278177,0.8176877077840391,0.03497701319803777,3.0841322299954386,0
2016-08-24 22:20:00,10.072165582953645,0.8103033830681969,0.03416357986739696,3.0841322299954386,0
2016-08-24 22:25:00,9.612946887692964,0.8005378099009183,0.03154864290881274,2.083646958435037,0
2016-08-24 22:30:00,10.998552723508755,0.865515965142768,0.047205219537873815,3.3930096607089397,0
2016-08-24 22:35:00,11.230982406017949,0.8777591076252337,0.051315413410535415,3.3930096607089397,0
2016-08-24 22:40:00,10.099065830998782,0.8278116980288136,0.03761355592089072,3.2080976257958977,0
2016-08-24 22:45:00,10.53578988258788,0.8302702282964489,0.03599098665575845,1.6588393133641923,0
2016-08-24 22:50:00,10.621884481391934,0.8281612649646114,0.03609182853135355,2.9482876535101648,0
2016-08-24 22:55:00,10.00799749328542,0.817072258809953,0.034079449829163916,3.168795594956473,0
2016-08-24 23:00:00,10.226397392168494,0.8240044142327815,0.03619814930884438,3.168795594956473,0
2016-08-24 23:05:00,10.312009222585194,0.8211208308614779,0.0360796082544407,2.035094239938049,0
2016-08-24 23:10:00,10.125439913916255,0.8005572743991426,0.032355587429332554,2.0234676179414866,0
2016-08-24 23:15:00,9.987590846266913,0.7867304679344022,0.030967556550390924,1.6377132333298896,0
2016-08-24 23:20:00,9.958915311927269,0.8038071257459037,0.03395520608016147,3.290005140885285,0
2016-08-24 23:25:00,10.317871775905441,0.8260973481202747,0.03821538558437735,4.148237941532409,0
2016-08-24 23:30:00,10.091610460311339,0.8071542521862217,0.03519858723149202,4.148237941532409,0
2016-08-24 23:35:00,9.65819852267222,0.792769716199891,0.032096563141186016,1.8360328372003643,0
2016-08-24 23:40:00,9.742103488767908,0.7928883595007461,0.03144445676012812,1.4257313611258933,0
2016-08-24 23:45:00,9.886699069396936,0.7923439779057302,0.031396926955283386,1.2363415148402679,0
2016-08-24 23:50:00,10.150729381938746,0.8151460420898222,0.036074144935666394,4.350433463662269,0
2016-08-24 23:55:00,10.442546314623705,0.8262439387773063,0.038619528422250096,4.350433463662269,0
2016-08-25 00:00:00,11.068307875599755,0.8318631317005796,0.039983095297403126,4.807014643474937,0
2016-08-25 00:05:00,10.934415176905707,0.8236618388923013,0.03845023875689922,4.807014643474937,0
2016-08-25 00:10:00,9.997754160806583,0.8036248224272993,0.03467027802085482,1.7367486194688466,0
2016-08-25 00:15:00,10.328649698366037,0.8136188272133325,0.035686674678275215,3.50638890607917,0
2016-08-25 00:20:00,10.2734072805961,0.8083594779153689,0.034759211121291135,3.50638890607917,0
2016-08-25 00:25:00,9.78176953496502,0.7869271165555166,0.03153653176511488,2.311752347784909,0
2016-08-25 00:30:00,9.871885725435188,0.781642043881454,0.03056634897556692,1.8583063579229677,0
2016-08-25 00:35:00,9.685624216539356,0.7771966279382454,0.03047430026184455,1.8063225900143267,0
2016-08-25 00:40:00,10.014029281991771,0.7855352281640411,0.03166427276242438,2.2454080962540512,0
2016-08-25 00:45:00,10.668269348888549,0.7904624765739849,0.03155499396122421,2.2454080962540512,0
2016-08-25 00:50:00,10.74312983823961,0.8017263466201556,0.03334593310450414,3.796162481211938,0
2016-08-25 00:55:00,10.430906717885135,0.7927065116600411,0.0318718752874398,3.796162481211938,0
2016-08-25 01:00:00,10.061603251644552,0.7685148799002383,0.02811590046934607,2.341614323725495,0
2016-08-25 01:05:00,10.605081548525709,0.805425366242972,0.03468522776802392,2.20911287769974,0
2016-08-25 01:10:00,11.03501295465791,0.8051340466429945,0.034244393809907736,2.20911287769974,0
2016-08-25 01:15:00,11.09710528652044,0.7664257782058064,0.028061501450509913,3.0588970522291805,0
2016-08-25 01:20:00,11.23856054520478,0.7995479547442271,0.03366262826481855,3.0588970522291805,0
2016-08-25 01:25:00,10.710186961482034,0.8029948811267349,0.03367102941595163,2.388632985442686,0
2016-08-25 01:30:00,10.433431961507655,0.7566090190210759,0.027121123218895447,2.0339260997065085,0
2016-08-25 01:35:00,10.744983573322147,0.7532196339532043,0.02771561537092518,2.958079262844651,0
2016-08-25 01:40:00,11.133956085185822,0.7502473260980291,0.027190179288752458,2.958079262844651,0
2016-08-25 01:45:00,11.180055156214479,0.7348649846497428,0.02544568265037949,2.080153544523267,0
2016-08-25 01:50:00,10.966075939332864,0.7316338701398453,0.02564311983820411,2.280973698872768,0
2016-08-25 01:55:00,11.069883133067728,0.7341063448910579,0.025211290890897974,2.280973698872768,0
2016-08-25 02:00:00,11.305934846189157,0.7479382297405665,0.02647884246413849,4.231092255771984,0
2016-08-25 02:05:00,11.47325659298055,0.766612809418802,0.02997376407582967,4.231092255771984,0
2016-08-25 02:10:00,12.086187660589578,0.7949685842827241,0.0355788547456983,1.5572111328841414,0
2016-08-25 02:15:00,12.506994627906295,0.7702778326246129,0.03145186592546641,1.5331987768461997,0
2016-08-25 02:20:00,12.12683126230309,0.7215906163376277,0.02341464193429975,1.6005226359803353,0
2016-08-25 02:25:00,11.839125867901936,0.7233046898923299,0.023368722411828628,1.8929015818337454,0
2016-08-25 02:30:00,11.730313564192901,0.7554990735086528,0.029099101740212834,3.3341448972210666,0
2016-08-25 02:35:00,12.037849713029491,0.7716206325150435,0.03226311243387618,3.3341448972210666,0
2016-08-25 02:40:00,12.626080738822418,0.7447370318887027,0.026766073100073617,2.4013096146465225,0
2016-08-25 02:45:00,12.927426970251691,0.7318584217004775,0.024772852710600545,1.902318811192021,0
2016-08-25 02:50:00,12.724380327914172,0.7398171506488278,0.027037273993740847,2.4221528818844638,0
2016-08-25 02:55:00,12.436125955328885,0.7439174183331042,0.026880824574989783,2.4221528818844638,0
2016-08-25 03:00:00,12.070300450125515,0.7508299525533324,0.026903768715990723,1.3906795459766264,0
2016-08-25 03:05:00,11.316247977307118,0.7633206832659534,0.027360978169477336,1.9848834758067053,0
2016-08-25 03:10:00,11.656491984670557,0.7827256742512225,0.03519830679919208,9.792607756599958,0
2016-08-25 03:15:00,12.244767217369974,0.7612447614029744,0.03408272275587169,10.347770182071187,0
2016-08-25 03:20:00,12.070615084295204,0.748616627768276,0.026701310680074662,10.347770182071187,0
2016-08-25 03:25:00,11.625154586323495,0.7702013596886997,0.028672762429387877,2.4028693136311734,0
2016-08-25 03:30:00,11.280199393377256,0.7553344897628222,0.02668041060734571,2.2994412531031037,0
2016-08-25 03:35:00,11.359710055807135,0.7486744375425893,0.026102446813884093,2.106583460854613,0
2016-08-25 03:40:00,11.444738319302225,0.7524082100838632,0.026355372886350665,1.261920873578647,0
2016-08-25 03:45:00,11.989477086805241,0.7410573902010932,0.02529234782492301,1.135721937259465,0
2016-08-25 03:50:00,14.069181340022094,0.747298107230085,0.031050045645330027,15.584727780581444,0
2016-08-25 03:55:00,14.623015323750403,0.739911085089629,0.029286912328694632,15.584727780581444,0
2016-08-25 04:00:00,12.735768287810508,0.7185902141876641,0.022228254319622432,2.543008503460367,0
2016-08-25 04:05:00,12.352847264699752,0.7224131772900599,0.02310404563188301,3.31842496032058,0
2016-08-25 04:10:00,12.8980019907661,0.7212130270329138,0.02219751638756478,3.31842496032058,0
2016-08-25 04:15:00,13.478371546710743,0.7151310239207379,0.020544885575629064,2.650970969979937,0
2016-08-25 04:20:00,13.774176960742443,0.72550325148842,0.022177010613696896,2.650970969979937,0
2016-08-25 04:25:00,13.82723212122545,0.7298245872617736,0.024223237163727273,2.014842572938286,0
2016-08-25 04:30:00,13.667292033570638,0.7132696563753611,0.02249203952297746,2.2807708654485785,0
2016-08-25 04:35:00,13.527164547750079,0.7191034942997797,0.02299356254757515,2.2807708654485785,0
2016-08-25 04:40:00,14.117960789221343,0.722277062966564,0.022638479448305757,1.7050819310271441,0
2016-08-25 04:45:00,14.263684490430995,0.7150686576836085,0.02003942490151088,1.6693187380779666,0
2016-08-25 04:50:00,13.929192354101863,0.7152170835512017,0.019600473105761563,2.278481359029334,0
2016-08-25 04:55:00,13.689511510466938,0.7174791802922451,0.02022547550517381,2.278481359029334,0
2016-08-25 05:00:00,13.348934476502587,0.7328646625413027,0.02374062194173844,2.509438085212249,0
2016-08-25 05:05:00,14.949192356001223,0.7714592289101068,0.03600283621108877,19.579209548808407,0
2016-08-25 05:10:00,15.723183736887474,0.7552943726405201,0.032819762075821074,19.579209548808407,0
2016-08-25 05:15:00,14.414477598783133,0.7130782931689026,0.02037688082397445,3.028846768462592,0
2016-08-25 05:20:00,13.85290284902356,0.7099232688152838,0.02048338787235788,2.6978262958193833,0
2016-08-25 05:25:00,13.06690183163715,0.7061136138104216,0.021186349807980405,1.8424527194510456,0
2016-08-25 05:30:00,13.480326830364515,0.7095904686409248,0.02102028135922958,2.4389493512551725,0
2016-08-25 05:35:00,14.204436307856895,0.7116395523413499,0.020218967728035404,2.4389493512551725,0
2016-08-25 05:40:00,13.930772010150417,0.7392781441996824,0.02560211793305924,2.5793582063477585,0
2016-08-25 05:45:00,14.117251930468672,0.746421173993403,0.025607688157904783,2.5793582063477585,0
2016-08-25 05:50:00,14.131649315250154,0.7200978339504851,0.02081079099295926,2.3112543607598384,0
2016-08-25 05:55:00,14.018464194597465,0.7129742522057798,0.021748718126689125,4.540226832090314,0
2016-08-25 06:00:00,13.723050244888878,0.7070228403401853,0.021198316745023697,4.540226832090314,0
2016-08-25 06:05:00,14.041687504564788,0.7126765430973172,0.02120950496573611,3.6070512260809564,0
2016-08-25 06:10:00,14.314163124200295,0.7204099032597054,0.02226741133165209,4.088037685363078,0
2016-08-25 06:15:00,13.970129243828733,0.7315233294258148,0.02382819066493126,4.088037685363078,0
2016-08-25 06:20:00,13.980726411448893,0.7298929764581172,0.023485346026079566,1.0977254064547173,0
2016-08-25 06:25:00,13.713843497354926,0.7108148794847144,0.021644837359232408,1.2509609791930516,0
2016-08-25 06:30:00,13.734676548011612,0.7142010015975964,0.02254361503432253,1.9923315784835802,0
2016-08-25 06:35:00,13.709575015256434,0.7405014011884183,0.026187799964391023,2.456706243442354,0
2016-08-25 06:40:00,13.502322810177386,0.7586360057864581,0.028853796456504294,2.456706243442354,0
2016-08-25 06:45:00,13.870737707583677,0.748840538081223,0.02747225550162042,2.6002248978557683,0
2016-08-25 06:50:00,13.720450120263624,0.7346617111684055,0.02483508321376228,2.6002248978557683,0
2016-08-25 06:55:00,13.323309267262994,0.7331084789835014,0.024649136983834787,3.105255574930206,0
2016-08-25 07:00:00,13.560274694995652,0.7526270815731295,0.028242628049194092,3.105255574930206,0
2016-08-25 07:05:00,13.345593810691742,0.743380401990943,0.026596618229875284,2.931390940403412,0
2016-08-25 07:10:00,13.639735198389104,0.7157284363307324,0.02182692525292494,2.931390940403412,0
2016-08-25 07:15:00,13.792200012649715,0.7253070145375836,0.021732095280459312,2.9948368610196217,0
2016-08-25 07:20:00,13.21461254149716,0.7279752169657396,0.02198463195120983,2.9948368610196217,0
2016-08-25 07:25:00,13.24412792458708,0.7161160856958207,0.021307075094797505,0.7242184631522345,0
2016-08-25 07:30:00,13.217269664123842,0.7186323423261274,0.022386263083645493,2.3772092442975628,0
2016-08-25 07:35:00,13.397660375141214,0.7251434822467935,0.02376870811281253,2.3772092442975628,0
2016-08-25 07:40:00,13.425017902757881,0.7219315516640656,0.02292179336134872,2.3022519718760215,0
2016-08-25 07:45:00,13.030805340617473,0.7396516956173141,0.02625877667866594,2.3022519718760215,0
2016-08-25 07:50:00,13.03306196954568,0.7556364195459435,0.029170073906628118,2.3121170779342393,0
2016-08-25 07:55:00,12.678403164468104,0.741981198509848,0.026479596266247924,5.21653644335757,0
2016-08-25 08:00:00,11.80588593663629,0.7422740856769137,0.025803892783476095,5.21653644335757,0
2016-08-25 08:05:00,11.973012702632719,0.7602210707272135,0.028614955874637582,4.293548671321156,0
2016-08-25 08:10:00,12.097860851260826,0.7618202901784887,0.028981557375131667,4.293548671321156,0
2016-08-25 08:15:00,11.961749404192286,0.741654335791312,0.0266088962159432,2.430016394338544,0
2016-08-25 08:20:00,11.885304417384145,0.7388022893338803,0.0256689179836882,1.3367350444023551,0
2016-08-25 08:25:00,11.246256955797978,0.7712402911515431,0.028548076102803965,2.588965620791324,0
2016-08-25 08:30:00,11.56162643693065,0.8096570053074756,0.03466645320121341,2.7054975324584793,0
2016-08-25 08:35:00,11.695313641912838,0.8097821489050293,0.03455815873443897,2.871164392579787,0
2016-08-25 08:40:00,11.168191418317306,0.7968458224453147,0.03051713632236116,2.871164392579787,0
2016-08-25 08:45:00,11.178812797193897,0.7987845944958817,0.030099110290362753,1.4174848493525274,0
2016-08-25 08:50:00,10.934938725197515,0.8177344581141425,0.03461719521668456,1.577831043065286,0
2016-08-25 08:55:00,11.082468192662077,0.8467388585309702,0.040587490450473,8.909201497251962,0
2016-08-25 09:00:00,10.85388521018027,0.8406227708232108,0.03863652403307063,8.909201497251962,0
2016-08-25 09:05:00,10.29547644831757,0.8350297157305353,0.03650952161201396,2.3875270470545025,0
2016-08-25 09:10:00,10.191899449603595,0.8535396262376136,0.03876901411534235,2.0242529723960296,0
2016-08-25 09:15:00,9.334762770908652,0.8440976648827915,0.03665410013134382,2.65832231727445,0
2016-08-25 09:20:00,9.400474102478242,0.8360409734170089,0.03573164228084802,2.65832231727445,0
2016-08-25 09:25:00,9.977051985225998,0.8423678910020966,0.03673835006870825,1.2517616177588422,0
2016-08-25 09:30:00,10.36083096660541,0.8455506116441299,0.04074762359009618,9.055084442690323,0
2016-08-25 09:35:00,10.02166527990123,0.828740331019538,0.03888617430639392,9.069432856506069,0
2016-08-25 09:40:00,9.620334178832561,0.8283922612090582,0.0362660934183867,9.069432856506069,0
2016-08-25 09:45:00,9.518922720488044,0.8453989341647472,0.038801313958243856,1.5902604435765044,0
2016-08-25 09:50:00,9.755407390681473,0.8338828328876668,0.03733910969903078,1.5902604435765044,0
2016-08-25 09:55:00,10.309596051889809,0.8374361564890678,0.03912296738043746,4.2164819500346455,0
2016-08-25 10:00:00,10.269528304010842,0.832640930643531,0.03727558690435915,4.2164819500346455,0
2016-08-25 10:05:00,10.41083103915481,0.8134391222820431,0.033224463447628694,1.8106087135038003,0
2016-08-25 10:10:00,10.68402331062417,0.8172238006929182,0.03409525542923727,2.632620848863462,0
2016-08-25 10:15:00,10.799771601526245,0.8295153042730603,0.03855353325100967,4.42635239765226,0
2016-08-25 10:20:00,11.527835586574902,0.8366709680290982,0.04618704119498186,9.322831812410474,0
2016-08-25 10:25:00,11.408399698181771,0.8205342874471735,0.04084881734494846,9.322831812410474,0
2016-08-25 10:30:00,10.691946860572708,0.8088467832128898,0.033002872868910696,1.9995483671498693,0
2016-08-25 10:35:00,10.565653079022432,0.8223115415463141,0.03578607912023323,1.9995483671498693,0
2016-08-25 10:40:00,10.62493719034721,0.8326345312768566,0.03680817963452331,3.1677021965909455,0
2016-08-25 10:45:00,10.52124856554051,0.8376027054012712,0.037330148161467104,3.1677021965909455,0
2016-08-25 10:50:00,11.497824324993818,0.8810122484370796,0.052050230448214954,5.194449574108979,0
2016-08-25 10:55:00,12.929165140414938,0.9322440576001144,0.06789537725868901,5.194449574108979,0
2016-08-25 11:00:00,13.33546607156704,0.948050008036759,0.07291003678993083,4.587119647718143,0
2016-08-25 11:05:00,13.50535552699663,0.9578444230100402,0.07832072536230991,2.2380395074720645,0
2016-08-25 11:10:00,13.374190857676552,0.9523485827655614,0.07531571842752297,4.159238499534409,0
2016-08-25 11:15:00,12.600325925880316,0.9058555213716782,0.0602135627984232,4.159238499534409,0
2016-08-25 11:20:00,11.29196772540426,0.8502247607274331,0.04358894791397825,2.6996245689055165,0
2016-08-25 11:25:00,10.842094340411496,0.8169918806324279,0.03484012209448377,2.2968622473503024,0
2016-08-25 11:30:00,10.577894872050148,0.8034755144315993,0.03301152546547858,2.2968622473503024,0
2016-08-25 11:35:00,11.823263898830902,0.8295059455916608,0.045751074285616,22.118090530923208,0
2016-08-25 11:40:00,11.891777881915315,0.8407974725281808,0.047118559889227404,23.034632352577823,0
2016-08-25 11:45:00,10.389190754334432,0.8256760640895607,0.03543593584385764,23.034632352577823,0
2016-08-25 11:50:00,11.372252096012287,0.8463642980554252,0.040169761326243454,4.04094870878465,0
2016-08-25 11:55:00,12.123869772941534,0.8469998237386095,0.0406596045318571,4.04094870878465,0
2016-08-25 12:00:00,11.779396673178466,0.8096627168514734,0.03335027110296614,5.8829914825774035,0
2016-08-25 12:05:00,11.361984482923827,0.7975083224875968,0.03126716982251458,5.8829914825774035,0
2016-08-25 12:10:00,12.941755657351038,0.788238001878286,0.030566991488165655,3.0628753049628124,0
2016-08-25 12:15:00,13.018186366073035,0.7814152381807196,0.03031334957595751,4.74296114199781,0
2016-08-25 12:20:00,10.828503195128864,0.7853831661806695,0.030728266741252765,4.74296114199781,0
2016-08-25 12:25:00,10.513565742653432,0.8023493572867961,0.034165627569641,2.379533827473954,0
2016-08-25 12:30:00,10.491492547963489,0.8045048110164634,0.03446413066651708,1.159174742636038,0
2016-08-25 12:35:00,10.711401756406476,0.7857403978577036,0.030101709167910405,1.2702979226279036,0
2016-08-25 12:40:00,10.677262208092372,0.7827770928181663,0.029488060403587597,1.2815396956193814,0
2016-08-25 12:45:00,10.393169545932698,0.7860025662716925,0.030158822618565274,1.2815396956193814,0
2016-08-25 12:50:00,10.70548754022944,0.7887550327448829,0.0307403021412617,1.75700253694144,0
2016-08-25 12:55:00,11.025944526924862,0.7848793078098772,0.03001373549249333,1.75700253694144,0
2016-08-25 13:00:00,11.925129195356044,0.801499820172048,0.03603181965163948,10.263567861974071,0
2016-08-25 13:05:00,11.523466457181192,0.789194008360721,0.03593781361747418,10.263567861974071,0
2016-08-25 13:10:00,10.443686774555871,0.7768967575832498,0.03236350713183685,2.5939596185011755,0
2016-08-25 13:15:00,10.263080968825676,0.7975563309577058,0.03368522923788679,3.5271670717445063,0
2016-08-25 13:20:00,10.23683286181286,0.8032811834868652,0.03374729283100185,3.5271670717445063,0
2016-08-25 13:25:00,10.80502244313781,0.7711194735240084,0.03146266980075582,2.6366294486284603,0
2016-08-25 13:30:00,10.807786713767744,0.7634562589365083,0.028409141611645112,2.6366294486284603,0
2016-08-25 13:35:00,10.729613403735694,0.788026728404132,0.030363413743513014,3.3265292197193683,0
2016-08-25 13:40:00,10.706730805436774,0.7834434761831172,0.030632909538288827,3.3265292197193683,0
2016-08-25 13:45:00,10.39556867829292,0.7878833175783482,0.030686936587057324,2.623939358918106,0
2016-08-25 13:50:00,10.458236715890845,0.8045959376933445,0.03303469643182946,2.623939358918106,0
2016-08-25 13:55:00,10.147519183331196,0.8060210810454098,0.033243294389983684,1.9560077875818966,0
2016-08-25 14:00:00,9.962466958015634,0.7971013725972835,0.03126802603285844,1.360833542972184,0
2016-08-25 14:05:00,10.02846301920366,0.8025465252419078,0.03201639456775028,2.8944112114329092,0
2016-08-25 14:10:00,11.328400911775166,0.8254918086135685,0.044662115396291925,23.379649769755886,0
2016-08-25 14:15:00,11.310499898087867,0.8308564439851996,0.04469090474092067,23.379649769755886,0
2016-08-25 14:20:00,9.683410169532626,0.8078247144903404,0.032525454750573585,1.4750879949092988,0
2016-08-25 14:25:00,9.448996684837585,0.8191313600184774,0.036192536505561514,2.4034133109204774,0
2016-08-25 14:30:00,9.398625450637095,0.8241730518847131,0.03703522793213769,2.4034133109204774,0
2016-08-25 14:35:00,10.05239288156137,0.8106738758044758,0.03463965437028229,4.370497446703421,0
2016-08-25 14:40:00,10.319103803102376,0.8111750032157591,0.034710325353488586,4.370497446703421,0
2016-08-25 14:45:00,10.220267934339223,0.8137921094262782,0.03432109916911643,2.6515785232887836,0
2016-08-25 14:50:00,10.426652726640471,0.8152918150799066,0.03431460267209926,2.561349011161614,0
2016-08-25 14:55:00,10.585197843668093,0.8215018935983756,0.035262455782304275,2.3613231058762674,0
2016-08-25 15:00:00,11.410289303117708,0.8320070141652784,0.03630801897413164,2.819697008645587,0
2016-08-25 15:05:00,12.561021927254505,0.8462652247198978,0.03759079671087588,3.048850417092043,0
2016-08-25 15:10:00,14.59307007724571,0.8711007222551704,0.04841483486878749,20.109026563477155,0
2016-08-25 15:15:00,13.798049133192857,0.8662340995508111,0.04790684771429831,20.109026563477155,0
2016-08-25 15:20:00,10.730289649289379,0.8326894411549753,0.03586530799920106,3.720941270513519,0
2016-08-25 15:25:00,10.340504809653677,0.846068027772952,0.040532805470779,1.9564817062560373,0
2016-08-25 15:30:00,10.102265089385156,0.8489511763131923,0.041920364868658286,1.9564817062560373,0
2016-08-25 15:35:00,9.61556952348548,0.8326436071106904,0.03992827748476662,4.08607595328018,0
2016-08-25 15:40:00,9.874825596065618,0.8256509838806656,0.038173050057036556,4.08607595328018,0
2016-08-25 15:45:00,9.866120685845452,0.8149660694804413,0.03356735787572823,1.951067592539099,0
2016-08-25 15:50:00,10.023636068414373,0.8363107897043263,0.037744318896788746,2.099774970600497,0
2016-08-25 15:55:00,9.83777762779653,0.8352099065485635,0.038253548328605974,2.099774970600497,0
2016-08-25 16:00:00,9.741733396434233,0.8211703594372635,0.0345066189666418,3.370857168539404,0
2016-08-25 16:05:00,9.972346710734167,0.822275350395604,0.03437289050139258,3.370857168539404,0
2016-08-25 16:10:00,9.702596846591575,0.8258270256820058,0.03569732551961961,2.0081082770081307,0
2016-08-25 16:15:00,9.73726677326775,0.8243021569101618,0.03519380004443168,3.562818526105435,0
2016-08-25 16:20:00,9.791921462279126,0.8179842592561759,0.03396191171272298,3.562818526105435,0
2016-08-25 16:25:00,10.136931795201876,0.8231553661791962,0.0353906026371804,2.456778568004385,0
2016-08-25 16:30:00,10.033626718617814,0.809095325891197,0.03470908201904359,2.456778568004385,0
2016-08-25 16:35:00,9.701238404832347,0.7978721342968925,0.032683977370773123,1.9604592968574306,0
2016-08-25 16:40:00,9.624634025093204,0.8052754719494606,0.03357777329417832,2.0747534460441766,0
2016-08-25 16:45:00,9.549865820617837,0.8081438002002356,0.03404273463401791,2.0747534460441766,0
2016-08-25 16:50:00,9.520449659260674,0.8156835097633123,0.034724962519231156,1.694784110899673,0
2016-08-25 16:55:00,9.820077421448593,0.8075732319225277,0.033290136824430064,2.5648210218073677,0
2016-08-25 17:00:00,10.049009042735822,0.8030630727190514,0.03186335180090071,2.5648210218073677,0
2016-08-25 17:05:00,9.887460570741222,0.8098748092169492,0.03263448535576636,2.432221809467264,0
2016-08-25 17:10:00,9.737930967015476,0.8036259320935598,0.032461421971744654,2.432221809467264,0
2016-08-25 17:15:00,9.792688867593641,0.7953987099524987,0.03205781608462781,1.9147204646011367,0
2016-08-25 17:20:00,10.274076532240285,0.7873425676463461,0.031118488867691717,1.9147204646011367,0
2016-08-25 17:25:00,10.096754247112393,0.7825195842453883,0.031117042431904558,2.7385520126276917,0
2016-08-25 17:30:00,10.198274985685096,0.7901566393287144,0.03138755305757949,2.8106420112066055,0
2016-08-25 17:35:00,10.203765997357683,0.7996704760962688,0.03212575173220587,2.8106420112066055,0
2016-08-25 17:40:00,10.527629136912157,0.8184948724676071,0.037337758233010665,6.336193091176666,0
2016-08-25 17:45:00,10.93546899264346,0.8318210252823921,0.03920351291322121,6.336193091176666,0
2016-08-25 17:50:00,10.82803426926615,0.8317225067807701,0.04306888864948562,9.132743935710513,0
2016-08-25 17:55:00,10.510463741847335,0.8165646873123645,0.04093108590148477,9.132743935710513,0
2016-08-25 18:00:00,10.41211164850348,0.7921193295752974,0.032457910989575164,2.2473530049512846,0
2016-08-25 18:05:00,10.770776207651643,0.7891413873769957,0.032378011317132145,2.1700983276290478,0
2016-08-25 18:10:00,10.636939758512533,0.7942262316317199,0.033030644061463464,5.243991599853503,0
2016-08-25 18:15:00,10.744234396807322,0.7884594145358175,0.03185922896143661,5.243991599853503,0
2016-08-25 18:20:00,10.32825146746628,0.7821953574980448,0.03035299964462525,3.120830023490711,0
2016-08-25 18:25:00,10.54782349351151,0.7880116156731951,0.0312363637674545,9.019776465257422,0
2016-08-25 18:30:00,10.800156136783523,0.7885600032047905,0.031098376042825598,9.019776465257422,0
2016-08-25 18:35:00,10.788981571647216,0.8024184579095803,0.033978413440480984,2.595765316354307,0
2016-08-25 18:40:00,10.830140932526596,0.7995486054376028,0.03371192270067337,2.595765316354307,0
2016-08-25 18:45:00,10.617543769552377,0.7792937650410743,0.029411969347213594,2.3496267606592594,0
2016-08-25 18:50:00,10.215294483118855,0.7791081675352238,0.030288614329808894,2.063797615230619,0
2016-08-25 18:55:00,9.765081131246141,0.7821576439387019,0.03152817215122539,1.872122693447259,0
2016-08-25 19:00:00,10.384704299096557,0.7716133442943967,0.029674062148622317,1.9535707046741995,0
2016-08-25 19:05:00,10.509252979666986,0.7735094849057114,0.029553740757498788,2.353208275196221,0
2016-08-25 19:10:00,10.216597433651433,0.7993044370778429,0.033227676406342714,2.353208275196221,0
2016-08-25 19:15:00,10.233622625861909,0.8014446937473646,0.03354652174977233,2.2142549068098085,0
2016-08-25 19:20:00,10.046133942730561,0.7874476262189705,0.031170791034718127,2.2142549068098085,0
2016-08-25 19:25:00,10.049120644693044,0.7992107090885265,0.03238236848056385,3.7369318706752237,0
2016-08-25 19:30:00,10.115405411430775,0.7991939920296167,0.0323012670162431,3.7369318706752237,0
2016-08-25 19:35:00,10.047617511468195,0.7918858031388388,0.0315566524563207,1.6341058317648147,0
2016-08-25 19:40:00,10.384178931729377,0.7898331126991177,0.03219405619860867,3.4820794025302853,0
2016-08-25 19:45:00,10.555647492101704,0.7812635212904661,0.030910602985713548,3.4820794025302853,0
2016-08-25 19:50:00,10.39225403527997,0.7907700089277772,0.03034628634639247,3.1950432273938563,0
2016-08-25 19:55:00,10.744067592270882,0.8207251964942197,0.03681502141350373,3.8800872460785145,0
2016-08-25 20:00:00,10.771764485489214,0.8043152461384144,0.03566681946760329,3.8800872460785145,0
2016-08-25 20:05:00,10.652029815420441,0.7907521643810731,0.030997708431575365,5.053542544475325,0
2016-08-25 20:10:00,10.048551163931306,0.8152558157494199,0.0338333081624282,5.053542544475325,0
2016-08-25 20:15:00,9.250624270531072,0.8228328940129136,0.036107967584449605,2.3832478676457582,0
2016-08-25 20:20:00,9.55173362863155,0.847564744311888,0.04199651680773335,2.856558516842652,0
2016-08-25 20:25:00,9.915147401300455,0.8408627590382843,0.04049648025132728,2.856558516842652,0
2016-08-25 20:30:00,9.866330455029708,0.8290778776207463,0.035434369162875665,1.7897406540395764,0
2016-08-25 20:35:00,9.618414421587826,0.8275130128882124,0.03497192581980493,1.38520495395681,0
2016-08-25 20:40:00,9.619167794502188,0.8236974368080285,0.034452313740359335,2.0336764403250474,0
2016-08-25 20:45:00,9.87391034370204,0.8262057235775038,0.03447407614155638,2.2708056183130036,0
2016-08-25 20:50:00,9.948657807089486,0.8188545181979403,0.03346484093018517,2.2708056183130036,0
2016-08-25 20:55:00,9.722568759628354,0.8045210597532024,0.03226561764428479,1.5444572973287034,0
2016-08-25 21:00:00,9.576195158747195,0.8087158330647064,0.03346856232902427,2.667320337521794,0
2016-08-25 21:05:00,10.20220405272816,0.8407498195202361,0.0383479984142069,2.667320337521794,0
2016-08-25 21:10:00,10.639365941999152,0.834426731666806,0.03691312934770463,1.7753058775932529,0
2016-08-25 21:15:00,11.201616412691898,0.8098572291593911,0.033871314365034225,2.109770045999225,0
2016-08-25 21:20:00,11.425718490136594,0.7990194941294032,0.03251812476439565,2.109770045999225,0
2016-08-25 21:25:00,10.601615104354156,0.8062869067523415,0.0307473703791018,1.4656571457850707,0
2016-08-25 21:30:00,10.177695764371002,0.8132553082156603,0.03100770220572785,1.4656571457850707,0
2016-08-25 21:35:00,10.595823251641537,0.7873240431125544,0.0284192151537979,1.3983890003698567,0
2016-08-25 21:40:00,11.012712807829036,0.7854117562977029,0.029556319235111577,1.3832203085773664,0
2016-08-25 21:45:00,11.082212661951313,0.8093692923141332,0.03384369212997505,2.9927293836141646,0
2016-08-25 21:50:00,10.998111727801241,0.8036053363612827,0.032146635348958494,2.9927293836141646,0
2016-08-25 21:55:00,11.205569961483764,0.8007861663194359,0.03140152182484103,3.0495782454883833,0
2016-08-25 22:00:00,11.052668320761416,0.8139839818239328,0.03349861334393932,3.0495782454883833,0
2016-08-25 22:05:00,10.779308435896334,0.8175484992881654,0.034639216145066314,1.7247521073497714,0
2016-08-25 22:10:00,11.044836179716722,0.8086309855724128,0.03434710754484369,2.1108334509648525,0
2016-08-25 22:15:00,10.885586836138557,0.8075626596736231,0.03255688636829577,2.8479915849973274,0
2016-08-25 22:20:00,10.704540479223267,0.8178944409366886,0.03309988230380866,2.8479915849973274,0
2016-08-25 22:25:00,10.76533318601243,0.8113053690251282,0.031982181476777255,1.620730532075099,0
2016-08-25 22:30:00,11.891737321510574,0.863924166519231,0.04629727184019429,2.007159590390653,0
2016-08-25 22:35:00,11.717661185180088,0.8771399830106864,0.04980092123667033,2.1871839061381957,0
2016-08-25 22:40:00,10.786235434515124,0.8399732377788272,0.038643634268076175,4.413645241858633,0
2016-08-25 22:45:00,10.585126734931022,0.8318423107660384,0.03604478462174911,4.413645241858633,0
2016-08-25 22:50:00,10.20770627084161,0.817457994440052,0.033245137439757835,2.1692513856810676,0
2016-08-25 22:55:00,10.460632094684986,0.8284748575472414,0.034371884252389344,2.1692513856810676,0
2016-08-25 23:00:00,10.360915699921827,0.8376913668865158,0.03607363884984992,2.1565082475725394,0
2016-08-25 23:05:00,10.271122841126545,0.8477316527147618,0.03994517732688289,2.327901425103532,0
2016-08-25 23:10:00,10.333330165956857,0.8411041818732793,0.0383215608662957,2.327901425103532,0
2016-08-25 23:15:00,10.062328164473444,0.8254705654745298,0.033770928451039406,1.516319731517249,0
2016-08-25 23:20:00,9.880905150571913,0.8107484826721176,0.031757856635192525,1.4711282824713203,0
2016-08-25 23:25:00,10.369288273025276,0.8178582189639618,0.03553747859386855,5.88173872831943,0
2016-08-25 23:30:00,10.237220850096902,0.8197481657445853,0.035676573506713306,5.88173872831943,0
2016-08-25 23:35:00,10.070637658276771,0.7871534592500675,0.028644263980435618,2.4231720476728893,0
2016-08-25 23:40:00,10.47266885563531,0.7788874228123125,0.02718589662384363,2.4231720476728893,0
2016-08-25 23:45:00,10.285749240327783,0.7995867634810315,0.03128536329924346,1.3656589588730774,0
2016-08-25 23:50:00,10.183514895654666,0.8100923790538842,0.033246356982749914,2.163774782511103,0
2016-08-25 23:55:00,10.211421027198131,0.8041075661853916,0.03114453731951991,2.163774782511103,0
2016-08-26 00:00:00,10.304686401693921,0.810537777321023,0.032309155422913224,1.8013854767128614,0
2016-08-26 00:05:00,10.426303199477104,0.8253556244792493,0.03525740701310372,2.8839319944916855,0
2016-08-26 00:10:00,10.621825888538705,0.8415876107218024,0.03786240285528841,2.8839319944916855,0
2016-08-26 00:15:00,10.664047013858582,0.8490215583797149,0.03918458448759828,1.1725507443358707,0
2016-08-26 00:20:00,10.735069139185303,0.8492930745154568,0.039387200458966445,1.260984718050739,0
2016-08-26 00:25:00,10.858291820806253,0.8477369847093074,0.0389852146532543,1.260984718050739,0
2016-08-26 00:30:00,11.77083938046899,0.8719475090773241,0.048893502903475425,5.323065602641477,0
2016-08-26 00:35:00,11.735857059450119,0.8743239253636687,0.04928221031273265,5.323065602641477,0
2016-08-26 00:40:00,10.568335591938492,0.834619919086154,0.03631660992560115,1.5644546974883655,0
2016-08-26 00:45:00,10.281779038908766,0.8266185003369582,0.03596278422476861,1.5495869711451844,0
2016-08-26 00:50:00,10.096552188420866,0.8212445289295353,0.036390088849336664,1.5495869711451844,0
2016-08-26 00:55:00,9.702886326227109,0.8016070685189872,0.0326428541099285,1.0803651596791692,0
2016-08-26 01:00:00,9.462542643090266,0.7854434759899739,0.029826801153996985,1.1120440498137758,0
2016-08-26 01:05:00,10.293763388059189,0.8103801666518743,0.04032394910874708,8.654786396009778,0
2016-08-26 01:10:00,10.072129748844853,0.8206758644320862,0.04258273151377108,8.654786396009778,0
2016-08-26 01:15:00,9.58392556326088,0.809640939599666,0.03568871129485066,3.842758407367378,0
2016-08-26 01:20:00,10.871765741547547,0.8400710097123825,0.03973843030927583,3.842758407367378,0
2016-08-26 01:25:00,11.078350999677188,0.8452439630494037,0.03905257225742813,2.5060428486333146,0
2016-08-26 01:30:00,9.942747996716273,0.8094237102436497,0.03388863243533962,4.615261036976827,0
2016-08-26 01:35:00,9.653640152961312,0.7775192649898199,0.02890087210876341,4.615261036976827,0
2016-08-26 01:40:00,9.950987693474865,0.7783424334217925,0.028736468349073584,2.6164150831035493,0
2016-08-26 01:45:00,9.987157477385512,0.7787201506093202,0.029910433798272233,2.225193317164088,0
2016-08-26 01:50:00,9.687951564602319,0.763245752360777,0.02854404226564508,1.8888991812882525,0
2016-08-26 01:55:00,9.979124483990507,0.7691475196223753,0.029904123096540135,2.6429547653004155,0
2016-08-26 02:00:00,11.105746446964833,0.8175989568979778,0.0377869489041816,3.881514200469363,0
2016-08-26 02:05:00,11.232771992182217,0.8248692388229234,0.03802884199235211,3.881514200469363,0
2016-08-26 02:10:00,11.373752872705996,0.7979688739810146,0.03542217053592775,3.814192145133772,0
2016-08-26 02:15:00,11.689052101099051,0.7616778509253868,0.03126292931015699,3.814192145133772,0
2016-08-26 02:20:00,11.725789051057415,0.7385300549768652,0.026078644678593898,2.429224406799917,0
2016-08-26 02:25:00,11.631214705550274,0.751364829252007,0.027763689249240508,1.631482721444027,0
2016-08-26 02:30:00,11.340046380040201,0.7565475432200465,0.02823007389091605,4.189219527447473,0
2016-08-26 02:35:00,11.766060764371325,0.7699087289537027,0.030463706805518843,4.189219527447473,0
2016-08-26 02:40:00,12.211709793646525,0.7745673175325349,0.03130507197838113,3.3673793377629337,0
2016-08-26 02:45:00,12.139131039499317,0.7613965675187535,0.02887194970599463,3.122229401170594,0
2016-08-26 02:50:00,12.42155189767352,0.7687129275594655,0.02984340445952835,1.9980305501608542,0
2016-08-26 02:55:00,12.57509358694684,0.7756945815181803,0.03100890072442667,5.690302149337644,0
2016-08-26 03:00:00,11.477526905613372,0.7692611318717186,0.02934951026535676,5.690302149337644,0
2016-08-26 03:05:00,11.213686781833477,0.7778658269150451,0.031675177237782945,3.2991883334410437,0
2016-08-26 03:10:00,11.86811322495614,0.7667486257892455,0.03078382520378531,3.2991883334410437,0
2016-08-26 03:15:00,12.030194562717101,0.7349538749173384,0.024931181157705172,1.2826739995806609,0
2016-08-26 03:20:00,12.326851023883808,0.717257847011665,0.022558799942368903,1.386252432381617,0
2016-08-26 03:25:00,12.26708506702823,0.7240073621127139,0.022933378963292714,1.386252432381617,0
2016-08-26 03:30:00,11.783391566765076,0.7338137096548987,0.024072207727117594,3.515061525645022,0
2016-08-26 03:35:00,12.062787264340399,0.7311569403943636,0.024523276079034782,3.515061525645022,0
2016-08-26 03:40:00,12.77080893877465,0.723645037582038,0.023058674019125276,2.0126265559111345,0
2016-08-26 03:45:00,13.299699260151701,0.7508235982867354,0.0274667257450207,1.59430694709692,0
2016-08-26 03:50:00,13.56811078922625,0.7696580987733431,0.029965419840704825,1.535431120819943,0
2016-08-26 03:55:00,13.316927958585117,0.7350386975676645,0.023960722840460608,2.078011195905372,0
2016-08-26 04:00:00,13.06535252360438,0.7428034610437062,0.026821839132344573,8.240767549092073,0
2016-08-26 04:05:00,14.064406725352551,0.7725059044516978,0.03561706703732748,11.6338306104396,0
2016-08-26 04:10:00,15.227904445355936,0.7696594735713316,0.038667998714388634,11.6338306104396,0
2016-08-26 04:15:00,14.873376129990339,0.767039327582631,0.03457190356684802,8.961047431734544,0
2016-08-26 04:20:00,14.112737299767243,0.7444459061456199,0.02648184985313194,1.8883805765690305,0
2016-08-26 04:25:00,13.760208331206375,0.7216456258237004,0.021994425612406873,1.8883805765690305,0
2016-08-26 04:30:00,13.713125347553083,0.7306491756121133,0.02403005985662098,2.459101152309695,0
2016-08-26 04:35:00,13.803621112861123,0.7344558206946161,0.02510058595024035,2.459101152309695,0
2016-08-26 04:40:00,13.97143073366091,0.7356515769941997,0.02514383068645596,2.1684797728163616,0
2016-08-26 04:45:00,13.951575718527753,0.7437445403991347,0.026037914968292174,2.831860374070575,0
2016-08-26 04:50:00,14.021054268175504,0.7393491816157327,0.02442513849423971,2.831860374070575,0
2016-08-26 04:55:00,13.723588640596143,0.7297662751173184,0.022595796658453546,2.0987448893235907,0
2016-08-26 05:00:00,13.392942906541123,0.7495562534675773,0.028692324591018097,6.263760743817568,0
2016-08-26 05:05:00,13.474623462897796,0.7586223207514077,0.030024568913277566,6.263760743817568,0
2016-08-26 05:10:00,13.368646002889955,0.7379782068510599,0.023267479057699214,5.919589991779025,0
2016-08-26 05:15:00,13.71176010346423,0.7306948871381559,0.022086952277057127,2.6447890728681607,0
2016-08-26 05:20:00,13.803734199528444,0.7267852168491369,0.021835726406390442,2.6447890728681607,0
2016-08-26 05:25:00,13.854549627316175,0.7381199650697738,0.025038160654985698,2.9439611865590614,0
2016-08-26 05:30:00,13.968663343282552,0.7565799258740362,0.02885116384557456,2.9439611865590614,0
2016-08-26 05:35:00,13.769100373357128,0.7606945979325661,0.02928007004656147,2.574665027061993,0
2016-08-26 05:40:00,13.609208979220359,0.750762639012253,0.02672683762008219,2.574665027061993,0
2016-08-26 05:45:00,13.41844033937836,0.7532537997996791,0.026979439401139404,3.0338995283605183,0
2016-08-26 05:50:00,13.33237626562502,0.7517031368423351,0.026843710539781025,3.0338995283605183,0
2016-08-26 05:55:00,13.122475110079526,0.728063332446439,0.02244653752680947,1.2257411124785385,0
2016-08-26 06:00:00,12.81183975722577,0.7135396852852888,0.0212720327037322,2.1314280691547403,0
2016-08-26 06:05:00,12.718870529909262,0.7147887824271645,0.021994064480369967,2.1314280691547403,0
2016-08-26 06:10:00,13.448256926470503,0.7177774652815236,0.02204917476217147,1.9447838124261454,0
2016-08-26 06:15:00,14.112704433767718,0.7271747990903032,0.023022815421708125,1.9585795086102358,0
2016-08-26 06:20:00,13.916277529116567,0.7323115053199203,0.023791747617597482,1.9585795086102358,0
2016-08-26 06:25:00,13.231596743086971,0.7229167138096755,0.02250974137077555,1.9406322599873833,0
2016-08-26 06:30:00,13.003011716931223,0.7201611015211637,0.021815284616688725,2.68927866187404,0
2016-08-26 06:35:00,13.367235079261576,0.7293368026662927,0.02256778447952352,2.68927866187404,0
2016-08-26 06:40:00,13.713595919241405,0.7783381702596194,0.030819066118428506,2.0461128672430466,0
2016-08-26 06:45:00,13.965760153714829,0.7649757895043003,0.029544090479013102,2.088457929323763,0
2016-08-26 06:50:00,13.887164970788344,0.7149975864755409,0.021324120568099278,2.088457929323763,0
2016-08-26 06:55:00,13.389824501328595,0.7138606192999155,0.02118523035756959,3.1033677143124,0
2016-08-26 07:00:00,12.393520590572354,0.7252541384580812,0.023785798314491555,3.1033677143124,0
2016-08-26 07:05:00,13.198024615543574,0.754763024885829,0.029574042688044644,3.471659594566096,0
2016-08-26 07:10:00,14.806079725993317,0.756492634326566,0.029947571668314084,5.390514623371465,0
2016-08-26 07:15:00,14.58070524938643,0.7533022749533557,0.028001136600632047,5.390514623371465,0
2016-08-26 07:20:00,14.310819556901418,0.7571366805967765,0.028315292896209092,2.8071290520134644,0
2016-08-26 07:25:00,14.185915143159628,0.7432599031937774,0.027221013775787034,3.044119077804237,0
2016-08-26 07:30:00,13.82979890685086,0.7512989060441845,0.02785284256954656,3.044119077804237,0
2016-08-26 07:35:00,13.616515378371101,0.7650643062484435,0.029849211615074433,1.7423205979301262,0
2016-08-26 07:40:00,13.408085960309037,0.7692490800898082,0.030906033434863072,2.2198541095359547,0
2016-08-26 07:45:00,13.122889133076665,0.7647013200702069,0.02986325126783241,2.2198541095359547,0
2016-08-26 07:50:00,12.620586688244359,0.7454665443547117,0.026089258481506016,1.9744454602585384,0
2016-08-26 07:55:00,11.948581041487191,0.7683148517460839,0.030284424978122275,2.189401278086103,0
2016-08-26 08:00:00,10.775837335471559,0.8045583136592722,0.03585472060941302,3.702587061236415,0
2016-08-26 08:05:00,10.182886365760732,0.8027075069818832,0.03390685584666756,7.966172134581379,0
2016-08-26 08:10:00,10.08488780634045,0.789062041178015,0.03087950562605208,7.966172134581379,0
2016-08-26 08:15:00,9.735878446125747,0.7893907661907422,0.030948742428542564,1.0101807344533635,0
2016-08-26 08:20:00,9.65911216314118,0.7910805174333279,0.03204797541587501,2.64488734097181,0
2016-08-26 08:25:00,9.818439684291837,0.78612540820164,0.030990752579671425,2.64488734097181,0
2016-08-26 08:30:00,9.933346068583182,0.7921352426526496,0.03094978035407604,1.8632284998390212,0
2016-08-26 08:35:00,9.621813048907036,0.8150140307412355,0.03420044985578527,1.8632284998390212,0
2016-08-26 08:40:00,9.32888700137032,0.8118715167338244,0.03406069055264735,1.5827233660986046,0
2016-08-26 08:45:00,9.329953173353427,0.8080494895644268,0.03419806705967834,1.7836977899032005,0
2016-08-26 08:50:00,9.328844925686841,0.8249031565913043,0.036275524039800985,2.2743239360345333,0
2016-08-26 08:55:00,9.33784133083723,0.8119854526134553,0.03356787782004207,2.2743239360345333,0
2016-08-26 09:00:00,9.991445327620848,0.8563315447116833,0.04545992112834023,2.401400331601749,0
2016-08-26 09:05:00,10.788885778826252,0.9292801139823085,0.06366750173294176,2.401400331601749,0
2016-08-26 09:10:00,11.248580261281106,0.9439348135590969,0.06892749979573476,1.450850599484829,0
2016-08-26 09:15:00,11.12202215583601,0.9487978102977326,0.07181443494699377,1.397306117657325,0
2016-08-26 09:20:00,10.9003059162941,0.9486072098721577,0.07144983146486589,2.415247384871116,0
2016-08-26 09:25:00,11.524860834893024,0.9387052584861357,0.06685897380077584,3.2717595071892447,0
2016-08-26 09:30:00,11.644676503719202,0.9396698158104038,0.06726802103695115,3.2717595071892447,0
2016-08-26 09:35:00,11.389075556751214,0.9420194275827425,0.06840036361121583,2.6437827523372275,0
2016-08-26 09:40:00,11.793628267913425,0.9344759166542341,0.06586839336709382,4.116499042733753,0
2016-08-26 09:45:00,11.886890985955853,0.9393024476136097,0.06711298271814288,4.116499042733753,0
2016-08-26 09:50:00,11.768810996304552,0.9443224429773431,0.06940628024195457,2.879746792148195,0
2016-08-26 09:55:00,12.251801759091352,0.9283482751496909,0.06377895570245459,1.8638728349845446,0
2016-08-26 10:00:00,12.498455945982334,0.9145448851164804,0.05820449360588721,2.749229772324341,0
2016-08-26 10:05:00,12.827040718758102,0.922860896979247,0.06006378913442597,2.749229772324341,0
2016-08-26 10:10:00,12.8337093438626,0.9269021463786125,0.060578644693743175,2.4451200201524137,0
2016-08-26 10:15:00,12.290328525282465,0.9234246186281238,0.059567124083877085,4.309441774235681,0
2016-08-26 10:20:00,12.286096425474812,0.9200215619358879,0.0588457474562417,4.309441774235681,0
2016-08-26 10:25:00,12.514732272981805,0.9167080931239442,0.05819763062884927,4.844704302836232,0
2016-08-26 10:30:00,12.475086283176989,0.9168961973604963,0.058013549042578175,4.844704302836232,0
2016-08-26 10:35:00,12.36033050853535,0.9160677043448557,0.05778364583882021,1.6356748239701615,0
2016-08-26 10:40:00,12.349313909251311,0.9251402786168722,0.06105847312435886,2.9834948743055736,0
2016-08-26 10:45:00,12.218128820576357,0.9330940419145427,0.06375021962986198,2.9834948743055736,0
2016-08-26 10:50:00,12.182058319335361,0.9253035597508095,0.06124418284293741,2.4985908861020687,0
2016-08-26 10:55:00,12.198660359968516,0.9154295490936616,0.05797829475066639,3.104401883476583,0
2016-08-26 11:00:00,12.307191268915478,0.908966701194786,0.055545433092826245,3.104401883476583,0
2016-08-26 11:05:00,12.385365723921698,0.9129764920410381,0.05655485289911997,5.40027121575903,0
2016-08-26 11:10:00,12.466013988528697,0.9145874047513125,0.05733970130288084,5.40027121575903,0
2016-08-26 11:15:00,12.360336818425921,0.9189249545364667,0.05812167012045762,1.809774649530905,0
2016-08-26 11:20:00,12.092908375040787,0.9262094894456725,0.059623577550425744,1.809774649530905,0
2016-08-26 11:25:00,12.133837083892582,0.926154890761901,0.06007347068589632,1.6324750413335414,0
2016-08-26 11:30:00,12.457573769430699,0.9220195447274346,0.05941703266379138,2.701381235272643,0
2016-08-26 11:35:00,12.674630489938489,0.9137898839904574,0.05695635913477305,2.701381235272643,0
2016-08-26 11:40:00,12.55579798934153,0.9117343462763321,0.05639014010852703,3.2380621630773816,0
2016-08-26 11:45:00,12.213874761230713,0.9198922228200292,0.05904603711843981,3.2380621630773816,0
2016-08-26 11:50:00,12.359560138205918,0.9210583847753073,0.05907810747131496,1.4626706810197185,0
2016-08-26 11:55:00,12.9616487350167,0.9104058686774129,0.05598980727981444,1.632453489323742,0
2016-08-26 12:00:00,12.24625496046053,0.8752496808188442,0.04826510426675893,2.6412434184665883,0
2016-08-26 12:05:00,10.877813071340087,0.8014631782174931,0.03450962499862854,2.6412434184665883,0
2016-08-26 12:10:00,10.28270165939036,0.7675560330185532,0.029175351492488226,1.7914353029944983,0
2016-08-26 12:15:00,10.120554429338785,0.7758694272740458,0.02957939786327123,1.7914353029944983,0
2016-08-26 12:20:00,10.282000715056277,0.7874850925758636,0.030950497558077744,0.8704028523048978,0
2016-08-26 12:25:00,10.500108831489541,0.7938681880920673,0.031407675531050505,1.3668165093092193,0
2016-08-26 12:30:00,11.144107844899121,0.7919416674401641,0.030133927514340693,6.87206881916973,0
2016-08-26 12:35:00,11.535266532642257,0.7930704338816555,0.031315460754502075,6.87206881916973,0
2016-08-26 12:40:00,11.31674497423799,0.7839955660763668,0.03022507622212048,1.8893956348894403,0
2016-08-26 12:45:00,11.074823598660661,0.7907054780413961,0.03191717507287763,1.030493485019454,0
2016-08-26 12:50:00,11.123081222965759,0.8080971116455473,0.035198110808835156,1.651701902998017,0
2016-08-26 12:55:00,10.90976119939533,0.7986678145280481,0.03214807191102467,1.8674052713733669,0
2016-08-26 13:00:00,10.710074413229522,0.7723323174371732,0.02866078631507745,1.8674052713733669,0
2016-08-26 13:05:00,10.733270508713588,0.7596261847175064,0.027995309474042645,1.0595215432537384,0
2016-08-26 13:10:00,10.770809473102187,0.769989346914345,0.02846275654361351,2.3844802982680844,0
2016-08-26 13:15:00,10.766013756495278,0.7738649639818058,0.0285859558882468,2.3844802982680844,0
2016-08-26 13:20:00,10.61970620607156,0.7703258362133718,0.028030986986162437,1.438347665950662,0
2016-08-26 13:25:00,11.335868382138372,0.7854798364326842,0.030431449942547657,3.525852250593703,0
2016-08-26 13:30:00,11.00550738954563,0.7954480452739774,0.03203391274935866,3.525852250593703,0
2016-08-26 13:35:00,10.875393127747962,0.8144013862736075,0.03469246544860182,2.323732875747663,0
2016-08-26 13:40:00,11.159354387260471,0.8261792200318987,0.036454412358926276,2.396322427131647,0
2016-08-26 13:45:00,10.508766047907041,0.7976692146999604,0.03192515419790287,2.470910352330816,0
2016-08-26 13:50:00,10.202918877409916,0.7916328494896758,0.030385941493694096,2.5277195670341426,0
2016-08-26 13:55:00,9.880078019616919,0.8058606496778715,0.03192702970607806,2.5277195670341426,0
2016-08-26 14:00:00,10.309570732285717,0.8218448372350159,0.04036171537460926,11.351985724891852,0
2016-08-26 14:05:00,10.553685032389062,0.8080171114078404,0.03885858502960006,11.351985724891852,0
2016-08-26 14:10:00,10.174964419682478,0.7909941373981594,0.030010875425633087,1.4001032767211792,0
2016-08-26 14:15:00,10.048332071172066,0.8059015626730948,0.031476898885874155,1.0952180039970953,0
2016-08-26 14:20:00,10.371201076582176,0.823853923526397,0.0354043664572878,1.8974863456071578,0
2016-08-26 14:25:00,10.499712850407944,0.8242317669664755,0.035041142325994284,1.8974863456071578,0
2016-08-26 14:30:00,10.31606308335169,0.8208956707020759,0.033985613052326884,3.559533557092625,0
2016-08-26 14:35:00,10.17755597527653,0.8273130796103878,0.03483710617374149,3.559533557092625,0
2016-08-26 14:40:00,9.917179915926793,0.831037923955431,0.03526993848805649,2.579132796607849,0
2016-08-26 14:45:00,9.72277243860021,0.8307394014896217,0.03638088835458186,1.5369189939569805,0
2016-08-26 14:50:00,9.485898059447265,0.8235035165254974,0.03467532289187048,2.0063662555047976,0
2016-08-26 14:55:00,9.78366411576802,0.8318675940253406,0.03566301146379701,2.7172533183791154,0
2016-08-26 15:00:00,10.234481456245904,0.8228745939415762,0.03446427915678676,2.7172533183791154,0
2016-08-26 15:05:00,10.67823619612761,0.8258015858264842,0.0359060052006412,6.182209672817788,0
2016-08-26 15:10:00,10.414495479517937,0.831526931054693,0.03699700568151117,6.182209672817788,0
2016-08-26 15:15:00,10.231674152646809,0.8225393731918051,0.03402459016885451,5.883334146523829,0
2016-08-26 15:20:00,10.419784605475176,0.8306230805555631,0.03546521734022298,2.6949765228967566,0
2016-08-26 15:25:00,10.443037507451724,0.8305079130512713,0.0364475466875175,4.045148463498802,0
2016-08-26 15:30:00,10.33208853792624,0.8267133002254351,0.03693973162196842,4.045148463498802,0
2016-08-26 15:35:00,10.107034396963423,0.8225448323690311,0.03646373582611453,1.5162306765408458,0
2016-08-26 15:40:00,10.03219001674532,0.8224495620497008,0.037137668810503635,2.1345664023349196,0
2016-08-26 15:45:00,9.620977314575919,0.8271144360904813,0.0386411049330264,2.1345664023349196,0
2016-08-26 15:50:00,9.621970500891248,0.8194278528149772,0.036311355378334964,1.2268053837255426,0
2016-08-26 15:55:00,9.9931402459308,0.8170707317758689,0.03690781385929536,4.325224487501446,0
2016-08-26 16:00:00,10.477712403178675,0.8236496042961535,0.03861056139897607,4.325224487501446,0
2016-08-26 16:05:00,10.498405897343314,0.8091877586342223,0.03489683448343066,3.188885926956885,0
2016-08-26 16:10:00,10.140248509912343,0.8045816915778874,0.03328086470383947,2.6407924878678255,0
2016-08-26 16:15:00,9.84336534074082,0.8066400150192402,0.034113113704141204,2.2685534858624865,0
2016-08-26 16:20:00,9.841232477108097,0.8120706519115694,0.03482534651532452,1.2137719417645254,0
2016-08-26 16:25:00,9.750040554921817,0.8256545534873585,0.03646913442276638,1.4536010009191085,0
2016-08-26 16:30:00,9.62060382070416,0.8246743956024807,0.036833470567465984,4.050115711877396,0
2016-08-26 16:35:00,9.924502356820025,0.8357621915825505,0.03934755385344748,4.050115711877396,0
2016-08-26 16:40:00,10.369927322294254,0.8559302387173231,0.04515080785878941,4.74882338709738,0
2016-08-26 16:45:00,10.302045028079082,0.8494654959079725,0.042932529908942946,4.74882338709738,0
2016-08-26 16:50:00,9.903329258329084,0.8216710856737313,0.03572741467929154,2.586439440148379,0
2016-08-26 16:55:00,10.041281284138606,0.8252717252565901,0.036133740930801087,3.533042737305651,0
2016-08-26 17:00:00,10.094035747186505,0.8409198173524404,0.03897548246848287,3.533042737305651,0
2016-08-26 17:05:00,10.239200830898362,0.8339675212376586,0.03678430251213443,3.039025442609382,0
2016-08-26 17:10:00,10.45463123647904,0.8247203671838874,0.03475467389134374,4.387752492054423,0
2016-08-26 17:15:00,10.308724195237126,0.8314136088852564,0.037485077386247435,4.387752492054423,0
2016-08-26 17:20:00,9.801901854325429,0.8347155933688875,0.03881992506523733,3.5223132253181246,0
2016-08-26 17:25:00,10.206195308782071,0.8450188317640288,0.04133732399436072,3.5223132253181246,0
2016-08-26 17:30:00,10.194191753373387,0.8380903200625638,0.039276213912173244,2.970056744581845,0
2016-08-26 17:35:00,9.733302888610151,0.835297428144712,0.038128967798925106,4.589985668285782,0
2016-08-26 17:40:00,10.01570498839806,0.8476545265146516,0.04003584914310977,4.589985668285782,0
2016-08-26 17:45:00,10.403778652968848,0.8503371466631933,0.04197854544538724,7.588226084475753,0
2016-08-26 17:50:00,10.331236227722465,0.834575509282263,0.03965868326781162,7.588226084475753,0
2016-08-26 17:55:00,10.090494085066847,0.8349939113119045,0.0388772840516726,2.6516288957086918,0
2016-08-26 18:00:00,10.402017489405612,0.8491835478740387,0.042310947972868856,2.6516288957086918,0
2016-08-26 18:05:00,9.968607644245397,0.8142936998412219,0.03571022152131507,1.8362788483680945,0
2016-08-26 18:10:00,9.549167467631072,0.8185524328707591,0.0359915941467005,1.8362788483680945,0
2016-08-26 18:15:00,9.78223054950576,0.8335641728575314,0.039314146077997394,1.6791187787460828,0
2016-08-26 18:20:00,10.646730807783992,0.8186542285011033,0.0362402392509427,1.6791187787460828,0
2016-08-26 18:25:00,10.745765397319138,0.8098935843483711,0.03529672503527637,3.105725700088626,0
2016-08-26 18:30:00,10.212801418353546,0.8047043914966285,0.03455273550626577,3.105725700088626,0
2016-08-26 18:35:00,10.066851753544316,0.7952092813377885,0.03189609858921884,2.4832070002223454,0
2016-08-26 18:40:00,10.049275464774965,0.7927475597083652,0.03139661374070996,2.1874613242486256,0
2016-08-26 18:45:00,9.85430304151,0.7970029825667877,0.03285511630467527,2.1874613242486256,0
2016-08-26 18:50:00,9.979197009706093,0.8095080243269714,0.035273442177383804,3.4599426998662453,0
2016-08-26 18:55:00,10.326424374685537,0.811608919362777,0.03528401567371481,3.4599426998662453,0
2016-08-26 19:00:00,9.887844627392555,0.7958245990119199,0.034047746571243306,1.8331518566491516,0
2016-08-26 19:05:00,10.008502348731124,0.8001614829466797,0.03397537209892788,2.271489870483185,0
2016-08-26 19:10:00,10.234224249650556,0.7994573661263664,0.03349905984461525,2.271489870483185,0
2016-08-26 19:15:00,10.38308653208431,0.7922990514809918,0.032482734770326545,1.4731750035951634,0
2016-08-26 19:20:00,11.048224595492917,0.7986575966635774,0.031209313416447216,2.088611406075465,0
2016-08-26 19:25:00,11.569300246118148,0.8060192662500901,0.03127472322350734,2.4142913267644786,0
2016-08-26 19:30:00,11.6562971367886,0.8135458822389663,0.03311579148638823,2.4142913267644786,0
2016-08-26 19:35:00,11.046550480609726,0.8329757246539152,0.03818033758451694,4.207736740019752,0
2016-08-26 19:40:00,10.55003922244218,0.8285688808329053,0.03775643675068687,4.207736740019752,0
2016-08-26 19:45:00,10.527582374149057,0.8055058055636628,0.03207182927948157,2.3822870133218608,0
2016-08-26 19:50:00,10.462513827292558,0.8045844980321752,0.03216887808550563,1.4774510786121038,0
2016-08-26 19:55:00,10.365645479179415,0.8020840012384138,0.03216455323048238,1.4568900028874665,0
2016-08-26 20:00:00,10.20860723355217,0.8050492628943522,0.03183856347477003,4.096230039068083,0
2016-08-26 20:05:00,9.629694912363544,0.8103888920765375,0.03314708285812388,4.096230039068083,0
2016-08-26 20:10:00,9.18089228499252,0.8136184115323093,0.03339935249396482,2.002545781555683,0
2016-08-26 20:15:00,9.052116819231511,0.8180820367575297,0.03379096413578996,1.9912842744332842,0
2016-08-26 20:20:00,9.147383374441377,0.8291471700540861,0.03605015955452645,3.0704621135074444,0
2016-08-26 20:25:00,9.608164773191213,0.8335460142657287,0.035647707896114815,3.111710319084701,0
2016-08-26 20:30:00,9.666697454726206,0.8214333103475688,0.03324700815012793,3.111710319084701,0
2016-08-26 20:35:00,9.227119995167946,0.8121463766909914,0.03307583537091814,1.9809798427089749,0
2016-08-26 20:40:00,9.265915518684759,0.8137935206867649,0.03303595491314294,1.9809798427089749,0
2016-08-26 20:45:00,9.39291030687085,0.8161161164227659,0.03334473722753008,1.7725539310386016,0
2016-08-26 20:50:00,9.597390756356752,0.8085899849172274,0.03188794291528159,1.6362040097638222,0
2016-08-26 20:55:00,10.225709150785104,0.8277345529369287,0.03532340069501136,3.2477062545807645,0
2016-08-26 21:00:00,10.383158973590458,0.8507138896407866,0.03964886573998707,4.554901451340456,0
2016-08-26 21:05:00,9.921773793222375,0.8234974307911596,0.035207689617992734,4.554901451340456,0
2016-08-26 21:10:00,9.466114011067045,0.80126620739572,0.03202202668927905,0.735195583756613,0
2016-08-26 21:15:00,9.748704348210651,0.8140525438047548,0.03431124676744703,1.4460546492780755,0
2016-08-26 21:20:00,10.097867122161194,0.8021582644964493,0.03340674992251415,4.192398997985127,0
2016-08-26 21:25:00,11.177838956764196,0.7946790538164425,0.0416826641203443,20.85834617548925,0
2016-08-26 21:30:00,10.960742840463752,0.7988577376232646,0.041636160088857184,20.85834617548925,0
2016-08-26 21:35:00,10.200839402233488,0.8160725114942368,0.03602819850661976,2.2416568017513376,0
2016-08-26 21:40:00,10.361085034534227,0.8065872640147012,0.03520925045301704,2.2993553629805854,0
2016-08-26 21:45:00,10.192681177282344,0.7927321861928247,0.031637775948321935,2.3038584683016787,0
2016-08-26 21:50:00,10.148080959864629,0.7959946206474389,0.031397812782938475,2.3038584683016787,0
2016-08-26 21:55:00,9.882636607502917,0.7883675495011644,0.029813537237116838,1.796224814576788,0
2016-08-26 22:00:00,9.536305048670602,0.7990039790854122,0.031369544580615805,1.8464678884175594,0
2016-08-26 22:05:00,9.333069267461392,0.8056409741796007,0.03284996502677566,1.8464678884175594,0
2016-08-26 22:10:00,9.532827018959871,0.8040465663656912,0.03267782368373715,2.2604741570273146,0
2016-08-26 22:15:00,9.976810243637221,0.7927810775985508,0.031580916899180494,3.741617395876034,0
2016-08-26 22:20:00,10.296295756034269,0.7865932419638809,0.0312030055040108,3.741617395876034,0
2016-08-26 22:25:00,10.80800437549606,0.8147938840967643,0.037596294452442634,6.498762810899897,0
2016-08-26 22:30:00,11.906333554783588,0.875616722506555,0.0496205311070743,6.498762810899897,0
2016-08-26 22:35:00,11.877477282899237,0.8687477457461745,0.046931924492223574,2.9291078993138973,0
2016-08-26 22:40:00,11.131557122397007,0.8118667017741362,0.0342431274613352,3.921633856164579,0
2016-08-26 22:45:00,10.488802027368216,0.7870299221288382,0.030280506341704472,3.921633856164579,0
2016-08-26 22:50:00,10.339694020903405,0.7642908243430501,0.028635916208785438,2.0314630122827606,0
2016-08-26 22:55:00,10.299674138180006,0.757472326104718,0.026854920987227027,1.4529153188499508,0
2016-08-26 23:00:00,10.16609295067472,0.7925811433445804,0.0330077110026257,3.167330852559669,0
2016-08-26 23:05:00,10.444759106556697,0.8137901085229872,0.03550763462442038,3.167330852559669,0
2016-08-26 23:10:00,10.750584960893693,0.8169819379912898,0.03612298092624918,2.4828725647249623,0
2016-08-26 23:15:00,10.25342806540647,0.8029171292681805,0.034758555916109365,2.85873954204477,0
2016-08-26 23:20:00,9.621024127901093,0.7839487483660281,0.02992756783876275,2.85873954204477,0
2016-08-26 23:25:00,10.09076052277167,0.7825971909679874,0.029358599752605928,1.680298748256365,0
2016-08-26 23:30:00,10.878844634318275,0.7930385383564512,0.03125016821853704,7.140754315771764,0
2016-08-26 23:35:00,11.493195366177446,0.8168684539086265,0.040061286833787194,10.266370700879362,0
2016-08-26 23:40:00,11.795380560138229,0.8169399046060298,0.04039462440994476,10.266370700879362,0
2016-08-26 23:45:00,11.620585442056834,0.8112427941888041,0.034618475362849996,2.9333186860391676,0
2016-08-26 23:50:00,11.162512602840732,0.8405946370792304,0.03865252579267848,3.7697366121780753,0
2016-08-26 23:55:00,10.569349556762756,0.8444877236181438,0.03909599840557363,3.7697366121780753,0
